customer_id,customer_name,customer_segment,country,region
C00001,Karen Suzuki,Corporate,United States,North America
C00002,John Johansson,Corporate,Spain,Europe
C00003,Jessica Garcia,Consumer,Mexico,North America
C00004,Clara Taylor,Corporate,Italy,Europe
C00005,Felix Thomas,Consumer,Italy,Europe
C00006,Fatima Suzuki,Consumer,Mexico,North America
C00007,Felix Rodriguez,Home Office,United States,North America
C00008,Ayumi Ferrari,Home Office,Nigeria,Middle East & Africa
C00009,Thomas Smith,Consumer,China,Asia Pacific
C00010,Ali Rodriguez,Consumer,Saudi Arabia,Middle East & Africa
C00011,Raj Martinez,Corporate,Colombia,South America
C00012,Kenji Rossi,Corporate,Spain,Europe
C00013,Mary Khan,Corporate,United Kingdom,Europe
C00014,Maria Tanaka,Consumer,Colombia,South America
C00015,Zara Brown,Corporate,Italy,Europe
C00016,Marco Moreau,Corporate,Japan,Asia Pacific
C00017,Christopher Johansson,Consumer,Nigeria,Middle East & Africa
C00018,Susan Davis,Home Office,Australia,Asia Pacific
C00019,Jamal Schmidt,Consumer,Mexico,North America
C00020,Sarah Davis,Home Office,Italy,Europe
C00021,Clara Smith,Corporate,Colombia,South America
C00022,Robert Khan,Consumer,Colombia,South America
C00023,Jennifer Russo,Home Office,United States,North America
C00024,Yuki Costa,Corporate,UAE,Middle East & Africa
C00025,Amir Oliveira,Consumer,Mexico,North America
C00026,Ivan Zhang,Consumer,UAE,Middle East & Africa
C00027,Sakura Martinez,Home Office,Australia,Asia Pacific
C00028,Mary Davis,Consumer,Argentina,South America
C00029,Karen Rossi,Home Office,Japan,Asia Pacific
C00030,Chen Singh,Consumer,China,Asia Pacific
C00031,Wei Müller,Consumer,Canada,North America
C00032,Raj Costa,Consumer,United Kingdom,Europe
C00033,Hanna Sato,Consumer,Germany,Europe
C00034,Sarah Zhang,Home Office,South Africa,Middle East & Africa
C00035,Linda Russo,Corporate,Italy,Europe
C00036,Chen Laurent,Consumer,United States,North America
C00037,David Anderson,Consumer,Saudi Arabia,Middle East & Africa
C00038,Ayumi Tanaka,Corporate,South Korea,Asia Pacific
C00039,Susan Johansson,Consumer,Mexico,North America
C00040,Mary Ferrari,Consumer,United Kingdom,Europe
C00041,Michael Harris,Home Office,Argentina,South America
C00042,Priya Martin,Consumer,Canada,North America
C00043,Kenji Nilsson,Home Office,Japan,Asia Pacific
C00044,Amir Hassan,Consumer,United States,North America
C00045,Ahmed Garcia,Home Office,India,Asia Pacific
C00046,Li Wang,Corporate,Brazil,South America
C00047,Ava Martinez,Corporate,Nigeria,Middle East & Africa
C00048,Ahmed Clark,Consumer,Canada,North America
C00049,William Sharma,Corporate,Italy,Europe
C00050,Felix Smith,Corporate,Colombia,South America
C00051,Yuki Kumar,Corporate,Canada,North America
C00052,Jamal Rossi,Corporate,South Korea,Asia Pacific
C00053,Maria Sharma,Home Office,Japan,Asia Pacific
C00054,Karen Martinez,Home Office,Colombia,South America
C00055,Sakura Thomas,Corporate,Argentina,South America
C00056,Hans Chen,Consumer,Germany,Europe
C00057,Lucas Sharma,Consumer,Brazil,South America
C00058,Giulia Leroy,Consumer,China,Asia Pacific
C00059,Felix Yamamoto,Consumer,Japan,Asia Pacific
C00060,Layla Khan,Home Office,Canada,North America
C00061,Ava Jones,Consumer,Australia,Asia Pacific
C00062,Sakura Martin,Corporate,Japan,Asia Pacific
C00063,Maria Laurent,Home Office,South Korea,Asia Pacific
C00064,Zara Suzuki,Consumer,Canada,North America
C00065,Zara Costa,Consumer,United Kingdom,Europe
C00066,Olga Kim,Consumer,Argentina,South America
C00067,Hans Kim,Corporate,Japan,Asia Pacific
C00068,Isabella White,Consumer,Germany,Europe
C00069,Emma Oliveira,Consumer,Italy,Europe
C00070,Michael Zhang,Consumer,Canada,North America
C00071,Hanna Ahmed,Consumer,Saudi Arabia,Middle East & Africa
C00072,Patricia Müller,Consumer,Australia,Asia Pacific
C00073,Kenji Zhang,Corporate,United States,North America
C00074,Ayumi Martinez,Home Office,Canada,North America
C00075,Ayumi Nilsson,Home Office,Nigeria,Middle East & Africa
C00076,Mia Ali,Corporate,United States,North America
C00077,Lucas Schmidt,Home Office,Australia,Asia Pacific
C00078,Barbara Davis,Consumer,United Kingdom,Europe
C00079,Jessica Wang,Corporate,South Korea,Asia Pacific
C00080,Jamal Zhang,Consumer,Nigeria,Middle East & Africa
C00081,Felix Johansson,Consumer,Canada,North America
C00082,Priya Wang,Consumer,France,Europe
C00083,Sophie Park,Consumer,Mexico,North America
C00084,Ayumi Khan,Consumer,United States,North America
C00085,Michael Davis,Consumer,China,Asia Pacific
C00086,Felix Thompson,Consumer,Canada,North America
C00087,Hans Johnson,Consumer,Australia,Asia Pacific
C00088,Jennifer Moreau,Corporate,Canada,North America
C00089,Mia Müller,Home Office,United Kingdom,Europe
C00090,Priya Martinez,Corporate,United States,North America
C00091,Fatima Suzuki,Home Office,Brazil,South America
C00092,Zara White,Consumer,France,Europe
C00093,Felix Moreau,Consumer,Spain,Europe
C00094,Ethan Hassan,Corporate,China,Asia Pacific
C00095,Ingrid Schmidt,Consumer,Italy,Europe
C00096,Mia Harris,Consumer,United States,North America
C00097,Sophie Harris,Consumer,Argentina,South America
C00098,Michael Hassan,Corporate,India,Asia Pacific
C00099,Oscar Jones,Consumer,Canada,North America
C00100,Giulia Ali,Consumer,South Korea,Asia Pacific
C00101,Fatima Rossi,Consumer,Australia,Asia Pacific
C00102,Yuki Patel,Corporate,Japan,Asia Pacific
C00103,Mia Clark,Consumer,Italy,Europe
C00104,Mary Smith,Home Office,United States,North America
C00105,Ayumi Suzuki,Corporate,Australia,Asia Pacific
C00106,Elizabeth Moreau,Home Office,Australia,Asia Pacific
C00107,Jamal Martinez,Consumer,Canada,North America
C00108,Barbara Ali,Corporate,Australia,Asia Pacific
C00109,Lucas Anderson,Consumer,United Kingdom,Europe
C00110,Omar Garcia,Consumer,China,Asia Pacific
C00111,Clara Miller,Consumer,United States,North America
C00112,David Harris,Corporate,Italy,Europe
C00113,James Chen,Home Office,Spain,Europe
C00114,Ahmed Harris,Consumer,Brazil,South America
C00115,Elizabeth Ahmed,Corporate,Brazil,South America
C00116,Fatima Kumar,Consumer,UAE,Middle East & Africa
C00117,Mia Martin,Corporate,Canada,North America
C00118,Robert Robinson,Home Office,Italy,Europe
C00119,Liam Jones,Consumer,Italy,Europe
C00120,Emma Johnson,Corporate,Italy,Europe
C00121,Mia Santos,Consumer,South Korea,Asia Pacific
C00122,Susan Kim,Consumer,South Africa,Middle East & Africa
C00123,Amir Khan,Corporate,Nigeria,Middle East & Africa
C00124,Barbara Leroy,Home Office,Mexico,North America
C00125,Thomas Patel,Consumer,Brazil,South America
C00126,Isabella Martin,Consumer,China,Asia Pacific
C00127,Wei Chen,Consumer,Saudi Arabia,Middle East & Africa
C00128,Karen Jackson,Consumer,Japan,Asia Pacific
C00129,Felix Santos,Home Office,United Kingdom,Europe
C00130,Mia Weber,Consumer,United States,North America
C00131,Jessica Anderson,Consumer,UAE,Middle East & Africa
C00132,Fatima Li,Consumer,United States,North America
C00133,Pierre Yamamoto,Consumer,Saudi Arabia,Middle East & Africa
C00134,Hanna Jones,Corporate,China,Asia Pacific
C00135,Felix Park,Consumer,Colombia,South America
C00136,Mia Ferrari,Consumer,India,Asia Pacific
C00137,Omar Leroy,Corporate,Canada,North America
C00138,Carlos Smith,Home Office,United States,North America
C00139,Barbara Russo,Corporate,Spain,Europe
C00140,Fatima Singh,Corporate,Argentina,South America
C00141,Olga Russo,Consumer,Australia,Asia Pacific
C00142,Emma Pereira,Consumer,Canada,North America
C00143,Thomas Chen,Consumer,Spain,Europe
C00144,Carlos Anderson,Home Office,Saudi Arabia,Middle East & Africa
C00145,Ayumi Johnson,Consumer,Mexico,North America
C00146,Hans Santos,Consumer,Canada,North America
C00147,Thomas Oliveira,Corporate,United States,North America
C00148,Oscar Taylor,Home Office,China,Asia Pacific
C00149,Emma Brown,Consumer,Spain,Europe
C00150,Susan White,Corporate,Japan,Asia Pacific
C00151,Nadia Weber,Consumer,Italy,Europe
C00152,James Anderson,Corporate,United States,North America
C00153,Olga Zhang,Corporate,South Africa,Middle East & Africa
C00154,Nadia Santos,Consumer,Argentina,South America
C00155,Lucas Kim,Consumer,Saudi Arabia,Middle East & Africa
C00156,Hans Laurent,Consumer,South Africa,Middle East & Africa
C00157,William Nilsson,Corporate,Spain,Europe
C00158,James Sharma,Corporate,Mexico,North America
C00159,Ava Ferrari,Home Office,Colombia,South America
C00160,Priya Zhang,Corporate,Mexico,North America
C00161,Richard Harris,Corporate,France,Europe
C00162,Richard Ali,Consumer,Mexico,North America
C00163,Richard Müller,Consumer,United States,North America
C00164,Diego Johansson,Consumer,Japan,Asia Pacific
C00165,Jamal Ferrari,Consumer,India,Asia Pacific
C00166,Li Pereira,Corporate,India,Asia Pacific
C00167,Olga Leroy,Home Office,Germany,Europe
C00168,Michael Yamamoto,Corporate,Colombia,South America
C00169,Michael Ferrari,Home Office,Japan,Asia Pacific
C00170,Priya Park,Consumer,Canada,North America
C00171,Olga Hassan,Corporate,South Korea,Asia Pacific
C00172,Maria Schmidt,Consumer,South Korea,Asia Pacific
C00173,Maria Martinez,Consumer,Mexico,North America
C00174,Hans Fischer,Corporate,Canada,North America
C00175,Lucas Chen,Consumer,Australia,Asia Pacific
C00176,Priya Jones,Consumer,Saudi Arabia,Middle East & Africa
C00177,Sophie Thomas,Consumer,Nigeria,Middle East & Africa
C00178,Jessica Sato,Consumer,Australia,Asia Pacific
C00179,Giulia Brown,Corporate,South Korea,Asia Pacific
C00180,Li Taylor,Consumer,Mexico,North America
C00181,Ahmed Miller,Consumer,France,Europe
C00182,Barbara Thomas,Corporate,UAE,Middle East & Africa
C00183,Clara Oliveira,Consumer,Canada,North America
C00184,Carlos Wang,Corporate,United States,North America
C00185,Li White,Corporate,Japan,Asia Pacific
C00186,Felix Miller,Consumer,South Korea,Asia Pacific
C00187,Sakura Dubois,Consumer,Germany,Europe
C00188,Barbara Suzuki,Consumer,Canada,North America
C00189,Zara Patel,Corporate,South Africa,Middle East & Africa
C00190,Wei Johansson,Corporate,India,Asia Pacific
C00191,Sarah Robinson,Home Office,Germany,Europe
C00192,Omar Williams,Corporate,Japan,Asia Pacific
C00193,Karen Moreau,Consumer,China,Asia Pacific
C00194,Christopher Park,Consumer,Germany,Europe
C00195,Kenji Jones,Consumer,India,Asia Pacific
C00196,Marco Taylor,Consumer,Mexico,North America
C00197,Li Yamamoto,Consumer,China,Asia Pacific
C00198,Ava Fischer,Corporate,Australia,Asia Pacific
C00199,Mia Smith,Consumer,Canada,North America
C00200,Ivan Anderson,Corporate,China,Asia Pacific
C00201,Raj Thomas,Consumer,Mexico,North America
C00202,Jamal Schmidt,Home Office,South Korea,Asia Pacific
C00203,Priya Chen,Home Office,Mexico,North America
C00204,Kenji Romano,Consumer,China,Asia Pacific
C00205,Pierre Fischer,Consumer,Japan,Asia Pacific
C00206,Ali Miller,Consumer,Mexico,North America
C00207,John Robinson,Consumer,Canada,North America
C00208,Wei Sato,Corporate,Australia,Asia Pacific
C00209,Amir Garcia,Corporate,France,Europe
C00210,Layla Santos,Corporate,Germany,Europe
C00211,Christopher Taylor,Consumer,Canada,North America
C00212,Chen Thompson,Consumer,Argentina,South America
C00213,Barbara Sharma,Corporate,France,Europe
C00214,Diego Jackson,Corporate,South Korea,Asia Pacific
C00215,Ayumi Ahmed,Consumer,South Korea,Asia Pacific
C00216,Fatima Laurent,Home Office,Argentina,South America
C00217,Olivia Kumar,Corporate,India,Asia Pacific
C00218,Raj Rossi,Consumer,Mexico,North America
C00219,Patricia Dubois,Corporate,Mexico,North America
C00220,Robert Jackson,Corporate,France,Europe
C00221,Jennifer Costa,Consumer,Mexico,North America
C00222,Ivan Li,Home Office,Brazil,South America
C00223,Nadia Brown,Home Office,South Korea,Asia Pacific
C00224,Emma Johansson,Corporate,Canada,North America
C00225,Diego Schmidt,Corporate,South Africa,Middle East & Africa
C00226,Clara Jackson,Consumer,Australia,Asia Pacific
C00227,Jamal Clark,Consumer,South Korea,Asia Pacific
C00228,Pierre Fischer,Corporate,Saudi Arabia,Middle East & Africa
C00229,Lucas Khan,Consumer,United States,North America
C00230,Chen Romano,Home Office,France,Europe
C00231,Sophie Yamamoto,Consumer,United States,North America
C00232,Hans Johnson,Home Office,India,Asia Pacific
C00233,Patricia Müller,Consumer,Mexico,North America
C00234,Ahmed Taylor,Home Office,China,Asia Pacific
C00235,Zara Rodriguez,Consumer,Mexico,North America
C00236,Clara Santos,Corporate,Mexico,North America
C00237,Hanna Davis,Consumer,United Kingdom,Europe
C00238,Barbara Rossi,Home Office,China,Asia Pacific
C00239,Oscar Santos,Corporate,Canada,North America
C00240,Patricia Chen,Home Office,United Kingdom,Europe
C00241,Ahmed Dubois,Consumer,Spain,Europe
C00242,Kenji Robinson,Consumer,Mexico,North America
C00243,Robert Sharma,Consumer,Australia,Asia Pacific
C00244,Chen Smith,Corporate,Germany,Europe
C00245,Kenji Leroy,Corporate,Japan,Asia Pacific
C00246,Richard Li,Consumer,Spain,Europe
C00247,Karen Anderson,Consumer,Italy,Europe
C00248,Zara Kim,Corporate,Mexico,North America
C00249,Jennifer Nilsson,Consumer,Japan,Asia Pacific
C00250,Christopher Harris,Consumer,Australia,Asia Pacific
C00251,Marco Martin,Consumer,Australia,Asia Pacific
C00252,Emma Zhang,Corporate,Saudi Arabia,Middle East & Africa
C00253,David Smith,Corporate,France,Europe
C00254,Wei Romano,Consumer,Nigeria,Middle East & Africa
C00255,Zara Rodriguez,Corporate,United Kingdom,Europe
C00256,Zara Ferrari,Consumer,United States,North America
C00257,Omar Garcia,Corporate,China,Asia Pacific
C00258,Hans Yamamoto,Consumer,South Korea,Asia Pacific
C00259,Nadia Costa,Consumer,United States,North America
C00260,Mia Sharma,Consumer,United States,North America
C00261,William Hassan,Corporate,Saudi Arabia,Middle East & Africa
C00262,Ali Johansson,Home Office,Saudi Arabia,Middle East & Africa
C00263,Amir Chen,Consumer,Canada,North America
C00264,Ethan Park,Home Office,Canada,North America
C00265,Christopher Robinson,Consumer,Australia,Asia Pacific
C00266,Noah Khan,Home Office,United States,North America
C00267,Linda Smith,Consumer,United Kingdom,Europe
C00268,Isabella Jackson,Consumer,Italy,Europe
C00269,Sarah Kim,Corporate,United Kingdom,Europe
C00270,James Suzuki,Corporate,United States,North America
C00271,Wei Harris,Consumer,Japan,Asia Pacific
C00272,Thomas Li,Consumer,Mexico,North America
C00273,Michael Khan,Corporate,Mexico,North America
C00274,Isabella Ahmed,Consumer,India,Asia Pacific
C00275,Felix Hassan,Home Office,Italy,Europe
C00276,Amir Thompson,Corporate,South Africa,Middle East & Africa
C00277,Chen Miller,Consumer,Italy,Europe
C00278,Priya Jackson,Consumer,Italy,Europe
C00279,Karen Wang,Corporate,Saudi Arabia,Middle East & Africa
C00280,Carlos Dubois,Consumer,Brazil,South America
C00281,Raj Chen,Home Office,Japan,Asia Pacific
C00282,Xiao Taylor,Corporate,UAE,Middle East & Africa
C00283,Fatima Jackson,Home Office,Germany,Europe
C00284,William Clark,Corporate,Mexico,North America
C00285,Ahmed Garcia,Corporate,UAE,Middle East & Africa
C00286,Ayumi Robinson,Corporate,Australia,Asia Pacific
C00287,Mary Johansson,Consumer,India,Asia Pacific
C00288,Michael Martin,Consumer,Saudi Arabia,Middle East & Africa
C00289,Karen Sato,Corporate,Germany,Europe
C00290,Isabella Kumar,Corporate,Italy,Europe
C00291,Carlos Rodriguez,Consumer,UAE,Middle East & Africa
C00292,James Tanaka,Consumer,Saudi Arabia,Middle East & Africa
C00293,Priya Thomas,Consumer,Italy,Europe
C00294,Mia Harris,Corporate,Canada,North America
C00295,Olga Nilsson,Consumer,Canada,North America
C00296,Olga Patel,Consumer,Japan,Asia Pacific
C00297,Priya Schmidt,Corporate,Spain,Europe
C00298,Noah Jones,Home Office,Australia,Asia Pacific
C00299,Oscar Schmidt,Consumer,Australia,Asia Pacific
C00300,Marco Harris,Consumer,UAE,Middle East & Africa
C00301,Giulia Johnson,Corporate,Mexico,North America
C00302,Sophie Harris,Consumer,India,Asia Pacific
C00303,Lucas Chen,Corporate,Saudi Arabia,Middle East & Africa
C00304,Robert Smith,Home Office,South Africa,Middle East & Africa
C00305,Ingrid Khan,Home Office,Mexico,North America
C00306,Lucas White,Home Office,Canada,North America
C00307,Nadia Jackson,Corporate,United States,North America
C00308,Chen Jones,Home Office,Japan,Asia Pacific
C00309,Susan Miller,Corporate,Mexico,North America
C00310,Priya Thomas,Home Office,Argentina,South America
C00311,Ahmed Thompson,Consumer,Italy,Europe
C00312,Diego Kim,Home Office,Spain,Europe
C00313,Priya Martinez,Consumer,Japan,Asia Pacific
C00314,Giulia Dubois,Consumer,Brazil,South America
C00315,Carlos Schmidt,Corporate,United Kingdom,Europe
C00316,Oscar Johnson,Consumer,United States,North America
C00317,Jennifer Garcia,Consumer,Canada,North America
C00318,Noah Santos,Consumer,South Korea,Asia Pacific
C00319,Elizabeth Harris,Corporate,Mexico,North America
C00320,Ali Jones,Consumer,Mexico,North America
C00321,Jamal Harris,Corporate,Saudi Arabia,Middle East & Africa
C00322,Elizabeth Williams,Corporate,Italy,Europe
C00323,Lucas Suzuki,Corporate,Brazil,South America
C00324,Clara Nilsson,Consumer,Japan,Asia Pacific
C00325,Ali Harris,Consumer,Australia,Asia Pacific
C00326,Hans Singh,Home Office,Spain,Europe
C00327,Olga Schmidt,Consumer,South Korea,Asia Pacific
C00328,David Thompson,Consumer,Germany,Europe
C00329,Priya Ali,Home Office,United Kingdom,Europe
C00330,Jamal Jones,Consumer,Canada,North America
C00331,Thomas Thompson,Consumer,India,Asia Pacific
C00332,Fatima Costa,Corporate,India,Asia Pacific
C00333,Diego Davis,Corporate,Spain,Europe
C00334,Omar Müller,Consumer,China,Asia Pacific
C00335,Mary Weber,Corporate,Canada,North America
C00336,Amina Johansson,Corporate,Spain,Europe
C00337,Liam Clark,Consumer,Argentina,South America
C00338,Ethan Chen,Corporate,Canada,North America
C00339,Clara Williams,Consumer,Argentina,South America
C00340,Christopher Davis,Consumer,France,Europe
C00341,James Taylor,Consumer,China,Asia Pacific
C00342,Chen Johnson,Consumer,Nigeria,Middle East & Africa
C00343,Fatima Smith,Corporate,Colombia,South America
C00344,Lucas Jones,Consumer,Argentina,South America
C00345,Karen Thomas,Corporate,United States,North America
C00346,Priya Nilsson,Consumer,UAE,Middle East & Africa
C00347,Elizabeth Sato,Consumer,UAE,Middle East & Africa
C00348,Sakura Jones,Corporate,Saudi Arabia,Middle East & Africa
C00349,Xiao Smith,Consumer,Brazil,South America
C00350,Robert Park,Consumer,United States,North America
C00351,Joseph Johnson,Corporate,United States,North America
C00352,Liam Wang,Consumer,China,Asia Pacific
C00353,Olivia Sharma,Corporate,UAE,Middle East & Africa
C00354,William Martinez,Corporate,South Korea,Asia Pacific
C00355,Felix Costa,Home Office,Saudi Arabia,Middle East & Africa
C00356,Noah Smith,Corporate,France,Europe
C00357,Thomas Chen,Corporate,Brazil,South America
C00358,Olivia Moreau,Consumer,Canada,North America
C00359,Noah Oliveira,Consumer,United Kingdom,Europe
C00360,Noah Russo,Home Office,Japan,Asia Pacific
C00361,Amir Singh,Corporate,Mexico,North America
C00362,Mary Miller,Consumer,Argentina,South America
C00363,Olivia Rossi,Consumer,Saudi Arabia,Middle East & Africa
C00364,Wei Li,Corporate,Mexico,North America
C00365,Sakura Rodriguez,Corporate,China,Asia Pacific
C00366,Christopher Rossi,Corporate,Japan,Asia Pacific
C00367,Michael Rodriguez,Consumer,Brazil,South America
C00368,Hans Anderson,Consumer,Colombia,South America
C00369,Liam Johansson,Corporate,South Africa,Middle East & Africa
C00370,James Schmidt,Consumer,India,Asia Pacific
C00371,Wei Yamamoto,Corporate,Spain,Europe
C00372,Linda Brown,Consumer,Mexico,North America
C00373,Jamal Ahmed,Corporate,Mexico,North America
C00374,Ahmed Singh,Home Office,United Kingdom,Europe
C00375,Pierre Wang,Consumer,France,Europe
C00376,Ivan Davis,Corporate,Australia,Asia Pacific
C00377,Giulia Taylor,Corporate,Brazil,South America
C00378,Hanna Rossi,Consumer,Germany,Europe
C00379,William Kim,Consumer,Canada,North America
C00380,Giulia Pereira,Consumer,South Korea,Asia Pacific
C00381,Barbara Hassan,Consumer,Australia,Asia Pacific
C00382,Karen Zhang,Home Office,India,Asia Pacific
C00383,Clara Clark,Home Office,Mexico,North America
C00384,Oscar White,Corporate,United States,North America
C00385,John Brown,Consumer,Germany,Europe
C00386,Amina Ali,Consumer,United States,North America
C00387,Oscar Thomas,Home Office,Canada,North America
C00388,Karen Russo,Consumer,France,Europe
C00389,Susan Wang,Consumer,Argentina,South America
C00390,Fatima Patel,Home Office,Mexico,North America
C00391,Ethan Kim,Corporate,Colombia,South America
C00392,Jennifer Garcia,Consumer,Argentina,South America
C00393,Kenji Suzuki,Corporate,Canada,North America
C00394,Wei Santos,Corporate,Canada,North America
C00395,Liam Pereira,Home Office,Australia,Asia Pacific
C00396,Ava Clark,Corporate,Nigeria,Middle East & Africa
C00397,Mary Hassan,Home Office,United States,North America
C00398,Felix Smith,Consumer,United Kingdom,Europe
C00399,Barbara Jones,Consumer,Mexico,North America
C00400,Christopher Williams,Home Office,Australia,Asia Pacific
C00401,Priya Weber,Consumer,Saudi Arabia,Middle East & Africa
C00402,Patricia Jackson,Corporate,Italy,Europe
C00403,Xiao Laurent,Consumer,Japan,Asia Pacific
C00404,Jamal Leroy,Home Office,Brazil,South America
C00405,Liam Ali,Home Office,Italy,Europe
C00406,Barbara Ali,Consumer,Brazil,South America
C00407,Ivan Pereira,Home Office,Saudi Arabia,Middle East & Africa
C00408,Omar Singh,Consumer,South Africa,Middle East & Africa
C00409,Ethan Rodriguez,Corporate,Italy,Europe
C00410,Pierre Romano,Consumer,Canada,North America
C00411,Omar Park,Consumer,United Kingdom,Europe
C00412,Michael Khan,Corporate,Canada,North America
C00413,Richard Tanaka,Consumer,South Africa,Middle East & Africa
C00414,Ayumi Martin,Consumer,Nigeria,Middle East & Africa
C00415,Omar Hassan,Consumer,China,Asia Pacific
C00416,Giulia Anderson,Consumer,India,Asia Pacific
C00417,Chen Rodriguez,Home Office,Spain,Europe
C00418,Mia Davis,Consumer,South Korea,Asia Pacific
C00419,Isabella Taylor,Corporate,Mexico,North America
C00420,Mary Martin,Corporate,Japan,Asia Pacific
C00421,Priya Jackson,Consumer,Mexico,North America
C00422,Mary Chen,Home Office,Germany,Europe
C00423,Omar Park,Corporate,Mexico,North America
C00424,Clara Tanaka,Corporate,UAE,Middle East & Africa
C00425,Clara Robinson,Home Office,France,Europe
C00426,Michael Ali,Consumer,Germany,Europe
C00427,Yuki Zhang,Consumer,United States,North America
C00428,David Clark,Consumer,Germany,Europe
C00429,John Laurent,Consumer,Mexico,North America
C00430,Ethan Yamamoto,Home Office,Australia,Asia Pacific
C00431,Olga Leroy,Consumer,India,Asia Pacific
C00432,Noah Taylor,Consumer,United States,North America
C00433,Amina Johansson,Consumer,United Kingdom,Europe
C00434,Hans Smith,Consumer,Australia,Asia Pacific
C00435,Yuki Rodriguez,Corporate,Mexico,North America
C00436,Jamal Clark,Consumer,South Africa,Middle East & Africa
C00437,Sarah Jackson,Home Office,Brazil,South America
C00438,Thomas Santos,Consumer,United States,North America
C00439,Chen Patel,Home Office,Japan,Asia Pacific
C00440,Maria Rodriguez,Consumer,United States,North America
C00441,Olga Taylor,Consumer,United States,North America
C00442,Omar Russo,Home Office,Australia,Asia Pacific
C00443,Sakura Ali,Consumer,Nigeria,Middle East & Africa
C00444,Marco Sato,Consumer,Mexico,North America
C00445,Sophie Brown,Corporate,Mexico,North America
C00446,Diego Harris,Consumer,Italy,Europe
C00447,Noah Moreau,Corporate,Italy,Europe
C00448,Chen Garcia,Consumer,China,Asia Pacific
C00449,Fatima Wang,Consumer,India,Asia Pacific
C00450,Hanna Santos,Home Office,South Korea,Asia Pacific
C00451,Ingrid Weber,Corporate,United States,North America
C00452,Ali Johnson,Corporate,Mexico,North America
C00453,Hanna Khan,Consumer,Colombia,South America
C00454,Liam Laurent,Consumer,Mexico,North America
C00455,Elizabeth Martin,Consumer,United Kingdom,Europe
C00456,Joseph Martinez,Home Office,Canada,North America
C00457,Ali Johansson,Corporate,United States,North America
C00458,Michael Li,Corporate,Canada,North America
C00459,Lucas Thomas,Corporate,China,Asia Pacific
C00460,Ahmed Sharma,Home Office,United States,North America
C00461,Kenji Taylor,Consumer,Japan,Asia Pacific
C00462,James Clark,Consumer,South Africa,Middle East & Africa
C00463,Xiao Wang,Consumer,Argentina,South America
C00464,Layla Fischer,Corporate,China,Asia Pacific
C00465,Sarah Khan,Home Office,Brazil,South America
C00466,Lucas Leroy,Corporate,Spain,Europe
C00467,Jessica Tanaka,Consumer,Canada,North America
C00468,Jessica Wang,Home Office,Mexico,North America
C00469,Sarah Davis,Consumer,Saudi Arabia,Middle East & Africa
C00470,Sarah Thompson,Consumer,Brazil,South America
C00471,Isabella Patel,Consumer,Canada,North America
C00472,Lucas Oliveira,Consumer,Spain,Europe
C00473,Olivia Ferrari,Home Office,Australia,Asia Pacific
C00474,Xiao Ferrari,Home Office,France,Europe
C00475,Marco Nilsson,Consumer,Japan,Asia Pacific
C00476,Mary Smith,Corporate,Nigeria,Middle East & Africa
C00477,John Patel,Consumer,Japan,Asia Pacific
C00478,Ayumi Ali,Corporate,Spain,Europe
C00479,Sophie Clark,Home Office,China,Asia Pacific
C00480,Priya Garcia,Corporate,Japan,Asia Pacific
C00481,Emma Martinez,Home Office,Nigeria,Middle East & Africa
C00482,Fatima Martin,Home Office,Australia,Asia Pacific
C00483,Jamal Robinson,Corporate,Nigeria,Middle East & Africa
C00484,Carlos Santos,Corporate,UAE,Middle East & Africa
C00485,Omar Li,Corporate,Colombia,South America
C00486,Noah Johansson,Home Office,Italy,Europe
C00487,Hanna Yamamoto,Consumer,Japan,Asia Pacific
C00488,William Yamamoto,Corporate,China,Asia Pacific
C00489,Joseph Leroy,Consumer,Colombia,South America
C00490,Giulia Khan,Home Office,United States,North America
C00491,Diego Pereira,Home Office,Nigeria,Middle East & Africa
C00492,Raj Oliveira,Corporate,Brazil,South America
C00493,Ayumi Garcia,Corporate,Mexico,North America
C00494,Felix Kim,Corporate,Canada,North America
C00495,Zara Moreau,Consumer,Brazil,South America
C00496,Richard Romano,Corporate,Brazil,South America
C00497,Patricia Kim,Consumer,Australia,Asia Pacific
C00498,Patricia Martinez,Home Office,UAE,Middle East & Africa
C00499,Richard Moreau,Corporate,UAE,Middle East & Africa
C00500,Hanna Kumar,Consumer,Argentina,South America
C00501,Jessica Müller,Home Office,United Kingdom,Europe
C00502,Sarah Li,Consumer,Saudi Arabia,Middle East & Africa
C00503,Ingrid Moreau,Consumer,United States,North America
C00504,Robert Taylor,Home Office,Brazil,South America
C00505,Layla Oliveira,Home Office,Italy,Europe
C00506,Sophie Martinez,Corporate,Germany,Europe
C00507,Liam Davis,Consumer,United Kingdom,Europe
C00508,Christopher Thompson,Consumer,Australia,Asia Pacific
C00509,Olga Müller,Consumer,United States,North America
C00510,James Harris,Corporate,Canada,North America
C00511,Maria Tanaka,Corporate,UAE,Middle East & Africa
C00512,Isabella Li,Consumer,France,Europe
C00513,Kenji Romano,Corporate,Canada,North America
C00514,Oscar Thompson,Consumer,Germany,Europe
C00515,Amir Park,Consumer,UAE,Middle East & Africa
C00516,Ethan Clark,Consumer,South Korea,Asia Pacific
C00517,Barbara Weber,Home Office,United Kingdom,Europe
C00518,Susan Jackson,Corporate,France,Europe
C00519,Maria Costa,Corporate,South Africa,Middle East & Africa
C00520,Joseph Chen,Corporate,Italy,Europe
C00521,Robert Clark,Corporate,South Africa,Middle East & Africa
C00522,Jessica Weber,Home Office,Saudi Arabia,Middle East & Africa
C00523,Liam Jones,Consumer,South Korea,Asia Pacific
C00524,Li Sharma,Consumer,Nigeria,Middle East & Africa
C00525,Sarah Tanaka,Corporate,China,Asia Pacific
C00526,Susan Weber,Corporate,Spain,Europe
C00527,Nadia Tanaka,Corporate,Italy,Europe
C00528,Sakura Rodriguez,Corporate,United States,North America
C00529,Michael Sato,Corporate,Japan,Asia Pacific
C00530,Felix Müller,Corporate,Japan,Asia Pacific
C00531,Barbara Davis,Home Office,France,Europe
C00532,Lucas Suzuki,Consumer,Canada,North America
C00533,Nadia Tanaka,Corporate,Argentina,South America
C00534,Linda Russo,Consumer,Japan,Asia Pacific
C00535,Thomas Rodriguez,Corporate,Argentina,South America
C00536,Ayumi Garcia,Consumer,Mexico,North America
C00537,Karen Robinson,Home Office,China,Asia Pacific
C00538,Elizabeth Fischer,Corporate,Canada,North America
C00539,Fatima Williams,Consumer,Colombia,South America
C00540,Layla Anderson,Home Office,Australia,Asia Pacific
C00541,Ali Li,Corporate,Italy,Europe
C00542,Fatima Kim,Corporate,Germany,Europe
C00543,Elizabeth Johansson,Consumer,Brazil,South America
C00544,Sarah Suzuki,Home Office,Canada,North America
C00545,Jamal Robinson,Home Office,South Korea,Asia Pacific
C00546,Susan Chen,Corporate,China,Asia Pacific
C00547,Kenji Martin,Home Office,Nigeria,Middle East & Africa
C00548,Zara Miller,Consumer,United Kingdom,Europe
C00549,Diego Jones,Corporate,China,Asia Pacific
C00550,Fatima Brown,Consumer,France,Europe
C00551,Hanna Johnson,Home Office,Australia,Asia Pacific
C00552,Ahmed Pereira,Consumer,India,Asia Pacific
C00553,Fatima Yamamoto,Consumer,South Africa,Middle East & Africa
C00554,Joseph Romano,Consumer,Argentina,South America
C00555,Sarah Sharma,Consumer,France,Europe
C00556,Linda Laurent,Consumer,Germany,Europe
C00557,Ahmed Taylor,Consumer,Colombia,South America
C00558,Diego Robinson,Corporate,China,Asia Pacific
C00559,Ethan Wang,Corporate,Germany,Europe
C00560,Wei Smith,Home Office,Japan,Asia Pacific
C00561,Jennifer Kim,Consumer,United States,North America
C00562,Jessica Park,Consumer,China,Asia Pacific
C00563,Emma Jackson,Consumer,United States,North America
C00564,Zara Nilsson,Consumer,Canada,North America
C00565,Oscar Thomas,Consumer,India,Asia Pacific
C00566,Priya Leroy,Corporate,South Korea,Asia Pacific
C00567,Christopher Leroy,Corporate,Germany,Europe
C00568,Jennifer Romano,Corporate,Spain,Europe
C00569,Felix Laurent,Corporate,Canada,North America
C00570,Raj Anderson,Consumer,Argentina,South America
C00571,Fatima Patel,Consumer,Canada,North America
C00572,Giulia Rossi,Corporate,Australia,Asia Pacific
C00573,Kenji Moreau,Corporate,Canada,North America
C00574,Karen Khan,Consumer,China,Asia Pacific
C00575,Olga Thompson,Consumer,Colombia,South America
C00576,Wei Fischer,Consumer,Argentina,South America
C00577,Ali Romano,Corporate,Japan,Asia Pacific
C00578,Omar Costa,Corporate,United States,North America
C00579,Diego Hassan,Consumer,France,Europe
C00580,Xiao Rodriguez,Home Office,Italy,Europe
C00581,Ethan Khan,Corporate,Mexico,North America
C00582,Oscar Costa,Consumer,United Kingdom,Europe
C00583,Jessica Hassan,Corporate,Italy,Europe
C00584,Linda Kumar,Consumer,Mexico,North America
C00585,Isabella Harris,Consumer,Colombia,South America
C00586,Joseph Suzuki,Consumer,United States,North America
C00587,Xiao Harris,Consumer,China,Asia Pacific
C00588,Pierre Leroy,Corporate,Colombia,South America
C00589,Sarah Khan,Consumer,Spain,Europe
C00590,Zara Nilsson,Corporate,India,Asia Pacific
C00591,Susan Leroy,Consumer,Brazil,South America
C00592,Christopher Khan,Consumer,India,Asia Pacific
C00593,Ivan Jones,Corporate,Mexico,North America
C00594,Fatima Ferrari,Corporate,Japan,Asia Pacific
C00595,Amir Laurent,Home Office,Canada,North America
C00596,Zara Leroy,Corporate,Japan,Asia Pacific
C00597,Felix Laurent,Home Office,Australia,Asia Pacific
C00598,Chen Nilsson,Home Office,United Kingdom,Europe
C00599,Emma Sharma,Consumer,Mexico,North America
C00600,Isabella Rossi,Home Office,Canada,North America
C00601,Hans Martin,Consumer,Japan,Asia Pacific
C00602,Jennifer Santos,Consumer,United States,North America
C00603,Nadia Rossi,Consumer,Japan,Asia Pacific
C00604,John Ferrari,Consumer,Canada,North America
C00605,Thomas Ferrari,Consumer,Mexico,North America
C00606,Amina Jones,Consumer,Mexico,North America
C00607,Richard Yamamoto,Consumer,UAE,Middle East & Africa
C00608,Lucas Li,Corporate,India,Asia Pacific
C00609,William Miller,Corporate,India,Asia Pacific
C00610,Wei Hassan,Corporate,India,Asia Pacific
C00611,Olivia Laurent,Consumer,Canada,North America
C00612,Raj Khan,Home Office,United States,North America
C00613,Ava Garcia,Consumer,Mexico,North America
C00614,Wei Fischer,Consumer,Mexico,North America
C00615,Ayumi Kumar,Corporate,Mexico,North America
C00616,Elizabeth Weber,Consumer,Italy,Europe
C00617,Liam Costa,Consumer,Colombia,South America
C00618,Sarah Thompson,Consumer,United Kingdom,Europe
C00619,Elizabeth Dubois,Consumer,Japan,Asia Pacific
C00620,Robert Dubois,Corporate,United States,North America
C00621,Liam Rossi,Corporate,Australia,Asia Pacific
C00622,David White,Home Office,Mexico,North America
C00623,Oscar Martinez,Corporate,Mexico,North America
C00624,Hans Robinson,Consumer,Canada,North America
C00625,Carlos Ali,Consumer,Canada,North America
C00626,Isabella Johansson,Consumer,Nigeria,Middle East & Africa
C00627,Ava Li,Corporate,Argentina,South America
C00628,Noah Chen,Consumer,Germany,Europe
C00629,Giulia Williams,Corporate,United Kingdom,Europe
C00630,Wei Santos,Consumer,Australia,Asia Pacific
C00631,Sophie Miller,Home Office,United States,North America
C00632,Linda Martin,Consumer,United States,North America
C00633,Karen Smith,Consumer,Spain,Europe
C00634,William Chen,Consumer,France,Europe
C00635,Diego Anderson,Consumer,Nigeria,Middle East & Africa
C00636,Ingrid Zhang,Corporate,Australia,Asia Pacific
C00637,Giulia Johnson,Corporate,South Korea,Asia Pacific
C00638,Kenji Schmidt,Consumer,Canada,North America
C00639,Mary Laurent,Consumer,Canada,North America
C00640,Maria Miller,Corporate,Canada,North America
C00641,Amina Taylor,Home Office,Germany,Europe
C00642,Zara Smith,Corporate,United States,North America
C00643,Diego Thomas,Consumer,Nigeria,Middle East & Africa
C00644,Isabella Johnson,Consumer,Saudi Arabia,Middle East & Africa
C00645,Elizabeth Harris,Home Office,Australia,Asia Pacific
C00646,Sarah Rossi,Consumer,Mexico,North America
C00647,Felix Davis,Home Office,Mexico,North America
C00648,Hans Rossi,Home Office,India,Asia Pacific
C00649,James Ferrari,Consumer,Colombia,South America
C00650,Joseph Martinez,Consumer,South Korea,Asia Pacific
C00651,David Leroy,Corporate,Saudi Arabia,Middle East & Africa
C00652,Ava Yamamoto,Corporate,India,Asia Pacific
C00653,Priya Costa,Corporate,South Korea,Asia Pacific
C00654,Priya Martin,Home Office,Mexico,North America
C00655,Olivia Patel,Home Office,France,Europe
C00656,Barbara Sharma,Corporate,United Kingdom,Europe
C00657,Liam Romano,Home Office,France,Europe
C00658,Olga Davis,Consumer,India,Asia Pacific
C00659,Noah Ali,Consumer,Japan,Asia Pacific
C00660,Ayumi Tanaka,Corporate,Colombia,South America
C00661,Isabella Anderson,Corporate,South Korea,Asia Pacific
C00662,Raj Singh,Consumer,South Korea,Asia Pacific
C00663,Ali Weber,Corporate,China,Asia Pacific
C00664,John Miller,Home Office,Canada,North America
C00665,Ahmed Jackson,Consumer,Argentina,South America
C00666,Hanna Dubois,Corporate,Australia,Asia Pacific
C00667,Priya Li,Consumer,Colombia,South America
C00668,Priya Johansson,Consumer,India,Asia Pacific
C00669,Sarah Johnson,Consumer,Germany,Europe
C00670,James Li,Home Office,Mexico,North America
C00671,Olga Pereira,Consumer,Italy,Europe
C00672,Ali Miller,Home Office,Canada,North America
C00673,Chen Johansson,Corporate,Colombia,South America
C00674,Jamal Patel,Consumer,United Kingdom,Europe
C00675,Diego Nilsson,Consumer,Italy,Europe
C00676,Jessica Kim,Corporate,Brazil,South America
C00677,Olga Ahmed,Consumer,Italy,Europe
C00678,Hans Costa,Consumer,Mexico,North America
C00679,Carlos Ahmed,Consumer,Canada,North America
C00680,Ivan Li,Consumer,United States,North America
C00681,Ayumi Suzuki,Corporate,Colombia,South America
C00682,Hanna Taylor,Home Office,Mexico,North America
C00683,Linda Müller,Corporate,Canada,North America
C00684,Priya Smith,Consumer,Spain,Europe
C00685,William Ahmed,Home Office,Mexico,North America
C00686,Nadia Martin,Home Office,China,Asia Pacific
C00687,Jennifer Khan,Corporate,France,Europe
C00688,Karen Wang,Home Office,Colombia,South America
C00689,Maria Khan,Home Office,South Africa,Middle East & Africa
C00690,Olivia Miller,Consumer,Mexico,North America
C00691,Ivan Dubois,Consumer,United Kingdom,Europe
C00692,Thomas Miller,Consumer,South Korea,Asia Pacific
C00693,Barbara Davis,Home Office,United States,North America
C00694,Ayumi Martinez,Consumer,South Africa,Middle East & Africa
C00695,Felix Taylor,Home Office,Mexico,North America
C00696,Mia Clark,Consumer,Japan,Asia Pacific
C00697,William Kim,Consumer,South Korea,Asia Pacific
C00698,Ivan Smith,Corporate,Canada,North America
C00699,Susan Zhang,Consumer,Canada,North America
C00700,Yuki Chen,Consumer,China,Asia Pacific
C00701,Jamal Jones,Home Office,Mexico,North America
C00702,James Kumar,Corporate,Mexico,North America
C00703,Zara Müller,Corporate,Japan,Asia Pacific
C00704,Thomas Rodriguez,Consumer,United States,North America
C00705,Richard Rodriguez,Corporate,United Kingdom,Europe
C00706,Noah Leroy,Corporate,France,Europe
C00707,Kenji White,Corporate,Canada,North America
C00708,Nadia Zhang,Consumer,South Korea,Asia Pacific
C00709,Liam Tanaka,Corporate,United States,North America
C00710,Clara Rodriguez,Corporate,United States,North America
C00711,Oscar Pereira,Corporate,China,Asia Pacific
C00712,Oscar Khan,Consumer,United States,North America
C00713,Amir Garcia,Corporate,South Africa,Middle East & Africa
C00714,Chen Thompson,Consumer,Mexico,North America
C00715,Clara Sato,Home Office,Japan,Asia Pacific
C00716,Thomas Suzuki,Corporate,United States,North America
C00717,Mary Russo,Home Office,Argentina,South America
C00718,Fatima Jones,Corporate,Mexico,North America
C00719,Ayumi White,Corporate,Italy,Europe
C00720,Olga Pereira,Home Office,Australia,Asia Pacific
C00721,Kenji Dubois,Home Office,Spain,Europe
C00722,Marco Sharma,Corporate,Germany,Europe
C00723,Yuki Ferrari,Corporate,United States,North America
C00724,Ahmed Singh,Corporate,United States,North America
C00725,Hans Patel,Corporate,South Korea,Asia Pacific
C00726,Priya Laurent,Consumer,Spain,Europe
C00727,Clara Miller,Consumer,Italy,Europe
C00728,Yuki Martin,Consumer,Spain,Europe
C00729,Hans Martinez,Consumer,Japan,Asia Pacific
C00730,John Zhang,Home Office,United Kingdom,Europe
C00731,Nadia Martin,Consumer,South Korea,Asia Pacific
C00732,Jennifer Ali,Corporate,Argentina,South America
C00733,Jennifer Martinez,Corporate,UAE,Middle East & Africa
C00734,Marco Hassan,Consumer,Mexico,North America
C00735,Maria Zhang,Corporate,Argentina,South America
C00736,Patricia Khan,Consumer,Spain,Europe
C00737,Susan Zhang,Consumer,Saudi Arabia,Middle East & Africa
C00738,Lucas Rodriguez,Consumer,United States,North America
C00739,Omar Costa,Corporate,Saudi Arabia,Middle East & Africa
C00740,Omar Williams,Consumer,South Korea,Asia Pacific
C00741,Li Laurent,Consumer,United States,North America
C00742,Elizabeth Singh,Corporate,Australia,Asia Pacific
C00743,Olivia Anderson,Corporate,Italy,Europe
C00744,Hanna Leroy,Corporate,France,Europe
C00745,Chen Santos,Corporate,Mexico,North America
C00746,Oscar Wang,Home Office,United Kingdom,Europe
C00747,Maria Ferrari,Corporate,United States,North America
C00748,Jennifer Tanaka,Consumer,Canada,North America
C00749,Karen Anderson,Consumer,United Kingdom,Europe
C00750,Susan Li,Corporate,France,Europe
C00751,Patricia Clark,Consumer,South Africa,Middle East & Africa
C00752,Giulia Anderson,Consumer,United States,North America
C00753,John Robinson,Corporate,France,Europe
C00754,Kenji Davis,Home Office,Italy,Europe
C00755,Priya Nilsson,Corporate,Australia,Asia Pacific
C00756,Chen Patel,Home Office,Canada,North America
C00757,Sarah Chen,Consumer,Mexico,North America
C00758,Michael Garcia,Consumer,United States,North America
C00759,Noah Clark,Corporate,UAE,Middle East & Africa
C00760,Priya Rodriguez,Consumer,China,Asia Pacific
C00761,Sakura Smith,Corporate,Brazil,South America
C00762,Nadia Harris,Corporate,China,Asia Pacific
C00763,Carlos Martinez,Consumer,Colombia,South America
C00764,Fatima Williams,Home Office,China,Asia Pacific
C00765,Clara Johnson,Consumer,China,Asia Pacific
C00766,Elizabeth Sharma,Consumer,United Kingdom,Europe
C00767,Olivia Sato,Consumer,United States,North America
C00768,William Clark,Consumer,India,Asia Pacific
C00769,William Smith,Consumer,Nigeria,Middle East & Africa
C00770,Maria Costa,Consumer,France,Europe
C00771,Emma Moreau,Consumer,Germany,Europe
C00772,Layla Park,Corporate,Mexico,North America
C00773,James Wang,Home Office,China,Asia Pacific
C00774,Nadia Johansson,Home Office,Nigeria,Middle East & Africa
C00775,Hanna Müller,Consumer,Saudi Arabia,Middle East & Africa
C00776,Hanna Brown,Home Office,France,Europe
C00777,Noah Müller,Consumer,Colombia,South America
C00778,Barbara Sato,Consumer,United States,North America
C00779,Wei Jones,Home Office,South Korea,Asia Pacific
C00780,Ivan Patel,Consumer,Italy,Europe
C00781,Fatima Singh,Corporate,Australia,Asia Pacific
C00782,Giulia Nilsson,Consumer,Japan,Asia Pacific
C00783,Nadia Romano,Corporate,United Kingdom,Europe
C00784,Amir Khan,Consumer,Japan,Asia Pacific
C00785,Chen Dubois,Corporate,France,Europe
C00786,Hans Harris,Consumer,United States,North America
C00787,Xiao Ali,Corporate,Saudi Arabia,Middle East & Africa
C00788,Jessica Patel,Home Office,Mexico,North America
C00789,Patricia Rossi,Consumer,Argentina,South America
C00790,Chen Patel,Corporate,Germany,Europe
C00791,Oscar Kim,Home Office,Argentina,South America
C00792,Ivan Zhang,Home Office,Canada,North America
C00793,Mary Weber,Consumer,France,Europe
C00794,Nadia Laurent,Consumer,Australia,Asia Pacific
C00795,Fatima Fischer,Home Office,Spain,Europe
C00796,Sarah Moreau,Corporate,France,Europe
C00797,Jessica Costa,Consumer,Japan,Asia Pacific
C00798,Isabella Yamamoto,Corporate,Italy,Europe
C00799,Ayumi Miller,Corporate,South Korea,Asia Pacific
C00800,Karen Tanaka,Corporate,Japan,Asia Pacific
C00801,Emma Kim,Consumer,India,Asia Pacific
C00802,Mia Smith,Consumer,France,Europe
C00803,Ahmed Clark,Corporate,Japan,Asia Pacific
C00804,Noah Martinez,Home Office,Mexico,North America
C00805,Jennifer Ferrari,Consumer,Mexico,North America
C00806,Sakura Thomas,Consumer,France,Europe
C00807,Raj Li,Consumer,Mexico,North America
C00808,Sakura Rodriguez,Consumer,United States,North America
C00809,Chen Martin,Consumer,Germany,Europe
C00810,Olivia Nilsson,Consumer,Brazil,South America
C00811,Olivia Robinson,Consumer,Japan,Asia Pacific
C00812,Susan Hassan,Home Office,France,Europe
C00813,Richard Kumar,Consumer,South Korea,Asia Pacific
C00814,Amir Wang,Consumer,United States,North America
C00815,Marco Weber,Consumer,United States,North America
C00816,Michael Sharma,Home Office,United States,North America
C00817,Richard Garcia,Corporate,Nigeria,Middle East & Africa
C00818,Wei Müller,Consumer,India,Asia Pacific
C00819,Olga Anderson,Home Office,China,Asia Pacific
C00820,Robert Schmidt,Consumer,United Kingdom,Europe
C00821,Michael Taylor,Corporate,South Korea,Asia Pacific
C00822,Sakura Oliveira,Consumer,United Kingdom,Europe
C00823,Hans Kumar,Consumer,Japan,Asia Pacific
C00824,Hans Müller,Consumer,UAE,Middle East & Africa
C00825,Clara Singh,Consumer,Australia,Asia Pacific
C00826,Ahmed Johansson,Corporate,Brazil,South America
C00827,Wei Johnson,Home Office,Australia,Asia Pacific
C00828,Michael Ferrari,Corporate,South Africa,Middle East & Africa
C00829,Kenji Romano,Corporate,France,Europe
C00830,Zara Chen,Corporate,Germany,Europe
C00831,Michael Kim,Consumer,Mexico,North America
C00832,Amina Clark,Consumer,France,Europe
C00833,Robert Chen,Consumer,China,Asia Pacific
C00834,Ali Thomas,Consumer,South Korea,Asia Pacific
C00835,Layla Kumar,Corporate,Australia,Asia Pacific
C00836,Karen Nilsson,Consumer,South Korea,Asia Pacific
C00837,Mia Martin,Home Office,France,Europe
C00838,Priya Brown,Home Office,France,Europe
C00839,Isabella Laurent,Corporate,Germany,Europe
C00840,Barbara Nilsson,Corporate,Australia,Asia Pacific
C00841,Ahmed Santos,Home Office,Japan,Asia Pacific
C00842,Fatima Williams,Home Office,United States,North America
C00843,Sophie White,Corporate,Argentina,South America
C00844,Karen Sato,Corporate,Brazil,South America
C00845,Ali Wang,Consumer,UAE,Middle East & Africa
C00846,Omar Fischer,Corporate,South Korea,Asia Pacific
C00847,Felix White,Consumer,Australia,Asia Pacific
C00848,Layla Li,Consumer,Brazil,South America
C00849,Kenji Sharma,Corporate,Brazil,South America
C00850,Ethan Li,Home Office,Mexico,North America
C00851,Linda Sato,Corporate,Mexico,North America
C00852,Ali Dubois,Corporate,Japan,Asia Pacific
C00853,Wei Li,Consumer,South Africa,Middle East & Africa
C00854,Clara Romano,Consumer,United Kingdom,Europe
C00855,Priya Williams,Corporate,Canada,North America
C00856,Lucas Brown,Home Office,United States,North America
C00857,Oscar Thompson,Home Office,India,Asia Pacific
C00858,Wei Rodriguez,Consumer,China,Asia Pacific
C00859,Carlos Robinson,Corporate,Brazil,South America
C00860,Jessica Martin,Consumer,India,Asia Pacific
C00861,Jamal Khan,Corporate,Colombia,South America
C00862,Lucas Russo,Home Office,Canada,North America
C00863,Amir Li,Consumer,Canada,North America
C00864,Wei Martinez,Corporate,Italy,Europe
C00865,Lucas Russo,Home Office,Italy,Europe
C00866,Patricia Weber,Consumer,Mexico,North America
C00867,Olivia Williams,Consumer,India,Asia Pacific
C00868,Amina Harris,Corporate,Australia,Asia Pacific
C00869,Nadia Costa,Consumer,Canada,North America
C00870,Amir Yamamoto,Consumer,United Kingdom,Europe
C00871,Wei Patel,Consumer,China,Asia Pacific
C00872,Oscar Kim,Corporate,South Africa,Middle East & Africa
C00873,Layla Thomas,Corporate,Japan,Asia Pacific
C00874,Maria Anderson,Consumer,Australia,Asia Pacific
C00875,Priya Leroy,Consumer,Brazil,South America
C00876,Kenji Anderson,Corporate,Australia,Asia Pacific
C00877,Raj Rodriguez,Consumer,China,Asia Pacific
C00878,Sarah Robinson,Consumer,Nigeria,Middle East & Africa
C00879,Jessica Yamamoto,Corporate,China,Asia Pacific
C00880,Ava Harris,Consumer,Italy,Europe
C00881,James Ahmed,Corporate,United States,North America
C00882,Olga Thompson,Consumer,Spain,Europe
C00883,Zara White,Consumer,UAE,Middle East & Africa
C00884,Priya Kumar,Consumer,United Kingdom,Europe
C00885,Ethan Kumar,Corporate,Mexico,North America
C00886,Ingrid Müller,Corporate,United States,North America
C00887,Mia Sharma,Consumer,Italy,Europe
C00888,Karen Ferrari,Consumer,United States,North America
C00889,Sophie Schmidt,Consumer,Brazil,South America
C00890,Sakura Smith,Corporate,Mexico,North America
C00891,Hanna Robinson,Consumer,Italy,Europe
C00892,John Laurent,Consumer,United Kingdom,Europe
C00893,Jessica Russo,Home Office,India,Asia Pacific
C00894,Mary Garcia,Home Office,United States,North America
C00895,Robert Thompson,Corporate,Japan,Asia Pacific
C00896,Sophie Martin,Corporate,Canada,North America
C00897,David Smith,Consumer,UAE,Middle East & Africa
C00898,Mia Jones,Corporate,India,Asia Pacific
C00899,Olivia Wang,Consumer,Japan,Asia Pacific
C00900,Emma Dubois,Home Office,Spain,Europe
C00901,Richard Brown,Consumer,United Kingdom,Europe
C00902,Marco Santos,Consumer,Mexico,North America
C00903,David Laurent,Consumer,United States,North America
C00904,James Brown,Consumer,Italy,Europe
C00905,Oscar Anderson,Corporate,India,Asia Pacific
C00906,Clara Romano,Consumer,India,Asia Pacific
C00907,Amina Russo,Corporate,India,Asia Pacific
C00908,Michael Ferrari,Consumer,China,Asia Pacific
C00909,Jamal Williams,Corporate,Italy,Europe
C00910,James White,Corporate,UAE,Middle East & Africa
C00911,William Ferrari,Consumer,France,Europe
C00912,Olivia Davis,Home Office,Colombia,South America
C00913,Richard Johnson,Consumer,South Africa,Middle East & Africa
C00914,Lucas Williams,Corporate,France,Europe
C00915,Emma Nilsson,Corporate,China,Asia Pacific
C00916,Barbara Ali,Home Office,Japan,Asia Pacific
C00917,Omar Nilsson,Consumer,Spain,Europe
C00918,Yuki Johnson,Corporate,Germany,Europe
C00919,Giulia Miller,Consumer,Mexico,North America
C00920,Fatima Smith,Consumer,Argentina,South America
C00921,Hanna Kim,Consumer,Saudi Arabia,Middle East & Africa
C00922,Emma Weber,Corporate,Colombia,South America
C00923,Susan Kumar,Consumer,Canada,North America
C00924,Diego Schmidt,Consumer,South Africa,Middle East & Africa
C00925,Sophie Weber,Consumer,United States,North America
C00926,Joseph Martinez,Consumer,Australia,Asia Pacific
C00927,Li Khan,Home Office,Germany,Europe
C00928,Nadia Pereira,Consumer,India,Asia Pacific
C00929,Wei Taylor,Home Office,Japan,Asia Pacific
C00930,Michael Yamamoto,Consumer,United States,North America
C00931,Joseph Johansson,Consumer,Mexico,North America
C00932,Xiao Kumar,Home Office,Australia,Asia Pacific
C00933,Wei Costa,Home Office,Argentina,South America
C00934,Elizabeth Taylor,Corporate,Italy,Europe
C00935,Emma Tanaka,Home Office,Argentina,South America
C00936,Olga Romano,Consumer,Canada,North America
C00937,Olga Robinson,Consumer,United States,North America
C00938,Joseph Russo,Consumer,Australia,Asia Pacific
C00939,Karen Smith,Consumer,Colombia,South America
C00940,Chen Tanaka,Corporate,China,Asia Pacific
C00941,Sarah Jackson,Corporate,South Africa,Middle East & Africa
C00942,Olivia Pereira,Home Office,United States,North America
C00943,Yuki Thompson,Home Office,Canada,North America
C00944,Ahmed Singh,Corporate,Mexico,North America
C00945,Liam Kim,Consumer,Italy,Europe
C00946,Linda Suzuki,Corporate,Canada,North America
C00947,Pierre Jackson,Corporate,Argentina,South America
C00948,Barbara Dubois,Corporate,Canada,North America
C00949,Xiao Johnson,Consumer,Mexico,North America
C00950,Carlos Thompson,Consumer,Argentina,South America
C00951,Olga Suzuki,Consumer,Canada,North America
C00952,Ali Sato,Corporate,Canada,North America
C00953,Ethan Johnson,Home Office,India,Asia Pacific
C00954,Ava Patel,Home Office,Nigeria,Middle East & Africa
C00955,Sakura Müller,Corporate,Spain,Europe
C00956,Nadia Zhang,Consumer,India,Asia Pacific
C00957,Nadia Anderson,Consumer,Spain,Europe
C00958,Marco Sharma,Consumer,Argentina,South America
C00959,Oscar Miller,Corporate,Saudi Arabia,Middle East & Africa
C00960,Omar Russo,Consumer,China,Asia Pacific
C00961,Carlos Schmidt,Home Office,France,Europe
C00962,Thomas Rodriguez,Corporate,Brazil,South America
C00963,Nadia Davis,Home Office,Mexico,North America
C00964,Maria Hassan,Consumer,France,Europe
C00965,Sophie Li,Consumer,Japan,Asia Pacific
C00966,Hans Schmidt,Consumer,Mexico,North America
C00967,Maria Weber,Corporate,Spain,Europe
C00968,Priya Robinson,Consumer,Mexico,North America
C00969,Fatima Robinson,Corporate,France,Europe
C00970,Joseph Singh,Consumer,Italy,Europe
C00971,Maria Rossi,Consumer,Australia,Asia Pacific
C00972,Omar Williams,Consumer,Mexico,North America
C00973,Raj Weber,Consumer,Spain,Europe
C00974,Omar Rodriguez,Corporate,Australia,Asia Pacific
C00975,Ayumi Moreau,Consumer,Spain,Europe
C00976,Sarah Clark,Home Office,France,Europe
C00977,Li Oliveira,Consumer,United States,North America
C00978,Pierre Weber,Corporate,United Kingdom,Europe
C00979,Felix Ahmed,Consumer,Germany,Europe
C00980,Clara Tanaka,Corporate,United States,North America
C00981,Mary Clark,Consumer,Mexico,North America
C00982,Li Rossi,Corporate,Spain,Europe
C00983,Felix Smith,Consumer,Mexico,North America
C00984,Christopher Brown,Corporate,Canada,North America
C00985,Ingrid Davis,Consumer,Argentina,South America
C00986,Priya Oliveira,Consumer,United Kingdom,Europe
C00987,Hanna White,Consumer,France,Europe
C00988,Michael Schmidt,Corporate,Canada,North America
C00989,Ivan Ahmed,Home Office,United States,North America
C00990,Sophie Clark,Consumer,Germany,Europe
C00991,Amina Clark,Home Office,Canada,North America
C00992,Karen Anderson,Corporate,United States,North America
C00993,Hans Fischer,Consumer,Australia,Asia Pacific
C00994,Priya Jones,Consumer,Australia,Asia Pacific
C00995,Olga Suzuki,Corporate,United States,North America
C00996,Olivia Patel,Consumer,Australia,Asia Pacific
C00997,John Ferrari,Consumer,United Kingdom,Europe
C00998,Ayumi Harris,Consumer,United Kingdom,Europe
C00999,Pierre Rodriguez,Home Office,Mexico,North America
C01000,Amina Romano,Corporate,UAE,Middle East & Africa
C01001,Mia White,Corporate,Canada,North America
C01002,Ali Oliveira,Consumer,Mexico,North America
C01003,David Garcia,Consumer,France,Europe
C01004,Li Davis,Home Office,United States,North America
C01005,Mary Rodriguez,Consumer,United States,North America
C01006,Mia Romano,Corporate,Japan,Asia Pacific
C01007,William Chen,Corporate,France,Europe
C01008,Clara Leroy,Consumer,Australia,Asia Pacific
C01009,Ali Jones,Consumer,Spain,Europe
C01010,Wei Sato,Consumer,Canada,North America
C01011,Priya Weber,Consumer,South Korea,Asia Pacific
C01012,Linda Patel,Consumer,United Kingdom,Europe
C01013,Sakura Jones,Corporate,United States,North America
C01014,Robert Khan,Consumer,Canada,North America
C01015,Hans White,Home Office,Brazil,South America
C01016,Sarah Chen,Consumer,Germany,Europe
C01017,Christopher Schmidt,Consumer,Canada,North America
C01018,William Moreau,Consumer,United States,North America
C01019,Felix Romano,Consumer,France,Europe
C01020,Hanna Ali,Home Office,United Kingdom,Europe
C01021,Susan Schmidt,Consumer,United Kingdom,Europe
C01022,Amir Ali,Consumer,India,Asia Pacific
C01023,Christopher Leroy,Consumer,United States,North America
C01024,Hans Hassan,Corporate,Argentina,South America
C01025,Layla Zhang,Corporate,United States,North America
C01026,Sarah Harris,Consumer,Mexico,North America
C01027,Noah Hassan,Consumer,Japan,Asia Pacific
C01028,Priya Schmidt,Consumer,Australia,Asia Pacific
C01029,Amir Smith,Home Office,Canada,North America
C01030,Chen Anderson,Corporate,Mexico,North America
C01031,Raj Patel,Corporate,Canada,North America
C01032,Mary Oliveira,Consumer,South Korea,Asia Pacific
C01033,Christopher Brown,Corporate,United States,North America
C01034,Felix White,Home Office,Italy,Europe
C01035,Hans Johnson,Consumer,France,Europe
C01036,Ivan Martinez,Home Office,South Korea,Asia Pacific
C01037,Nadia Wang,Consumer,Saudi Arabia,Middle East & Africa
C01038,Jessica Suzuki,Corporate,India,Asia Pacific
C01039,Priya Ferrari,Consumer,Mexico,North America
C01040,Elizabeth Singh,Home Office,Mexico,North America
C01041,Raj Santos,Consumer,Canada,North America
C01042,Thomas Wang,Home Office,United States,North America
C01043,Zara Anderson,Corporate,United Kingdom,Europe
C01044,Jennifer Anderson,Corporate,Mexico,North America
C01045,Emma Suzuki,Consumer,South Korea,Asia Pacific
C01046,Sarah Patel,Home Office,United States,North America
C01047,Lucas Moreau,Home Office,Italy,Europe
C01048,Richard Patel,Consumer,Japan,Asia Pacific
C01049,Karen Hassan,Consumer,South Korea,Asia Pacific
C01050,Wei Suzuki,Consumer,Argentina,South America
C01051,Thomas Yamamoto,Consumer,United States,North America
C01052,Jamal Sharma,Corporate,Germany,Europe
C01053,Lucas Laurent,Consumer,Colombia,South America
C01054,Xiao Romano,Corporate,Mexico,North America
C01055,Amina Thomas,Consumer,Mexico,North America
C01056,Olga Li,Corporate,South Korea,Asia Pacific
C01057,Kenji Wang,Consumer,Spain,Europe
C01058,Jamal Nilsson,Consumer,Argentina,South America
C01059,Sophie Williams,Corporate,South Korea,Asia Pacific
C01060,Ahmed Anderson,Home Office,China,Asia Pacific
C01061,Felix Schmidt,Corporate,Canada,North America
C01062,Hans Anderson,Consumer,Japan,Asia Pacific
C01063,Ingrid Martin,Corporate,United Kingdom,Europe
C01064,Yuki Kim,Corporate,United States,North America
C01065,Diego Thomas,Consumer,United States,North America
C01066,Karen Rossi,Consumer,South Korea,Asia Pacific
C01067,Amina Wang,Consumer,United States,North America
C01068,Richard Costa,Consumer,Mexico,North America
C01069,Oscar Johansson,Consumer,China,Asia Pacific
C01070,Ingrid Laurent,Consumer,Canada,North America
C01071,Hans Park,Corporate,Italy,Europe
C01072,Wei Thompson,Consumer,India,Asia Pacific
C01073,Ethan Williams,Consumer,Mexico,North America
C01074,Sarah Khan,Home Office,Italy,Europe
C01075,Ali Patel,Consumer,Saudi Arabia,Middle East & Africa
C01076,Noah Dubois,Consumer,Mexico,North America
C01077,Ivan Müller,Consumer,France,Europe
C01078,Jessica Williams,Consumer,United States,North America
C01079,Clara Schmidt,Corporate,Brazil,South America
C01080,Pierre Patel,Consumer,Germany,Europe
C01081,Olivia Garcia,Home Office,United States,North America
C01082,David Suzuki,Consumer,UAE,Middle East & Africa
C01083,Christopher Müller,Consumer,Mexico,North America
C01084,William Robinson,Consumer,Canada,North America
C01085,Omar Weber,Home Office,Brazil,South America
C01086,Linda Fischer,Consumer,United States,North America
C01087,Ivan Thomas,Home Office,Colombia,South America
C01088,Maria Costa,Consumer,Japan,Asia Pacific
C01089,Layla Johansson,Consumer,United Kingdom,Europe
C01090,Richard Tanaka,Corporate,India,Asia Pacific
C01091,Joseph Romano,Consumer,Brazil,South America
C01092,Liam Nilsson,Home Office,United Kingdom,Europe
C01093,Elizabeth Chen,Home Office,Canada,North America
C01094,Omar Costa,Corporate,Mexico,North America
C01095,Linda Santos,Corporate,United Kingdom,Europe
C01096,Ingrid White,Consumer,Australia,Asia Pacific
C01097,Amir Moreau,Home Office,India,Asia Pacific
C01098,Isabella Ferrari,Corporate,Germany,Europe
C01099,Xiao Martin,Home Office,Mexico,North America
C01100,Oscar Williams,Corporate,United States,North America
C01101,Ayumi Thomas,Consumer,South Africa,Middle East & Africa
C01102,Jamal Pereira,Consumer,United States,North America
C01103,William Romano,Consumer,Canada,North America
C01104,Zara Harris,Corporate,Canada,North America
C01105,Pierre Smith,Consumer,Spain,Europe
C01106,Zara Clark,Consumer,Brazil,South America
C01107,Carlos Yamamoto,Consumer,Mexico,North America
C01108,Yuki Pereira,Corporate,Canada,North America
C01109,Isabella Johansson,Corporate,South Africa,Middle East & Africa
C01110,Carlos Ferrari,Home Office,Mexico,North America
C01111,Diego Miller,Consumer,Italy,Europe
C01112,Robert Garcia,Consumer,Germany,Europe
C01113,Sakura Garcia,Home Office,Spain,Europe
C01114,Amina Taylor,Consumer,India,Asia Pacific
C01115,James Ferrari,Consumer,Canada,North America
C01116,Maria Thomas,Corporate,China,Asia Pacific
C01117,Mia Ali,Corporate,Colombia,South America
C01118,Omar Dubois,Home Office,Australia,Asia Pacific
C01119,Sarah Miller,Corporate,Colombia,South America
C01120,Sarah Patel,Consumer,Japan,Asia Pacific
C01121,Wei Patel,Corporate,Colombia,South America
C01122,Mia Chen,Consumer,Spain,Europe
C01123,Isabella Jones,Corporate,Spain,Europe
C01124,Pierre Jones,Corporate,United Kingdom,Europe
C01125,Karen Ali,Consumer,India,Asia Pacific
C01126,Amir Anderson,Corporate,United Kingdom,Europe
C01127,Jennifer Yamamoto,Consumer,France,Europe
C01128,Olivia Jones,Consumer,United Kingdom,Europe
C01129,Mia Santos,Consumer,Japan,Asia Pacific
C01130,Carlos Patel,Corporate,UAE,Middle East & Africa
C01131,Olivia Johnson,Corporate,Brazil,South America
C01132,Robert Leroy,Home Office,France,Europe
C01133,Michael Tanaka,Consumer,Colombia,South America
C01134,Thomas Chen,Home Office,Mexico,North America
C01135,Lucas Nilsson,Consumer,United Kingdom,Europe
C01136,Omar Dubois,Home Office,Spain,Europe
C01137,Omar Thompson,Consumer,United Kingdom,Europe
C01138,Raj Thompson,Home Office,China,Asia Pacific
C01139,Hanna Sato,Consumer,United States,North America
C01140,Diego Johansson,Consumer,UAE,Middle East & Africa
C01141,Layla Romano,Corporate,China,Asia Pacific
C01142,Ivan Williams,Corporate,India,Asia Pacific
C01143,Sakura Thomas,Consumer,United States,North America
C01144,Nadia Taylor,Corporate,South Africa,Middle East & Africa
C01145,John Suzuki,Home Office,Canada,North America
C01146,Oscar Martinez,Corporate,Colombia,South America
C01147,Emma Müller,Consumer,Italy,Europe
C01148,Mia Costa,Consumer,Germany,Europe
C01149,Zara Thomas,Consumer,United States,North America
C01150,Giulia Yamamoto,Consumer,Australia,Asia Pacific
C01151,Hans Miller,Consumer,Italy,Europe
C01152,Liam Schmidt,Consumer,Australia,Asia Pacific
C01153,Olivia Sharma,Consumer,Mexico,North America
C01154,John Wang,Home Office,Australia,Asia Pacific
C01155,Mia Jones,Home Office,France,Europe
C01156,Layla Patel,Consumer,Mexico,North America
C01157,Linda Weber,Corporate,Japan,Asia Pacific
C01158,Yuki Sharma,Corporate,Mexico,North America
C01159,Maria Yamamoto,Consumer,China,Asia Pacific
C01160,Omar Jackson,Home Office,Canada,North America
C01161,Michael Ferrari,Consumer,Italy,Europe
C01162,Nadia Wang,Consumer,Spain,Europe
C01163,Nadia Martinez,Corporate,Mexico,North America
C01164,Raj Schmidt,Consumer,China,Asia Pacific
C01165,Li Miller,Consumer,United Kingdom,Europe
C01166,Richard Santos,Consumer,India,Asia Pacific
C01167,Jessica Taylor,Consumer,UAE,Middle East & Africa
C01168,Wei Li,Consumer,China,Asia Pacific
C01169,Patricia Santos,Home Office,China,Asia Pacific
C01170,Linda Rodriguez,Corporate,Mexico,North America
C01171,Wei Khan,Consumer,Mexico,North America
C01172,Kenji Jones,Corporate,Canada,North America
C01173,Isabella Schmidt,Consumer,Argentina,South America
C01174,Maria Johnson,Corporate,United States,North America
C01175,Sophie Johansson,Corporate,Saudi Arabia,Middle East & Africa
C01176,Li Müller,Corporate,Japan,Asia Pacific
C01177,Lucas Park,Consumer,Saudi Arabia,Middle East & Africa
C01178,Ivan Romano,Consumer,China,Asia Pacific
C01179,Thomas Johnson,Corporate,United States,North America
C01180,Zara Hassan,Consumer,United States,North America
C01181,Thomas Jackson,Home Office,South Africa,Middle East & Africa
C01182,Ingrid Martinez,Home Office,Canada,North America
C01183,Elizabeth Patel,Consumer,Argentina,South America
C01184,Susan Patel,Corporate,Italy,Europe
C01185,Hanna Thomas,Corporate,Germany,Europe
C01186,Richard Jackson,Home Office,United Kingdom,Europe
C01187,Olivia Nilsson,Home Office,Australia,Asia Pacific
C01188,Giulia Li,Consumer,South Africa,Middle East & Africa
C01189,Fatima Williams,Corporate,Italy,Europe
C01190,Amina Harris,Consumer,United States,North America
C01191,David Rodriguez,Consumer,South Korea,Asia Pacific
C01192,Hanna Weber,Corporate,China,Asia Pacific
C01193,William Ferrari,Corporate,United Kingdom,Europe
C01194,Ava Miller,Consumer,China,Asia Pacific
C01195,Giulia Brown,Consumer,Spain,Europe
C01196,Marco Rodriguez,Consumer,Australia,Asia Pacific
C01197,Li Rossi,Corporate,Brazil,South America
C01198,Omar Thomas,Consumer,Italy,Europe
C01199,Barbara Miller,Consumer,China,Asia Pacific
C01200,Mary White,Consumer,United States,North America
C01201,Raj Sato,Corporate,Brazil,South America
C01202,Layla Garcia,Corporate,United States,North America
C01203,David Schmidt,Consumer,Germany,Europe
C01204,Priya Sato,Consumer,Spain,Europe
C01205,Carlos Davis,Home Office,Australia,Asia Pacific
C01206,Fatima Singh,Corporate,UAE,Middle East & Africa
C01207,Barbara Moreau,Home Office,South Africa,Middle East & Africa
C01208,Christopher Fischer,Consumer,United Kingdom,Europe
C01209,James Harris,Consumer,India,Asia Pacific
C01210,Layla Garcia,Consumer,France,Europe
C01211,Ingrid Sato,Consumer,Canada,North America
C01212,Zara Fischer,Consumer,India,Asia Pacific
C01213,Sakura Ahmed,Corporate,United Kingdom,Europe
C01214,Elizabeth Johnson,Home Office,Canada,North America
C01215,Ethan Sato,Consumer,China,Asia Pacific
C01216,Elizabeth Wang,Corporate,United States,North America
C01217,Mia Laurent,Corporate,Germany,Europe
C01218,Linda Thompson,Consumer,France,Europe
C01219,Fatima Zhang,Consumer,United States,North America
C01220,Mary Fischer,Consumer,Colombia,South America
C01221,Hanna Sharma,Home Office,China,Asia Pacific
C01222,Ayumi Laurent,Consumer,Argentina,South America
C01223,Noah Ferrari,Consumer,Canada,North America
C01224,Thomas Costa,Consumer,Italy,Europe
C01225,Wei Wang,Consumer,Japan,Asia Pacific
C01226,Ali Hassan,Home Office,Mexico,North America
C01227,Layla Williams,Corporate,Japan,Asia Pacific
C01228,Wei Moreau,Consumer,Germany,Europe
C01229,Hans Miller,Home Office,United States,North America
C01230,Omar Yamamoto,Home Office,France,Europe
C01231,Nadia Dubois,Consumer,United States,North America
C01232,Felix Romano,Corporate,Mexico,North America
C01233,Zara Williams,Consumer,Japan,Asia Pacific
C01234,Joseph Ali,Consumer,France,Europe
C01235,Ahmed Tanaka,Corporate,United States,North America
C01236,Ivan Robinson,Consumer,France,Europe
C01237,Christopher Miller,Consumer,Australia,Asia Pacific
C01238,Pierre Hassan,Home Office,United States,North America
C01239,Sophie Kim,Consumer,Australia,Asia Pacific
C01240,Ayumi Robinson,Corporate,United States,North America
C01241,Amir Johansson,Consumer,Australia,Asia Pacific
C01242,Li Miller,Consumer,France,Europe
C01243,Lucas Müller,Consumer,China,Asia Pacific
C01244,Clara Miller,Corporate,South Africa,Middle East & Africa
C01245,James Oliveira,Corporate,United States,North America
C01246,Sophie Pereira,Home Office,Spain,Europe
C01247,Oscar Zhang,Consumer,United Kingdom,Europe
C01248,Priya Smith,Consumer,Italy,Europe
C01249,Carlos Sharma,Corporate,Mexico,North America
C01250,Ava Fischer,Consumer,Mexico,North America
C01251,Ivan Martin,Consumer,Italy,Europe
C01252,Jennifer Romano,Consumer,Canada,North America
C01253,Jessica Müller,Consumer,Australia,Asia Pacific
C01254,Raj Johnson,Consumer,India,Asia Pacific
C01255,Olivia Zhang,Home Office,Mexico,North America
C01256,Ava Rodriguez,Corporate,France,Europe
C01257,James Ali,Home Office,United States,North America
C01258,Liam Patel,Home Office,Argentina,South America
C01259,Oscar Anderson,Corporate,United Kingdom,Europe
C01260,Ethan Moreau,Consumer,Spain,Europe
C01261,Maria Suzuki,Corporate,Mexico,North America
C01262,Sakura Thomas,Corporate,United States,North America
C01263,Jessica Moreau,Corporate,United Kingdom,Europe
C01264,Linda Smith,Consumer,Mexico,North America
C01265,Sarah Santos,Consumer,Colombia,South America
C01266,James Johansson,Corporate,Germany,Europe
C01267,Pierre Weber,Consumer,United Kingdom,Europe
C01268,Yuki Thomas,Corporate,Brazil,South America
C01269,Nadia Harris,Home Office,Mexico,North America
C01270,Clara Garcia,Consumer,Japan,Asia Pacific
C01271,Lucas Sato,Corporate,Canada,North America
C01272,Ingrid Yamamoto,Corporate,Japan,Asia Pacific
C01273,Xiao Robinson,Corporate,Canada,North America
C01274,Wei Ali,Corporate,France,Europe
C01275,Jamal Wang,Consumer,United States,North America
C01276,Ivan Moreau,Consumer,Canada,North America
C01277,Sarah Johansson,Home Office,South Korea,Asia Pacific
C01278,Maria Yamamoto,Consumer,Canada,North America
C01279,Linda Harris,Consumer,UAE,Middle East & Africa
C01280,Ivan Park,Consumer,China,Asia Pacific
C01281,Elizabeth Leroy,Corporate,France,Europe
C01282,Jennifer Zhang,Consumer,Australia,Asia Pacific
C01283,Nadia Santos,Consumer,South Korea,Asia Pacific
C01284,Mia Li,Corporate,Mexico,North America
C01285,Ethan Johnson,Consumer,South Africa,Middle East & Africa
C01286,Ahmed Ali,Consumer,Mexico,North America
C01287,Ahmed Thomas,Corporate,Colombia,South America
C01288,Ahmed Johnson,Corporate,Italy,Europe
C01289,Thomas Thompson,Consumer,United States,North America
C01290,Barbara Johnson,Corporate,China,Asia Pacific
C01291,Isabella White,Corporate,India,Asia Pacific
C01292,Jessica Nilsson,Home Office,Brazil,South America
C01293,Zara Weber,Consumer,Japan,Asia Pacific
C01294,Ivan Ali,Home Office,United States,North America
C01295,Ava Rossi,Consumer,Italy,Europe
C01296,Ayumi Taylor,Home Office,Spain,Europe
C01297,Ahmed Sharma,Consumer,China,Asia Pacific
C01298,Clara Müller,Consumer,Mexico,North America
C01299,Clara Ali,Consumer,Canada,North America
C01300,Sarah Davis,Consumer,South Africa,Middle East & Africa
C01301,Ingrid Santos,Consumer,France,Europe
C01302,Patricia Costa,Home Office,United Kingdom,Europe
C01303,Liam Russo,Consumer,Germany,Europe
C01304,Karen Romano,Consumer,Canada,North America
C01305,Richard Park,Consumer,Nigeria,Middle East & Africa
C01306,Mary Clark,Consumer,United States,North America
C01307,Jamal Chen,Corporate,Saudi Arabia,Middle East & Africa
C01308,Nadia Robinson,Home Office,China,Asia Pacific
C01309,Giulia Johansson,Consumer,Japan,Asia Pacific
C01310,Pierre Ahmed,Corporate,United Kingdom,Europe
C01311,Zara Davis,Home Office,UAE,Middle East & Africa
C01312,Liam Taylor,Corporate,South Korea,Asia Pacific
C01313,Yuki Costa,Consumer,South Africa,Middle East & Africa
C01314,Jamal Taylor,Consumer,Canada,North America
C01315,Layla Ahmed,Home Office,Japan,Asia Pacific
C01316,Ivan Jones,Consumer,Mexico,North America
C01317,Jessica Anderson,Corporate,Canada,North America
C01318,David Rossi,Consumer,Nigeria,Middle East & Africa
C01319,Thomas Thomas,Home Office,Mexico,North America
C01320,Oscar Nilsson,Consumer,France,Europe
C01321,Nadia Oliveira,Consumer,Mexico,North America
C01322,Oscar Schmidt,Corporate,Japan,Asia Pacific
C01323,Richard Jackson,Consumer,United States,North America
C01324,James Johansson,Home Office,Mexico,North America
C01325,Sakura Costa,Consumer,United States,North America
C01326,Richard Rossi,Consumer,Brazil,South America
C01327,Liam Davis,Consumer,Italy,Europe
C01328,Jamal Kim,Consumer,Canada,North America
C01329,Sophie Ahmed,Corporate,United Kingdom,Europe
C01330,Christopher Jackson,Consumer,Japan,Asia Pacific
C01331,Diego Kim,Consumer,United Kingdom,Europe
C01332,Barbara Khan,Consumer,United States,North America
C01333,Priya Ferrari,Consumer,Canada,North America
C01334,Emma Müller,Corporate,Germany,Europe
C01335,Clara Laurent,Corporate,United States,North America
C01336,Liam Rodriguez,Consumer,Nigeria,Middle East & Africa
C01337,Marco Kim,Home Office,Argentina,South America
C01338,Robert Rodriguez,Consumer,Japan,Asia Pacific
C01339,Michael Nilsson,Corporate,Argentina,South America
C01340,Ali Leroy,Consumer,South Korea,Asia Pacific
C01341,Amir Rodriguez,Consumer,Saudi Arabia,Middle East & Africa
C01342,Karen Santos,Consumer,United Kingdom,Europe
C01343,Patricia Ferrari,Consumer,Germany,Europe
C01344,Robert Harris,Home Office,China,Asia Pacific
C01345,Hanna Weber,Consumer,Canada,North America
C01346,Mary Khan,Home Office,United States,North America
C01347,Christopher Martinez,Consumer,India,Asia Pacific
C01348,Giulia Rodriguez,Home Office,Saudi Arabia,Middle East & Africa
C01349,Barbara Sharma,Corporate,Canada,North America
C01350,Thomas Laurent,Consumer,China,Asia Pacific
C01351,Michael Davis,Home Office,Mexico,North America
C01352,Isabella Tanaka,Consumer,Germany,Europe
C01353,Barbara Singh,Consumer,United States,North America
C01354,Raj Garcia,Consumer,Argentina,South America
C01355,Kenji Martin,Consumer,Italy,Europe
C01356,Isabella Davis,Consumer,France,Europe
C01357,Mary Patel,Consumer,Spain,Europe
C01358,Christopher Clark,Corporate,Colombia,South America
C01359,Mia Weber,Consumer,Italy,Europe
C01360,Marco Davis,Consumer,Australia,Asia Pacific
C01361,Maria Moreau,Consumer,Germany,Europe
C01362,James Patel,Corporate,Mexico,North America
C01363,Priya Singh,Consumer,Italy,Europe
C01364,Ayumi Smith,Consumer,China,Asia Pacific
C01365,Emma Clark,Consumer,Mexico,North America
C01366,Li Harris,Consumer,India,Asia Pacific
C01367,Noah Suzuki,Consumer,Japan,Asia Pacific
C01368,Omar Yamamoto,Consumer,Nigeria,Middle East & Africa
C01369,Robert Wang,Home Office,Canada,North America
C01370,Ayumi Pereira,Consumer,Canada,North America
C01371,Chen Rossi,Corporate,Canada,North America
C01372,Ahmed Dubois,Consumer,Mexico,North America
C01373,Robert Chen,Consumer,Canada,North America
C01374,Kenji Smith,Consumer,Germany,Europe
C01375,Jessica Moreau,Consumer,United States,North America
C01376,Patricia Park,Corporate,Mexico,North America
C01377,James Ahmed,Home Office,Canada,North America
C01378,Oscar Martinez,Corporate,Japan,Asia Pacific
C01379,Li Suzuki,Consumer,Italy,Europe
C01380,Jessica Schmidt,Consumer,India,Asia Pacific
C01381,Isabella Jackson,Corporate,Japan,Asia Pacific
C01382,Thomas Tanaka,Consumer,India,Asia Pacific
C01383,Mary Miller,Home Office,France,Europe
C01384,Sakura Harris,Consumer,Germany,Europe
C01385,Richard Dubois,Home Office,Mexico,North America
C01386,Raj Yamamoto,Consumer,South Korea,Asia Pacific
C01387,Ethan Li,Consumer,China,Asia Pacific
C01388,Amir Taylor,Consumer,France,Europe
C01389,Clara Costa,Corporate,Germany,Europe
C01390,Elizabeth Schmidt,Consumer,China,Asia Pacific
C01391,Raj Martinez,Consumer,Brazil,South America
C01392,Ahmed Smith,Consumer,Mexico,North America
C01393,Karen Suzuki,Home Office,Japan,Asia Pacific
C01394,Jamal Singh,Home Office,Colombia,South America
C01395,Ayumi Clark,Home Office,United States,North America
C01396,Lucas Yamamoto,Consumer,South Africa,Middle East & Africa
C01397,Olga Taylor,Home Office,United States,North America
C01398,Emma Dubois,Consumer,France,Europe
C01399,Ingrid Williams,Corporate,France,Europe
C01400,Jennifer Thomas,Consumer,Brazil,South America
C01401,Joseph Weber,Consumer,Canada,North America
C01402,Hanna Williams,Corporate,Mexico,North America
C01403,Olivia Zhang,Consumer,Mexico,North America
C01404,Chen Romano,Consumer,South Korea,Asia Pacific
C01405,Michael Leroy,Home Office,United States,North America
C01406,Kenji Johansson,Consumer,Italy,Europe
C01407,Robert Patel,Corporate,South Korea,Asia Pacific
C01408,Jessica Park,Home Office,Spain,Europe
C01409,Maria Müller,Corporate,United States,North America
C01410,Hans Müller,Consumer,Nigeria,Middle East & Africa
C01411,John Rodriguez,Consumer,Argentina,South America
C01412,Susan White,Home Office,Brazil,South America
C01413,Ivan Leroy,Home Office,Mexico,North America
C01414,Sarah Sharma,Home Office,Mexico,North America
C01415,Giulia Singh,Consumer,United States,North America
C01416,Giulia Taylor,Consumer,Germany,Europe
C01417,Xiao Weber,Home Office,United Kingdom,Europe
C01418,Jennifer Harris,Home Office,Italy,Europe
C01419,Pierre Leroy,Home Office,Mexico,North America
C01420,Mia Anderson,Consumer,France,Europe
C01421,Richard Ali,Consumer,Japan,Asia Pacific
C01422,Richard Zhang,Corporate,Saudi Arabia,Middle East & Africa
C01423,Ali Taylor,Consumer,Mexico,North America
C01424,Olivia White,Consumer,India,Asia Pacific
C01425,Ahmed Zhang,Corporate,United States,North America
C01426,Layla Johansson,Corporate,Nigeria,Middle East & Africa
C01427,Patricia Wang,Corporate,Germany,Europe
C01428,Sakura Zhang,Consumer,Spain,Europe
C01429,Carlos Jones,Home Office,Mexico,North America
C01430,John Martin,Home Office,Germany,Europe
C01431,Emma Anderson,Home Office,Mexico,North America
C01432,Hans Ali,Corporate,Italy,Europe
C01433,Thomas Clark,Consumer,Germany,Europe
C01434,Olivia Kim,Consumer,South Africa,Middle East & Africa
C01435,Oscar Thompson,Consumer,South Korea,Asia Pacific
C01436,Hans Patel,Consumer,Canada,North America
C01437,Mary Chen,Home Office,United States,North America
C01438,Sophie Jackson,Consumer,Australia,Asia Pacific
C01439,Lucas Tanaka,Home Office,Saudi Arabia,Middle East & Africa
C01440,Raj Harris,Consumer,Mexico,North America
C01441,Giulia White,Consumer,Australia,Asia Pacific
C01442,Fatima Müller,Corporate,Italy,Europe
C01443,Sakura Chen,Corporate,India,Asia Pacific
C01444,Ahmed Jackson,Corporate,South Africa,Middle East & Africa
C01445,Omar Schmidt,Corporate,Canada,North America
C01446,Sarah Brown,Consumer,Canada,North America
C01447,Isabella Thompson,Consumer,Japan,Asia Pacific
C01448,Clara Garcia,Consumer,Canada,North America
C01449,Olga Wang,Corporate,France,Europe
C01450,Carlos Ali,Consumer,South Korea,Asia Pacific
C01451,Kenji Martin,Home Office,Colombia,South America
C01452,Diego Rossi,Corporate,Canada,North America
C01453,Wei Moreau,Corporate,India,Asia Pacific
C01454,Elizabeth Williams,Consumer,Canada,North America
C01455,David Johansson,Corporate,Spain,Europe
C01456,Emma Romano,Home Office,Spain,Europe
C01457,Omar Thomas,Consumer,Japan,Asia Pacific
C01458,Giulia Smith,Corporate,Canada,North America
C01459,Xiao Rodriguez,Corporate,Germany,Europe
C01460,Raj Harris,Consumer,United States,North America
C01461,Emma Chen,Consumer,China,Asia Pacific
C01462,Priya Romano,Home Office,Italy,Europe
C01463,Ali Müller,Consumer,South Korea,Asia Pacific
C01464,Diego Weber,Home Office,Germany,Europe
C01465,William Wang,Home Office,Nigeria,Middle East & Africa
C01466,Priya Patel,Home Office,Brazil,South America
C01467,David Park,Consumer,Nigeria,Middle East & Africa
C01468,James Miller,Home Office,Canada,North America
C01469,Olga Ali,Consumer,Saudi Arabia,Middle East & Africa
C01470,Olga Russo,Consumer,Italy,Europe
C01471,Amina Khan,Corporate,Japan,Asia Pacific
C01472,Ingrid Clark,Corporate,Canada,North America
C01473,Hans Zhang,Home Office,Spain,Europe
C01474,Jennifer Leroy,Corporate,Japan,Asia Pacific
C01475,Ahmed Hassan,Corporate,Mexico,North America
C01476,Joseph Garcia,Consumer,China,Asia Pacific
C01477,Sarah Smith,Home Office,Brazil,South America
C01478,Sophie Jones,Consumer,Spain,Europe
C01479,Amir Ali,Consumer,Italy,Europe
C01480,Richard Yamamoto,Corporate,Argentina,South America
C01481,Richard Weber,Consumer,Canada,North America
C01482,Hans Sharma,Consumer,South Africa,Middle East & Africa
C01483,Wei Müller,Corporate,UAE,Middle East & Africa
C01484,Mary Weber,Consumer,Nigeria,Middle East & Africa
C01485,Layla Jackson,Home Office,India,Asia Pacific
C01486,Olivia Anderson,Consumer,Mexico,North America
C01487,Noah Moreau,Home Office,India,Asia Pacific
C01488,Hanna Li,Consumer,China,Asia Pacific
C01489,Wei Anderson,Consumer,Australia,Asia Pacific
C01490,Wei Li,Corporate,Brazil,South America
C01491,Layla Leroy,Corporate,Saudi Arabia,Middle East & Africa
C01492,Hans Kumar,Consumer,Brazil,South America
C01493,Priya Sharma,Corporate,United States,North America
C01494,Pierre Garcia,Home Office,United States,North America
C01495,Amina Singh,Consumer,Mexico,North America
C01496,David Chen,Corporate,Argentina,South America
C01497,Xiao White,Corporate,Germany,Europe
C01498,Pierre Pereira,Consumer,China,Asia Pacific
C01499,Liam Clark,Consumer,Nigeria,Middle East & Africa
C01500,Giulia Miller,Consumer,Australia,Asia Pacific
C01501,Ingrid Robinson,Home Office,Argentina,South America
C01502,Michael Tanaka,Consumer,Germany,Europe
C01503,Lucas Costa,Consumer,United States,North America
C01504,Chen Santos,Corporate,Japan,Asia Pacific
C01505,Sophie Johnson,Home Office,Italy,Europe
C01506,Christopher Tanaka,Home Office,South Africa,Middle East & Africa
C01507,Sophie Rossi,Corporate,Mexico,North America
C01508,Raj Pereira,Consumer,Mexico,North America
C01509,Karen Hassan,Home Office,France,Europe
C01510,Jennifer Harris,Corporate,Colombia,South America
C01511,Hanna Rodriguez,Consumer,United Kingdom,Europe
C01512,Christopher Harris,Corporate,Germany,Europe
C01513,John Pereira,Consumer,United States,North America
C01514,Layla Ferrari,Corporate,South Korea,Asia Pacific
C01515,Mia Johansson,Consumer,Japan,Asia Pacific
C01516,Emma Wang,Consumer,Italy,Europe
C01517,Omar Patel,Home Office,France,Europe
C01518,Hans Costa,Consumer,UAE,Middle East & Africa
C01519,Jessica Brown,Home Office,United States,North America
C01520,Ayumi Harris,Consumer,Canada,North America
C01521,Joseph Thompson,Consumer,Colombia,South America
C01522,Xiao Sharma,Consumer,Argentina,South America
C01523,Christopher Jones,Consumer,Canada,North America
C01524,Sarah Leroy,Corporate,United States,North America
C01525,Robert Davis,Consumer,South Korea,Asia Pacific
C01526,Sarah Tanaka,Consumer,South Korea,Asia Pacific
C01527,Isabella Nilsson,Corporate,Germany,Europe
C01528,Fatima Yamamoto,Consumer,Brazil,South America
C01529,Joseph Schmidt,Home Office,India,Asia Pacific
C01530,Richard Williams,Consumer,China,Asia Pacific
C01531,Patricia Leroy,Consumer,South Korea,Asia Pacific
C01532,Nadia Rodriguez,Consumer,Mexico,North America
C01533,Zara Miller,Consumer,Argentina,South America
C01534,Oscar Ali,Corporate,Germany,Europe
C01535,David Fischer,Consumer,Germany,Europe
C01536,Barbara White,Consumer,India,Asia Pacific
C01537,Susan Garcia,Corporate,Argentina,South America
C01538,Sakura Davis,Consumer,Canada,North America
C01539,Thomas Costa,Corporate,Canada,North America
C01540,Oscar Martin,Consumer,Spain,Europe
C01541,Susan Leroy,Consumer,Japan,Asia Pacific
C01542,David Smith,Corporate,United States,North America
C01543,Thomas Zhang,Home Office,Japan,Asia Pacific
C01544,Pierre Fischer,Consumer,Germany,Europe
C01545,Ingrid Davis,Corporate,Colombia,South America
C01546,Fatima Davis,Consumer,Saudi Arabia,Middle East & Africa
C01547,Lucas Brown,Consumer,South Africa,Middle East & Africa
C01548,Jamal Hassan,Consumer,Australia,Asia Pacific
C01549,Jamal Pereira,Corporate,Japan,Asia Pacific
C01550,Olga Kim,Corporate,Argentina,South America
C01551,Hans Khan,Consumer,Mexico,North America
C01552,Oscar Miller,Home Office,South Africa,Middle East & Africa
C01553,Barbara Weber,Corporate,Nigeria,Middle East & Africa
C01554,Ivan Sharma,Corporate,Mexico,North America
C01555,Christopher Ahmed,Corporate,United States,North America
C01556,Hanna Nilsson,Consumer,Mexico,North America
C01557,William Zhang,Consumer,Brazil,South America
C01558,Liam White,Corporate,United States,North America
C01559,Kenji Yamamoto,Consumer,Japan,Asia Pacific
C01560,Ingrid Clark,Consumer,United States,North America
C01561,Emma Martin,Corporate,Italy,Europe
C01562,Michael Miller,Corporate,South Africa,Middle East & Africa
C01563,Olivia Clark,Corporate,UAE,Middle East & Africa
C01564,Noah Nilsson,Consumer,United States,North America
C01565,William Khan,Corporate,Spain,Europe
C01566,Ingrid Romano,Consumer,France,Europe
C01567,Priya Brown,Corporate,China,Asia Pacific
C01568,Barbara Fischer,Corporate,India,Asia Pacific
C01569,Patricia Kim,Home Office,United Kingdom,Europe
C01570,Ayumi Zhang,Consumer,South Korea,Asia Pacific
C01571,Patricia Zhang,Corporate,Mexico,North America
C01572,Ava Oliveira,Consumer,Germany,Europe
C01573,Michael Yamamoto,Corporate,China,Asia Pacific
C01574,Ava Yamamoto,Consumer,Canada,North America
C01575,Layla Chen,Corporate,Germany,Europe
C01576,Thomas Weber,Home Office,South Africa,Middle East & Africa
C01577,Wei Harris,Corporate,South Korea,Asia Pacific
C01578,Linda Wang,Consumer,France,Europe
C01579,Maria Yamamoto,Consumer,South Korea,Asia Pacific
C01580,Lucas Kim,Consumer,United States,North America
C01581,Amina Tanaka,Consumer,Mexico,North America
C01582,Christopher Hassan,Consumer,Mexico,North America
C01583,Sarah Hassan,Corporate,Mexico,North America
C01584,Thomas Brown,Home Office,France,Europe
C01585,Chen Rossi,Home Office,Canada,North America
C01586,Nadia Martin,Home Office,United Kingdom,Europe
C01587,Sakura Davis,Corporate,United States,North America
C01588,Nadia Pereira,Consumer,South Africa,Middle East & Africa
C01589,Richard Rossi,Consumer,Canada,North America
C01590,Linda Johnson,Consumer,India,Asia Pacific
C01591,Richard Leroy,Corporate,Japan,Asia Pacific
C01592,Carlos Ferrari,Consumer,South Korea,Asia Pacific
C01593,Mia Brown,Consumer,Colombia,South America
C01594,Ahmed Weber,Corporate,China,Asia Pacific
C01595,Diego Li,Consumer,United Kingdom,Europe
C01596,Jennifer Thompson,Corporate,Mexico,North America
C01597,Michael Yamamoto,Consumer,Germany,Europe
C01598,Christopher Khan,Home Office,United Kingdom,Europe
C01599,Ethan Jones,Consumer,South Africa,Middle East & Africa
C01600,Li Pereira,Corporate,Saudi Arabia,Middle East & Africa
C01601,Felix Patel,Consumer,Italy,Europe
C01602,Noah Chen,Consumer,Canada,North America
C01603,Clara Moreau,Corporate,United States,North America
C01604,Isabella Russo,Corporate,Germany,Europe
C01605,Ivan Patel,Home Office,Australia,Asia Pacific
C01606,Diego Suzuki,Corporate,Brazil,South America
C01607,Sophie Chen,Corporate,Canada,North America
C01608,Robert Taylor,Home Office,United States,North America
C01609,Giulia Müller,Corporate,Japan,Asia Pacific
C01610,Yuki Suzuki,Corporate,China,Asia Pacific
C01611,Amina Taylor,Home Office,South Africa,Middle East & Africa
C01612,Ava Clark,Consumer,United Kingdom,Europe
C01613,William Garcia,Corporate,United Kingdom,Europe
C01614,Ivan Santos,Corporate,Canada,North America
C01615,Emma Jones,Home Office,Mexico,North America
C01616,Liam Zhang,Home Office,China,Asia Pacific
C01617,Felix Pereira,Consumer,Italy,Europe
C01618,Sophie Chen,Home Office,Spain,Europe
C01619,Ali Yamamoto,Consumer,China,Asia Pacific
C01620,Lucas Moreau,Home Office,Mexico,North America
C01621,Karen Yamamoto,Corporate,United Kingdom,Europe
C01622,Amina Anderson,Corporate,India,Asia Pacific
C01623,Olga Johansson,Corporate,Australia,Asia Pacific
C01624,David Kumar,Consumer,Spain,Europe
C01625,Susan Harris,Consumer,France,Europe
C01626,Christopher Chen,Consumer,South Korea,Asia Pacific
C01627,Carlos Jackson,Corporate,Saudi Arabia,Middle East & Africa
C01628,Hans Ferrari,Home Office,Germany,Europe
C01629,Clara Martinez,Home Office,United States,North America
C01630,Sarah Rossi,Corporate,United Kingdom,Europe
C01631,Lucas Nilsson,Corporate,Germany,Europe
C01632,Jamal Robinson,Corporate,Japan,Asia Pacific
C01633,Li Harris,Consumer,Mexico,North America
C01634,Chen Martin,Consumer,Italy,Europe
C01635,Olga Yamamoto,Consumer,UAE,Middle East & Africa
C01636,Nadia Thomas,Consumer,Japan,Asia Pacific
C01637,Elizabeth Johnson,Home Office,Mexico,North America
C01638,Patricia Jackson,Corporate,Spain,Europe
C01639,Emma Johnson,Corporate,South Africa,Middle East & Africa
C01640,Noah Tanaka,Consumer,China,Asia Pacific
C01641,Chen Khan,Corporate,United States,North America
C01642,Ayumi Romano,Consumer,Mexico,North America
C01643,Joseph Clark,Consumer,China,Asia Pacific
C01644,Robert Harris,Consumer,United States,North America
C01645,Elizabeth Park,Corporate,United Kingdom,Europe
C01646,Emma Kim,Consumer,United Kingdom,Europe
C01647,Ayumi White,Corporate,United States,North America
C01648,Amir Yamamoto,Home Office,Canada,North America
C01649,Olivia Schmidt,Home Office,Italy,Europe
C01650,Mary Laurent,Consumer,India,Asia Pacific
C01651,Clara Sharma,Consumer,South Africa,Middle East & Africa
C01652,Hanna Fischer,Consumer,India,Asia Pacific
C01653,Christopher Chen,Consumer,Japan,Asia Pacific
C01654,Elizabeth Taylor,Home Office,Australia,Asia Pacific
C01655,Marco Ferrari,Consumer,Japan,Asia Pacific
C01656,Sakura Kim,Consumer,Germany,Europe
C01657,Chen Ali,Corporate,Colombia,South America
C01658,Thomas Oliveira,Corporate,France,Europe
C01659,William Martinez,Consumer,France,Europe
C01660,Clara Martin,Consumer,United States,North America
C01661,Carlos Tanaka,Corporate,France,Europe
C01662,Ethan Thomas,Corporate,Nigeria,Middle East & Africa
C01663,Elizabeth Santos,Consumer,Germany,Europe
C01664,Wei Laurent,Consumer,Italy,Europe
C01665,John Suzuki,Corporate,United Kingdom,Europe
C01666,Christopher Park,Consumer,France,Europe
C01667,Layla Jackson,Consumer,Spain,Europe
C01668,Emma Sharma,Consumer,UAE,Middle East & Africa
C01669,David Nilsson,Consumer,Japan,Asia Pacific
C01670,Giulia Russo,Corporate,Japan,Asia Pacific
C01671,Li Suzuki,Consumer,Canada,North America
C01672,Ingrid Pereira,Corporate,Japan,Asia Pacific
C01673,Patricia Garcia,Corporate,Canada,North America
C01674,Oscar Chen,Corporate,Mexico,North America
C01675,Noah Russo,Consumer,United Kingdom,Europe
C01676,Patricia Pereira,Corporate,Spain,Europe
C01677,Michael Ahmed,Consumer,Canada,North America
C01678,Richard Sharma,Consumer,Italy,Europe
C01679,Clara Dubois,Corporate,India,Asia Pacific
C01680,Ethan Santos,Consumer,China,Asia Pacific
C01681,Mary Anderson,Consumer,Australia,Asia Pacific
C01682,Diego Russo,Consumer,Colombia,South America
C01683,Jamal Taylor,Consumer,United States,North America
C01684,Xiao Brown,Corporate,Brazil,South America
C01685,Mia Santos,Consumer,Canada,North America
C01686,Hanna Park,Corporate,South Africa,Middle East & Africa
C01687,Raj Sato,Home Office,Brazil,South America
C01688,Clara Brown,Home Office,Germany,Europe
C01689,Linda Hassan,Corporate,Australia,Asia Pacific
C01690,Ali Harris,Consumer,Canada,North America
C01691,Li Smith,Consumer,Japan,Asia Pacific
C01692,Mia Wang,Corporate,Australia,Asia Pacific
C01693,Nadia Leroy,Corporate,United States,North America
C01694,William Robinson,Consumer,South Korea,Asia Pacific
C01695,Omar Russo,Corporate,Colombia,South America
C01696,Omar Park,Consumer,India,Asia Pacific
C01697,Jennifer White,Home Office,France,Europe
C01698,Jessica Johnson,Consumer,Germany,Europe
C01699,Ivan Laurent,Home Office,Germany,Europe
C01700,Mia Harris,Consumer,South Korea,Asia Pacific
C01701,Barbara Robinson,Consumer,Mexico,North America
C01702,Mia Johnson,Consumer,Spain,Europe
C01703,Maria Rodriguez,Consumer,United Kingdom,Europe
C01704,Amir Thompson,Corporate,Colombia,South America
C01705,Carlos Thomas,Home Office,Canada,North America
C01706,Michael Oliveira,Corporate,Colombia,South America
C01707,Yuki Robinson,Consumer,South Africa,Middle East & Africa
C01708,Sophie Martin,Consumer,Canada,North America
C01709,Oscar Müller,Consumer,United States,North America
C01710,Karen Patel,Consumer,South Africa,Middle East & Africa
C01711,Kenji Santos,Home Office,France,Europe
C01712,Sophie Sato,Consumer,Mexico,North America
C01713,Emma Sato,Consumer,South Korea,Asia Pacific
C01714,Carlos Sharma,Corporate,Japan,Asia Pacific
C01715,Noah Rodriguez,Consumer,Germany,Europe
C01716,Carlos Sharma,Consumer,United States,North America
C01717,Ethan Wang,Corporate,Brazil,South America
C01718,Robert Thomas,Consumer,Spain,Europe
C01719,Mary Khan,Corporate,China,Asia Pacific
C01720,Felix Leroy,Corporate,Spain,Europe
C01721,Wei Sharma,Consumer,UAE,Middle East & Africa
C01722,Kenji Williams,Home Office,Germany,Europe
C01723,Olga Yamamoto,Corporate,Germany,Europe
C01724,Ingrid Nilsson,Corporate,South Korea,Asia Pacific
C01725,William Chen,Corporate,Mexico,North America
C01726,Ivan Nilsson,Corporate,United Kingdom,Europe
C01727,Ahmed Johansson,Corporate,United Kingdom,Europe
C01728,Amina Sharma,Consumer,Canada,North America
C01729,Elizabeth Williams,Corporate,United Kingdom,Europe
C01730,James Williams,Home Office,United States,North America
C01731,Xiao Santos,Consumer,Colombia,South America
C01732,Ava Fischer,Corporate,Germany,Europe
C01733,Olga Leroy,Corporate,UAE,Middle East & Africa
C01734,Hans Oliveira,Consumer,South Korea,Asia Pacific
C01735,Hanna Sato,Consumer,Spain,Europe
C01736,Amir Brown,Home Office,Italy,Europe
C01737,Ali Kim,Home Office,United Kingdom,Europe
C01738,Emma Wang,Consumer,Australia,Asia Pacific
C01739,William Martin,Corporate,United States,North America
C01740,Wei Thompson,Consumer,United States,North America
C01741,Jennifer Robinson,Consumer,United Kingdom,Europe
C01742,Ivan Costa,Home Office,Germany,Europe
C01743,Elizabeth Miller,Home Office,United States,North America
C01744,Lucas Romano,Consumer,France,Europe
C01745,Fatima Johnson,Consumer,France,Europe
C01746,Pierre Anderson,Corporate,China,Asia Pacific
C01747,Clara Robinson,Consumer,Italy,Europe
C01748,Jennifer Clark,Corporate,Saudi Arabia,Middle East & Africa
C01749,Robert Leroy,Consumer,India,Asia Pacific
C01750,Pierre Costa,Corporate,United States,North America
C01751,Ayumi Singh,Consumer,Spain,Europe
C01752,Thomas Oliveira,Corporate,UAE,Middle East & Africa
C01753,Nadia Ahmed,Consumer,Spain,Europe
C01754,Diego Miller,Home Office,Australia,Asia Pacific
C01755,Amina Nilsson,Consumer,Australia,Asia Pacific
C01756,Jennifer Pereira,Consumer,Saudi Arabia,Middle East & Africa
C01757,Sarah Clark,Consumer,Brazil,South America
C01758,Sophie Sharma,Consumer,Spain,Europe
C01759,Ali Wang,Consumer,India,Asia Pacific
C01760,Diego Sharma,Corporate,United Kingdom,Europe
C01761,Ali Miller,Consumer,India,Asia Pacific
C01762,Sakura Nilsson,Corporate,UAE,Middle East & Africa
C01763,Marco Tanaka,Consumer,Italy,Europe
C01764,Raj Thompson,Consumer,Argentina,South America
C01765,Ahmed Russo,Consumer,Japan,Asia Pacific
C01766,Sophie White,Corporate,Spain,Europe
C01767,Kenji Miller,Home Office,India,Asia Pacific
C01768,Patricia Weber,Home Office,France,Europe
C01769,Patricia Pereira,Corporate,Saudi Arabia,Middle East & Africa
C01770,Isabella Smith,Corporate,Canada,North America
C01771,Isabella Khan,Home Office,Canada,North America
C01772,Olga Weber,Consumer,South Korea,Asia Pacific
C01773,Christopher Rodriguez,Consumer,Spain,Europe
C01774,Karen Suzuki,Consumer,France,Europe
C01775,Robert Tanaka,Corporate,Spain,Europe
C01776,Amir Dubois,Home Office,Canada,North America
C01777,Clara Hassan,Consumer,Australia,Asia Pacific
C01778,Joseph Wang,Home Office,Italy,Europe
C01779,Susan Laurent,Home Office,Colombia,South America
C01780,Joseph Weber,Consumer,Spain,Europe
C01781,Amir Ferrari,Corporate,Argentina,South America
C01782,Elizabeth Zhang,Corporate,Canada,North America
C01783,Chen Chen,Consumer,South Korea,Asia Pacific
C01784,Robert Rodriguez,Consumer,Italy,Europe
C01785,Sarah Weber,Home Office,United States,North America
C01786,Noah Fischer,Consumer,France,Europe
C01787,Chen Martinez,Consumer,Japan,Asia Pacific
C01788,Fatima Weber,Consumer,Italy,Europe
C01789,Olivia Ali,Home Office,Canada,North America
C01790,Diego Ferrari,Corporate,Germany,Europe
C01791,Zara Williams,Consumer,Spain,Europe
C01792,Layla Sharma,Corporate,Nigeria,Middle East & Africa
C01793,Isabella White,Corporate,Japan,Asia Pacific
C01794,Fatima Li,Corporate,Mexico,North America
C01795,Ingrid Wang,Corporate,United States,North America
C01796,Ethan Chen,Consumer,Canada,North America
C01797,Fatima Zhang,Consumer,India,Asia Pacific
C01798,Maria Ahmed,Consumer,France,Europe
C01799,Sophie Martinez,Corporate,Nigeria,Middle East & Africa
C01800,Thomas Hassan,Corporate,Saudi Arabia,Middle East & Africa
C01801,Yuki Miller,Consumer,Australia,Asia Pacific
C01802,Sakura Rossi,Consumer,Germany,Europe
C01803,Emma Johnson,Corporate,Australia,Asia Pacific
C01804,Michael Park,Home Office,India,Asia Pacific
C01805,James Santos,Home Office,Australia,Asia Pacific
C01806,Linda Khan,Consumer,UAE,Middle East & Africa
C01807,Zara Oliveira,Home Office,France,Europe
C01808,Richard Ali,Corporate,Mexico,North America
C01809,David Williams,Consumer,United States,North America
C01810,Mary Anderson,Consumer,Mexico,North America
C01811,Wei Zhang,Consumer,Germany,Europe
C01812,Ava Rossi,Corporate,China,Asia Pacific
C01813,Sophie Tanaka,Consumer,Spain,Europe
C01814,Olga Garcia,Corporate,Mexico,North America
C01815,Lucas Hassan,Consumer,United Kingdom,Europe
C01816,Sakura Harris,Corporate,China,Asia Pacific
C01817,Amir Williams,Consumer,Mexico,North America
C01818,Giulia Garcia,Corporate,Argentina,South America
C01819,Jessica Garcia,Consumer,Germany,Europe
C01820,Sophie Leroy,Consumer,Brazil,South America
C01821,Liam Rodriguez,Consumer,France,Europe
C01822,Kenji Moreau,Consumer,Canada,North America
C01823,Felix Robinson,Corporate,China,Asia Pacific
C01824,Zara Wang,Corporate,India,Asia Pacific
C01825,Felix Smith,Consumer,South Africa,Middle East & Africa
C01826,Ivan Davis,Consumer,United States,North America
C01827,Amir Tanaka,Home Office,China,Asia Pacific
C01828,Robert Khan,Consumer,Argentina,South America
C01829,Michael Smith,Corporate,Canada,North America
C01830,Maria Weber,Consumer,Nigeria,Middle East & Africa
C01831,Li Wang,Corporate,China,Asia Pacific
C01832,Jennifer Dubois,Consumer,China,Asia Pacific
C01833,Elizabeth Garcia,Home Office,South Korea,Asia Pacific
C01834,Chen Tanaka,Home Office,Japan,Asia Pacific
C01835,Thomas Smith,Home Office,Canada,North America
C01836,Olivia Anderson,Home Office,Mexico,North America
C01837,Sarah Kim,Consumer,United Kingdom,Europe
C01838,James Williams,Corporate,Mexico,North America
C01839,Ahmed Rodriguez,Home Office,South Africa,Middle East & Africa
C01840,Sarah Johnson,Consumer,United States,North America
C01841,Giulia Oliveira,Corporate,Italy,Europe
C01842,Christopher Davis,Consumer,Australia,Asia Pacific
C01843,Mary Martinez,Corporate,United Kingdom,Europe
C01844,William Rodriguez,Corporate,United States,North America
C01845,Priya Harris,Home Office,United States,North America
C01846,Liam Smith,Consumer,Germany,Europe
C01847,Jamal Brown,Corporate,Japan,Asia Pacific
C01848,Felix Fischer,Corporate,Argentina,South America
C01849,Pierre Wang,Corporate,Spain,Europe
C01850,Layla Smith,Home Office,Australia,Asia Pacific
C01851,Sophie Martinez,Consumer,United States,North America
C01852,Jennifer Brown,Home Office,France,Europe
C01853,Ingrid Jackson,Home Office,China,Asia Pacific
C01854,Pierre Fischer,Consumer,United Kingdom,Europe
C01855,Elizabeth Schmidt,Corporate,Canada,North America
C01856,Linda Zhang,Consumer,Canada,North America
C01857,Christopher White,Corporate,Mexico,North America
C01858,Pierre Weber,Consumer,South Korea,Asia Pacific
C01859,Hans Rossi,Consumer,France,Europe
C01860,Robert Russo,Corporate,India,Asia Pacific
C01861,Layla Rodriguez,Consumer,China,Asia Pacific
C01862,Zara Suzuki,Consumer,South Africa,Middle East & Africa
C01863,Ali Yamamoto,Consumer,Brazil,South America
C01864,Wei White,Home Office,France,Europe
C01865,Emma Miller,Consumer,Spain,Europe
C01866,Giulia Harris,Home Office,Italy,Europe
C01867,Jamal Rossi,Consumer,United States,North America
C01868,Sophie Schmidt,Home Office,Colombia,South America
C01869,Wei Jackson,Home Office,United Kingdom,Europe
C01870,Isabella Sato,Consumer,Argentina,South America
C01871,Diego Suzuki,Corporate,Mexico,North America
C01872,Xiao Jackson,Consumer,Mexico,North America
C01873,Hans Sato,Corporate,Spain,Europe
C01874,Ivan Sato,Consumer,Spain,Europe
C01875,Hanna Hassan,Home Office,France,Europe
C01876,Hanna Ferrari,Consumer,Italy,Europe
C01877,Fatima Smith,Home Office,Australia,Asia Pacific
C01878,Priya Costa,Corporate,Canada,North America
C01879,Mary Rossi,Consumer,South Africa,Middle East & Africa
C01880,Hans Wang,Corporate,Mexico,North America
C01881,William Ali,Home Office,China,Asia Pacific
C01882,Olivia Leroy,Home Office,China,Asia Pacific
C01883,Ayumi Singh,Consumer,India,Asia Pacific
C01884,James Rossi,Consumer,France,Europe
C01885,Mary Fischer,Consumer,Saudi Arabia,Middle East & Africa
C01886,Susan Yamamoto,Home Office,United Kingdom,Europe
C01887,Olga Robinson,Corporate,China,Asia Pacific
C01888,Susan Jackson,Corporate,United Kingdom,Europe
C01889,Marco Sato,Consumer,Germany,Europe
C01890,Liam Sharma,Consumer,Colombia,South America
C01891,Sophie Zhang,Consumer,Mexico,North America
C01892,Karen Romano,Consumer,India,Asia Pacific
C01893,Thomas Laurent,Home Office,United States,North America
C01894,Jessica Thomas,Corporate,Spain,Europe
C01895,Omar Nilsson,Corporate,Canada,North America
C01896,Joseph Zhang,Consumer,France,Europe
C01897,Clara Fischer,Corporate,Mexico,North America
C01898,William Sato,Corporate,Italy,Europe
C01899,Emma Thompson,Corporate,Mexico,North America
C01900,Diego Williams,Consumer,India,Asia Pacific
C01901,Susan Ali,Consumer,South Korea,Asia Pacific
C01902,Olga Davis,Corporate,India,Asia Pacific
C01903,Fatima Fischer,Corporate,Mexico,North America
C01904,Liam Martin,Consumer,Argentina,South America
C01905,Kenji Hassan,Corporate,India,Asia Pacific
C01906,Xiao Ferrari,Home Office,Mexico,North America
C01907,Jamal Park,Consumer,UAE,Middle East & Africa
C01908,Noah Thomas,Corporate,India,Asia Pacific
C01909,Jessica Hassan,Home Office,Argentina,South America
C01910,Layla Park,Consumer,Japan,Asia Pacific
C01911,Christopher Romano,Consumer,Spain,Europe
C01912,Joseph Martin,Corporate,South Korea,Asia Pacific
C01913,Layla Yamamoto,Home Office,Australia,Asia Pacific
C01914,Clara Hassan,Corporate,Germany,Europe
C01915,Sarah Nilsson,Corporate,Japan,Asia Pacific
C01916,Felix Singh,Consumer,Japan,Asia Pacific
C01917,Thomas Suzuki,Corporate,UAE,Middle East & Africa
C01918,Emma Suzuki,Home Office,United Kingdom,Europe
C01919,Raj Rossi,Consumer,Australia,Asia Pacific
C01920,Olga Miller,Consumer,Mexico,North America
C01921,Jessica Pereira,Consumer,Argentina,South America
C01922,Raj White,Home Office,France,Europe
C01923,Kenji Wang,Consumer,China,Asia Pacific
C01924,Omar Ali,Corporate,Spain,Europe
C01925,Emma Laurent,Consumer,South Korea,Asia Pacific
C01926,Mary Yamamoto,Consumer,China,Asia Pacific
C01927,Joseph Chen,Consumer,United States,North America
C01928,James Khan,Home Office,United States,North America
C01929,Xiao Romano,Corporate,India,Asia Pacific
C01930,Pierre Suzuki,Corporate,Colombia,South America
C01931,Lucas Clark,Home Office,South Africa,Middle East & Africa
C01932,Sarah Harris,Consumer,Japan,Asia Pacific
C01933,Joseph Fischer,Corporate,United States,North America
C01934,Oscar Martin,Consumer,Japan,Asia Pacific
C01935,Oscar Davis,Consumer,Japan,Asia Pacific
C01936,Olga Robinson,Corporate,South Africa,Middle East & Africa
C01937,Mary Jackson,Consumer,Mexico,North America
C01938,Maria Martin,Consumer,China,Asia Pacific
C01939,Susan Weber,Consumer,Canada,North America
C01940,Lucas Sato,Consumer,United Kingdom,Europe
C01941,Robert Martinez,Consumer,Canada,North America
C01942,Richard Martinez,Home Office,South Korea,Asia Pacific
C01943,Chen Patel,Corporate,Nigeria,Middle East & Africa
C01944,Richard Romano,Corporate,Nigeria,Middle East & Africa
C01945,Olga Nilsson,Home Office,United States,North America
C01946,Jennifer Clark,Home Office,Spain,Europe
C01947,Karen Garcia,Corporate,South Africa,Middle East & Africa
C01948,Carlos Rodriguez,Corporate,Brazil,South America
C01949,Mia Tanaka,Home Office,Germany,Europe
C01950,Ava Laurent,Corporate,Mexico,North America
C01951,Li Kim,Consumer,Japan,Asia Pacific
C01952,Amina Smith,Consumer,Mexico,North America
C01953,Olga Davis,Consumer,Australia,Asia Pacific
C01954,Marco Taylor,Consumer,South Africa,Middle East & Africa
C01955,Xiao Johansson,Home Office,Mexico,North America
C01956,Hanna Martinez,Corporate,Germany,Europe
C01957,Noah Jones,Consumer,Australia,Asia Pacific
C01958,Nadia Nilsson,Corporate,South Korea,Asia Pacific
C01959,Ingrid Li,Consumer,Spain,Europe
C01960,Sophie Khan,Consumer,Nigeria,Middle East & Africa
C01961,Kenji Johnson,Home Office,United States,North America
C01962,Barbara Williams,Corporate,Canada,North America
C01963,Ingrid Suzuki,Consumer,Italy,Europe
C01964,Elizabeth Fischer,Home Office,Italy,Europe
C01965,Pierre Robinson,Consumer,Mexico,North America
C01966,Ingrid Zhang,Corporate,Japan,Asia Pacific
C01967,Ali Jackson,Consumer,Saudi Arabia,Middle East & Africa
C01968,Carlos Thomas,Consumer,France,Europe
C01969,Kenji Harris,Consumer,France,Europe
C01970,Robert Sato,Consumer,Canada,North America
C01971,Chen Taylor,Home Office,India,Asia Pacific
C01972,Xiao Davis,Consumer,Nigeria,Middle East & Africa
C01973,Yuki Kim,Consumer,UAE,Middle East & Africa
C01974,Isabella Thomas,Home Office,South Korea,Asia Pacific
C01975,Priya Thomas,Home Office,Mexico,North America
C01976,Ayumi Russo,Consumer,Germany,Europe
C01977,Xiao Robinson,Consumer,Brazil,South America
C01978,Maria Leroy,Consumer,Germany,Europe
C01979,Sophie Clark,Consumer,Argentina,South America
C01980,Elizabeth Müller,Home Office,Italy,Europe
C01981,Hanna Leroy,Consumer,Australia,Asia Pacific
C01982,Jennifer Oliveira,Consumer,India,Asia Pacific
C01983,Linda Nilsson,Consumer,France,Europe
C01984,Ayumi Dubois,Consumer,France,Europe
C01985,Barbara Jones,Consumer,Spain,Europe
C01986,Maria Suzuki,Home Office,Spain,Europe
C01987,Susan Russo,Home Office,South Korea,Asia Pacific
