order_item_id,order_id,product_id,quantity,unit_price,discount_percent,total_sales,profit
I000001,ORD-11121,P00001,3.0,99.43,0.0,298.29,124.92
I000002,ORD-11244,P00002,4.0,97.93,20.0,313.38,83.62
I000003,ORD-10325,P00003,2.0,10.74,0.0,21.48,3.69
I000004,ORD-10467,P00004,2.0,61.86,15.0,105.16,26.32
I000005,ORD-11454,P00005,4.0,330.67,20.0,1058.14,253.44
I000006,ORD-11746,P00006,1.0,61.93,10.0,55.74,12.7
I000007,ORD-11162,P00007,2.0,15.03,5.0,28.56,8.44
I000008,ORD-11271,P00008,2.0,33.91,10.0,61.04,9.36
I000009,ORD-11702,P00005,2.0,334.11,5.0,634.81,221.96
I000010,ORD-10847,P00009,1.0,58.77,5.0,55.83,8.54
I000011,ORD-10446,P00010,2.0,38.91,15.0,66.15,12.99
I000012,ORD-11499,P00011,3.0,7.8,10.0,21.06,-2.08
I000013,ORD-10271,P00004,1.0,48.73,10.0,43.86,8.95
I000014,ORD-11356,P00012,1.0,59.48,0.0,59.48,18.32
I000015,ORD-10793,P00013,1.0,15.82,0.0,15.82,-0.46
I000016,ORD-11330,P00014,3.0,51.92,30.0,109.03,17.76
I000017,ORD-11886,P00015,3.0,358.6,15.0,914.43,254.21
I000018,ORD-10339,P00016,2.0,446.8,5.0,848.92,299.17
I000019,ORD-10402,P00009,6.0,96.58,0.0,579.48,221.57
I000020,ORD-10560,P00017,1.0,27.9,5.0,26.5,3.62
I000021,ORD-10686,P00018,5.0,9.91,25.0,37.16,-5.87
I000022,ORD-11718,P00017,2.0,47.0,10.0,84.6,22.77
I000023,ORD-10736,P00019,2.0,32.91,0.0,65.82,22.07
I000024,ORD-10846,P00020,2.0,11.41,5.0,21.68,-3.85
I000025,ORD-11128,P00005,5.0,333.59,10.0,1501.15,491.36
I000026,ORD-10279,P00021,7.0,10.6,20.0,59.36,7.71
I000027,ORD-10344,P00022,2.0,67.38,5.0,128.02,36.16
I000028,ORD-10589,P00023,4.0,121.25,0.0,485.0,199.72
I000029,ORD-11029,P00018,4.0,19.92,0.0,79.68,27.81
I000030,ORD-11026,P00019,3.0,34.98,5.0,99.69,27.3
I000031,ORD-10968,P00022,4.0,37.18,5.0,141.28,39.77
I000032,ORD-11723,P00024,1.0,8.54,15.0,7.26,-4.55
I000033,ORD-10408,P00011,2.0,8.53,5.0,16.21,-0.77
I000034,ORD-11828,P00025,4.0,57.87,20.0,185.18,55.56
I000035,ORD-11035,P00018,8.0,15.41,10.0,110.95,33.57
I000036,ORD-10599,P00002,1.0,167.57,5.0,159.19,60.82
I000037,ORD-10780,P00016,2.0,212.13,0.0,424.26,154.98
I000038,ORD-10636,P00026,5.0,9.02,15.0,38.33,0.34
I000039,ORD-10694,P00004,3.0,55.78,0.0,167.34,65.92
I000040,ORD-10711,P00007,5.0,10.25,0.0,51.25,9.3
I000041,ORD-10383,P00025,1.0,54.25,0.0,54.25,15.54
I000042,ORD-10435,P00024,4.0,16.61,5.0,63.12,24.82
I000043,ORD-10017,P00027,3.0,18.32,0.0,54.96,14.57
I000044,ORD-11220,P00028,4.0,53.6,0.0,214.4,98.68
I000045,ORD-11237,P00015,4.0,429.23,5.0,1631.07,588.72
I000046,ORD-11655,P00029,2.0,28.99,10.0,52.18,7.59
I000047,ORD-11858,P00003,3.0,8.65,5.0,24.65,-4.07
I000048,ORD-10787,P00030,3.0,19.94,0.0,59.82,18.31
I000049,ORD-10950,P00004,6.0,32.72,5.0,186.5,68.41
I000050,ORD-10374,P00025,12.0,25.43,5.0,289.9,113.76
I000051,ORD-10745,P00005,4.0,274.83,10.0,989.39,319.52
I000052,ORD-11670,P00022,1.0,60.16,15.0,51.14,4.19
I000053,ORD-11158,P00021,10.0,8.37,15.0,71.14,9.29
I000054,ORD-11430,P00011,1.0,4.78,10.0,4.3,-9.69
I000055,ORD-11760,P00004,7.0,79.23,15.0,471.42,146.54
I000056,ORD-10720,P00006,1.0,188.93,5.0,179.48,56.92
I000057,ORD-11218,P00014,10.0,138.7,15.0,1178.95,468.09
I000058,ORD-10384,P00031,1.0,8.96,0.0,8.96,-6.6
I000059,ORD-11503,P00032,2.0,173.37,0.0,346.74,145.14
I000060,ORD-11711,P00032,1.0,63.94,10.0,57.55,15.52
I000061,ORD-10098,P00004,3.0,64.55,10.0,174.28,54.76
I000062,ORD-10314,P00024,5.0,14.53,5.0,69.02,24.46
I000063,ORD-10322,P00011,1.0,9.63,10.0,8.67,-6.1
I000064,ORD-11507,P00006,4.0,118.02,0.0,472.08,180.93
I000065,ORD-11683,P00009,9.0,126.93,0.0,1142.37,433.81
I000066,ORD-10642,P00005,8.0,289.71,10.0,2085.91,678.86
I000067,ORD-11011,P00012,2.0,81.58,15.0,138.69,45.31
I000068,ORD-11270,P00023,9.0,111.98,5.0,957.43,378.75
I000069,ORD-11659,P00010,3.0,45.99,0.0,137.97,56.3
I000070,ORD-10256,P00011,3.0,4.96,10.0,13.39,-0.4
I000071,ORD-10527,P00012,8.0,80.13,25.0,480.78,142.09
I000072,ORD-11082,P00017,1.0,43.57,5.0,41.39,9.54
I000073,ORD-10473,P00032,2.0,143.15,5.0,271.99,105.94
I000074,ORD-11304,P00009,8.0,126.81,10.0,913.03,282.29
I000075,ORD-11560,P00004,1.0,48.95,0.0,48.95,9.71
I000076,ORD-11196,P00033,2.0,47.62,5.0,90.48,25.04
I000077,ORD-11355,P00001,1.0,238.37,15.0,202.61,60.48
I000078,ORD-11569,P00028,5.0,39.22,10.0,176.49,60.74
I000079,ORD-10916,P00014,2.0,72.23,20.0,115.57,30.26
I000080,ORD-10837,P00034,3.0,35.6,5.0,101.46,33.03
I000081,ORD-10855,P00020,5.0,4.37,15.0,18.57,-2.54
I000082,ORD-11065,P00027,2.0,20.92,0.0,41.84,10.32
I000083,ORD-11922,P00034,4.0,54.4,5.0,206.72,90.39
I000084,ORD-10594,P00019,8.0,72.89,0.0,583.12,248.13
I000085,ORD-11419,P00035,6.0,54.39,0.0,326.34,113.2
I000086,ORD-11624,P00016,6.0,472.56,0.0,2835.36,1115.05
I000087,ORD-11855,P00032,1.0,133.63,0.0,133.63,50.19
I000088,ORD-10843,P00030,2.0,32.06,0.0,64.12,21.03
I000089,ORD-11306,P00036,4.0,36.01,15.0,122.43,32.77
I000090,ORD-10392,P00011,4.0,7.24,10.0,26.06,4.18
I000091,ORD-11302,P00036,3.0,60.99,0.0,182.97,70.31
I000092,ORD-11205,P00003,6.0,7.14,0.0,42.84,10.97
I000093,ORD-10892,P00020,2.0,8.06,15.0,13.7,-3.99
I000094,ORD-11175,P00012,2.0,31.71,5.0,60.25,17.91
I000095,ORD-11598,P00009,6.0,82.3,0.0,493.8,185.09
I000096,ORD-10113,P00004,1.0,77.48,0.0,77.48,27.71
I000097,ORD-10646,P00011,9.0,7.24,0.0,65.16,16.89
I000098,ORD-11378,P00026,12.0,5.63,5.0,64.18,2.52
I000099,ORD-11900,P00027,2.0,26.25,10.0,47.25,14.73
I000100,ORD-11523,P00032,2.0,135.29,0.0,270.58,111.69
I000101,ORD-10233,P00035,1.0,24.66,0.0,24.66,-1.41
I000102,ORD-10605,P00002,4.0,165.1,5.0,627.38,248.72
I000103,ORD-10907,P00024,2.0,11.57,25.0,17.36,-1.14
I000104,ORD-11202,P00037,1.0,113.52,10.0,102.17,26.71
I000105,ORD-11294,P00018,4.0,9.18,20.0,29.38,0.26
I000106,ORD-11673,P00001,2.0,201.32,0.0,402.64,167.47
I000107,ORD-11217,P00002,9.0,90.24,10.0,730.94,265.39
I000108,ORD-10246,P00024,1.0,18.57,0.0,18.57,0.3
I000109,ORD-11135,P00038,3.0,29.57,10.0,79.84,24.6
I000110,ORD-10620,P00007,1.0,11.17,20.0,8.94,-6.16
I000111,ORD-11279,P00013,8.0,20.92,0.0,167.36,73.08
I000112,ORD-10124,P00018,5.0,11.95,10.0,53.77,12.09
I000113,ORD-10242,P00009,3.0,59.88,20.0,143.71,26.59
I000114,ORD-10915,P00022,6.0,99.69,0.0,598.14,221.25
I000115,ORD-11632,P00016,1.0,354.67,5.0,336.94,111.73
I000116,ORD-11184,P00007,4.0,22.67,0.0,90.68,35.55
I000117,ORD-10874,P00003,4.0,5.48,5.0,20.82,-1.04
I000118,ORD-11668,P00002,8.0,107.75,10.0,775.8,286.77
I000119,ORD-11260,P00003,1.0,11.11,0.0,11.11,-2.0
I000120,ORD-10953,P00019,2.0,27.32,10.0,49.18,9.03
I000121,ORD-10521,P00007,5.0,19.74,0.0,98.7,37.26
I000122,ORD-11545,P00012,3.0,70.31,0.0,210.93,90.0
I000123,ORD-10070,P00023,5.0,149.77,10.0,673.97,247.62
I000124,ORD-11006,P00002,2.0,54.94,0.0,109.88,40.68
I000125,ORD-10744,P00038,5.0,61.18,10.0,275.31,107.7
I000126,ORD-10861,P00003,2.0,14.59,0.0,29.18,3.8
I000127,ORD-10676,P00002,3.0,174.46,0.0,523.38,220.87
I000128,ORD-11064,P00038,1.0,28.85,15.0,24.52,-0.72
I000129,ORD-11786,P00015,3.0,323.91,15.0,825.97,233.58
I000130,ORD-10637,P00039,2.0,11.39,0.0,22.78,3.96
I000131,ORD-10863,P00022,5.0,64.1,5.0,304.47,94.68
I000132,ORD-11917,P00021,2.0,6.29,0.0,12.58,-0.3
I000133,ORD-10020,P00009,2.0,90.87,0.0,181.74,58.02
I000134,ORD-11090,P00015,12.0,334.56,5.0,3813.98,1370.08
I000135,ORD-11712,P00022,4.0,68.83,0.0,275.32,90.35
I000136,ORD-10887,P00031,2.0,10.37,0.0,20.74,-1.94
I000137,ORD-11156,P00028,2.0,52.89,0.0,105.78,46.62
I000138,ORD-11633,P00035,11.0,30.48,0.0,335.28,104.15
I000139,ORD-10103,P00027,3.0,24.22,5.0,69.03,23.83
I000140,ORD-10132,P00001,5.0,239.45,5.0,1137.39,464.29
I000141,ORD-11007,P00040,4.0,210.65,0.0,842.6,325.93
I000142,ORD-10395,P00017,9.0,32.74,10.0,265.19,98.71
I000143,ORD-11318,P00014,3.0,135.29,10.0,365.28,153.26
I000144,ORD-10252,P00038,6.0,30.52,0.0,183.12,70.42
I000145,ORD-10450,P00032,4.0,113.34,15.0,385.36,127.82
I000146,ORD-11088,P00007,5.0,11.27,5.0,53.53,16.17
I000147,ORD-11452,P00011,1.0,5.67,15.0,4.82,-3.68
I000148,ORD-11478,P00023,1.0,116.12,10.0,104.51,30.46
I000149,ORD-11231,P00023,1.0,85.63,5.0,81.35,25.39
I000150,ORD-11479,P00040,1.0,199.74,20.0,159.79,30.28
I000151,ORD-10821,P00019,2.0,34.22,0.0,68.44,21.58
I000152,ORD-11766,P00028,3.0,37.69,30.0,79.15,15.28
I000153,ORD-11000,P00028,1.0,42.86,5.0,40.72,7.15
I000154,ORD-11002,P00030,4.0,24.85,15.0,84.49,14.44
I000155,ORD-11631,P00005,6.0,241.26,0.0,1447.56,564.46
I000156,ORD-11784,P00022,1.0,67.62,0.0,67.62,15.42
I000157,ORD-10578,P00016,1.0,268.98,0.0,268.98,99.03
I000158,ORD-10306,P00026,3.0,9.65,5.0,27.5,3.85
I000159,ORD-10532,P00032,2.0,139.15,5.0,264.38,98.83
I000160,ORD-10903,P00021,2.0,15.49,10.0,27.88,7.87
I000161,ORD-11253,P00030,6.0,25.63,15.0,130.71,28.41
I000162,ORD-11610,P00024,1.0,13.0,5.0,12.35,0.69
I000163,ORD-10071,P00016,2.0,252.68,0.0,505.36,194.02
I000164,ORD-10207,P00036,8.0,20.81,0.0,166.48,54.62
I000165,ORD-11995,P00003,2.0,12.65,15.0,21.5,-2.21
I000166,ORD-10176,P00025,3.0,83.46,0.0,250.38,109.12
I000167,ORD-11066,P00008,3.0,57.89,5.0,164.99,59.99
I000168,ORD-11988,P00002,1.0,133.59,0.0,133.59,47.64
I000169,ORD-10274,P00003,1.0,9.89,5.0,9.4,-5.95
I000170,ORD-10840,P00013,6.0,17.86,5.0,101.8,41.71
I000171,ORD-11333,P00035,4.0,58.82,10.0,211.75,57.46
I000172,ORD-11079,P00008,3.0,63.4,20.0,152.16,35.29
I000173,ORD-11868,P00002,1.0,133.59,10.0,120.23,40.28
I000174,ORD-11664,P00037,2.0,244.78,10.0,440.6,137.04
I000175,ORD-11912,P00018,4.0,13.89,0.0,55.56,12.3
I000176,ORD-11921,P00020,2.0,4.54,0.0,9.08,-8.78
I000177,ORD-10551,P00005,4.0,257.6,25.0,772.8,134.77
I000178,ORD-10091,P00012,1.0,55.0,5.0,52.25,14.94
I000179,ORD-10434,P00011,4.0,8.66,5.0,32.91,5.66
I000180,ORD-11552,P00023,2.0,94.43,10.0,169.97,59.24
I000181,ORD-10330,P00001,6.0,209.9,5.0,1196.43,486.56
I000182,ORD-10769,P00001,9.0,67.71,0.0,609.39,252.8
I000183,ORD-10427,P00032,2.0,171.32,15.0,291.24,93.33
I000184,ORD-11810,P00001,3.0,82.93,20.0,199.03,49.84
I000185,ORD-11212,P00004,4.0,57.09,15.0,194.11,57.13
I000186,ORD-10667,P00025,1.0,54.74,0.0,54.74,16.48
I000187,ORD-11292,P00040,10.0,136.46,15.0,1159.91,323.4
I000188,ORD-11731,P00015,2.0,308.79,0.0,617.58,239.82
I000189,ORD-11224,P00006,3.0,180.81,20.0,433.94,90.28
I000190,ORD-10468,P00035,1.0,54.96,10.0,49.46,5.74
I000191,ORD-11700,P00040,1.0,137.26,10.0,123.53,32.7
I000192,ORD-10377,P00017,6.0,30.66,10.0,165.56,51.17
I000193,ORD-11553,P00034,1.0,46.16,5.0,43.85,9.69
I000194,ORD-11888,P00025,4.0,45.58,5.0,173.2,69.84
I000195,ORD-10102,P00005,2.0,177.6,0.0,355.2,128.75
I000196,ORD-11008,P00006,3.0,192.55,0.0,577.65,220.8
I000197,ORD-11204,P00030,1.0,17.84,5.0,16.95,-3.9
I000198,ORD-10826,P00026,4.0,8.59,5.0,32.64,5.67
I000199,ORD-11363,P00030,1.0,29.87,0.0,29.87,7.01
I000200,ORD-10202,P00013,3.0,12.78,5.0,36.42,4.45
I000201,ORD-10462,P00008,3.0,71.84,0.0,215.52,88.42
I000202,ORD-11586,P00018,2.0,6.24,20.0,9.98,-8.87
I000203,ORD-10703,P00020,2.0,12.15,10.0,21.87,1.46
I000204,ORD-10828,P00025,1.0,88.39,15.0,75.13,19.73
I000205,ORD-10652,P00001,5.0,181.39,0.0,906.95,394.52
I000206,ORD-11385,P00024,1.0,16.13,15.0,13.71,0.33
I000207,ORD-11895,P00008,2.0,44.17,5.0,83.92,29.03
I000208,ORD-10143,P00013,2.0,11.52,15.0,19.58,-2.89
I000209,ORD-10853,P00013,3.0,11.58,30.0,24.32,-4.84
I000210,ORD-10452,P00028,3.0,25.71,15.0,65.56,18.12
I000211,ORD-11484,P00029,3.0,47.53,15.0,121.2,35.6
I000212,ORD-10623,P00012,3.0,94.61,20.0,227.06,68.37
I000213,ORD-11458,P00040,2.0,248.9,20.0,398.24,91.33
I000214,ORD-10609,P00019,4.0,62.57,10.0,225.25,72.61
I000215,ORD-11288,P00009,15.0,100.94,5.0,1438.39,500.67
I000216,ORD-10607,P00029,1.0,55.77,5.0,52.98,11.06
I000217,ORD-10105,P00022,2.0,77.49,15.0,131.73,26.11
I000218,ORD-11298,P00006,4.0,65.92,5.0,250.5,78.83
I000219,ORD-11682,P00037,1.0,121.55,25.0,91.16,11.63
I000220,ORD-10411,P00025,2.0,79.65,10.0,143.37,53.58
I000221,ORD-11776,P00005,3.0,180.1,10.0,486.27,153.78
I000222,ORD-11788,P00006,3.0,145.84,15.0,371.89,94.84
I000223,ORD-11227,P00011,9.0,3.16,10.0,25.6,-5.43
I000224,ORD-10941,P00024,3.0,8.2,0.0,24.6,6.08
I000225,ORD-11045,P00040,2.0,214.52,0.0,429.04,156.23
I000226,ORD-11149,P00027,8.0,43.71,15.0,297.23,100.47
I000227,ORD-11329,P00005,2.0,119.77,25.0,179.66,25.57
I000228,ORD-11394,P00037,1.0,217.82,25.0,163.37,20.22
I000229,ORD-11435,P00037,2.0,295.24,0.0,590.48,227.12
I000230,ORD-10336,P00040,1.0,195.08,5.0,185.33,58.87
I000231,ORD-11513,P00010,5.0,26.84,0.0,134.2,49.9
I000232,ORD-11762,P00030,5.0,15.48,10.0,69.66,7.35
I000233,ORD-10562,P00004,5.0,54.1,5.0,256.97,96.77
I000234,ORD-10710,P00019,8.0,37.26,20.0,238.46,59.92
I000235,ORD-11740,P00013,4.0,10.54,15.0,35.84,6.0
I000236,ORD-10422,P00013,3.0,15.84,5.0,45.14,15.8
I000237,ORD-11834,P00012,2.0,33.16,0.0,66.32,21.78
I000238,ORD-10942,P00003,3.0,14.0,15.0,35.7,0.33
I000239,ORD-10129,P00022,7.0,54.12,15.0,322.01,77.25
I000240,ORD-10722,P00009,1.0,118.34,5.0,112.42,33.76
I000241,ORD-10845,P00018,1.0,20.28,0.0,20.28,2.24
I000242,ORD-10937,P00037,7.0,263.11,10.0,1657.59,535.99
I000243,ORD-11401,P00037,1.0,271.69,20.0,217.35,43.68
I000244,ORD-10069,P00033,4.0,43.62,15.0,148.31,27.81
I000245,ORD-10025,P00034,6.0,36.82,10.0,198.83,74.59
I000246,ORD-11268,P00020,1.0,10.08,15.0,8.57,-4.12
I000247,ORD-11962,P00039,3.0,6.18,15.0,15.76,-1.76
I000248,ORD-10979,P00008,8.0,64.14,15.0,436.15,131.29
I000249,ORD-10816,P00036,1.0,29.03,5.0,27.58,0.8
I000250,ORD-11468,P00026,1.0,6.69,0.0,6.69,-6.88
I000251,ORD-11539,P00008,4.0,59.29,20.0,189.73,45.7
I000252,ORD-11609,P00010,1.0,31.48,5.0,29.91,1.93
I000253,ORD-11707,P00024,3.0,7.93,0.0,23.79,-0.93
I000254,ORD-10177,P00030,6.0,24.62,5.0,140.33,34.32
I000255,ORD-10817,P00032,4.0,72.94,20.0,233.41,56.76
I000256,ORD-11080,P00036,2.0,32.45,10.0,58.41,14.09
I000257,ORD-10376,P00039,6.0,5.73,15.0,29.22,-5.16
I000258,ORD-10726,P00010,4.0,38.87,5.0,147.71,55.93
I000259,ORD-11103,P00003,2.0,6.85,0.0,13.7,0.12
I000260,ORD-10727,P00035,2.0,16.26,5.0,30.89,5.12
I000261,ORD-10772,P00036,1.0,23.01,5.0,21.86,-3.94
I000262,ORD-11060,P00007,4.0,22.5,15.0,76.5,15.43
I000263,ORD-11322,P00016,3.0,229.47,15.0,585.15,162.27
I000264,ORD-10146,P00015,5.0,336.47,0.0,1682.35,657.16
I000265,ORD-11048,P00006,2.0,122.54,0.0,245.08,86.25
I000266,ORD-11155,P00023,5.0,88.03,15.0,374.13,115.42
I000267,ORD-11376,P00035,4.0,24.66,0.0,98.64,23.43
I000268,ORD-11535,P00004,3.0,60.58,10.0,163.57,53.86
I000269,ORD-10114,P00002,3.0,158.55,15.0,404.3,131.02
I000270,ORD-11031,P00022,6.0,43.48,15.0,221.75,51.28
I000271,ORD-11133,P00008,15.0,33.12,0.0,496.8,185.38
I000272,ORD-10349,P00019,1.0,30.15,15.0,25.63,2.45
I000273,ORD-11733,P00013,3.0,18.83,10.0,50.84,14.46
I000274,ORD-10358,P00034,5.0,17.24,0.0,86.2,26.9
I000275,ORD-11932,P00011,1.0,6.68,15.0,5.68,-5.55
I000276,ORD-10042,P00022,9.0,33.65,5.0,287.71,89.26
I000277,ORD-10569,P00019,3.0,69.43,5.0,197.88,72.6
I000278,ORD-11665,P00015,10.0,398.27,5.0,3783.56,1373.63
I000279,ORD-10876,P00005,4.0,114.01,0.0,456.04,168.64
I000280,ORD-11258,P00038,1.0,79.09,20.0,63.27,13.22
I000281,ORD-11375,P00021,2.0,12.13,15.0,20.62,-2.56
I000282,ORD-10546,P00033,4.0,42.27,15.0,143.72,25.67
I000283,ORD-10860,P00030,3.0,48.52,15.0,123.73,30.61
I000284,ORD-11307,P00031,4.0,27.6,10.0,99.36,30.83
I000285,ORD-10182,P00013,11.0,23.39,10.0,231.56,101.55
I000286,ORD-10674,P00031,10.0,14.57,5.0,138.41,30.02
I000287,ORD-11336,P00037,1.0,250.47,5.0,237.95,76.89
I000288,ORD-10712,P00036,7.0,57.98,15.0,344.98,104.96
I000289,ORD-10788,P00021,1.0,19.94,10.0,17.95,-2.68
I000290,ORD-10212,P00034,3.0,45.1,10.0,121.77,39.84
I000291,ORD-11068,P00021,2.0,10.66,10.0,19.19,-1.41
I000292,ORD-11653,P00027,1.0,26.53,0.0,26.53,-0.16
I000293,ORD-11771,P00022,5.0,94.63,0.0,473.15,170.35
I000294,ORD-10480,P00038,2.0,30.06,10.0,54.11,12.28
I000295,ORD-10700,P00034,3.0,40.18,0.0,120.54,47.96
I000296,ORD-10661,P00004,9.0,74.43,10.0,602.88,222.86
I000297,ORD-10747,P00028,1.0,24.48,20.0,19.58,-2.37
I000298,ORD-10432,P00008,3.0,62.62,10.0,169.07,53.57
I000299,ORD-10483,P00023,3.0,97.31,10.0,262.74,87.15
I000300,ORD-10792,P00024,5.0,18.79,10.0,84.55,27.04
I000301,ORD-11387,P00015,1.0,192.58,20.0,154.06,26.45
I000302,ORD-11564,P00028,3.0,48.59,15.0,123.9,41.12
I000303,ORD-10381,P00019,2.0,46.18,5.0,87.74,24.56
I000304,ORD-11603,P00005,7.0,309.68,20.0,1734.21,413.61
I000305,ORD-11019,P00035,1.0,24.14,0.0,24.14,-3.52
I000306,ORD-10977,P00018,4.0,15.95,15.0,54.23,16.9
I000307,ORD-10008,P00026,1.0,6.99,10.0,6.29,-3.55
I000308,ORD-11100,P00024,2.0,19.72,10.0,35.5,11.37
I000309,ORD-11464,P00006,4.0,194.07,0.0,776.28,299.09
I000310,ORD-11562,P00019,2.0,52.02,15.0,88.43,24.07
I000311,ORD-10083,P00024,1.0,19.62,5.0,18.64,-2.67
I000312,ORD-10112,P00027,7.0,43.03,20.0,240.97,74.05
I000313,ORD-11077,P00008,5.0,50.01,0.0,250.05,93.18
I000314,ORD-10003,P00035,3.0,53.14,15.0,135.51,24.98
I000315,ORD-10024,P00011,2.0,3.31,0.0,6.62,-11.28
I000316,ORD-10404,P00018,2.0,11.9,0.0,23.8,3.38
I000317,ORD-11154,P00031,6.0,21.26,5.0,121.18,48.26
I000318,ORD-11859,P00038,1.0,59.16,10.0,53.24,17.06
I000319,ORD-10107,P00003,1.0,10.59,5.0,10.06,-6.11
I000320,ORD-11182,P00004,6.0,62.93,0.0,377.58,156.02
I000321,ORD-11380,P00017,4.0,54.62,0.0,218.48,97.88
I000322,ORD-10015,P00019,2.0,42.71,20.0,68.34,9.14
I000323,ORD-10545,P00009,2.0,113.15,10.0,203.67,56.82
I000324,ORD-10961,P00036,1.0,61.5,15.0,52.27,7.7
I000325,ORD-10511,P00011,5.0,3.47,5.0,16.48,-4.93
I000326,ORD-11806,P00016,5.0,394.43,5.0,1873.54,678.15
I000327,ORD-10283,P00040,4.0,161.93,10.0,582.95,184.13
I000328,ORD-10625,P00016,7.0,233.89,0.0,1637.23,633.6
I000329,ORD-11098,P00038,7.0,30.7,10.0,193.41,75.32
I000330,ORD-11395,P00034,5.0,21.72,0.0,108.6,44.26
I000331,ORD-10090,P00018,3.0,18.99,10.0,51.27,15.76
I000332,ORD-10904,P00001,1.0,190.35,10.0,171.31,55.66
I000333,ORD-10266,P00033,3.0,64.89,25.0,146.0,13.02
I000334,ORD-10424,P00034,2.0,27.32,10.0,49.18,11.12
I000335,ORD-11061,P00002,10.0,133.95,10.0,1205.55,447.36
I000336,ORD-11808,P00019,2.0,56.54,5.0,107.43,37.92
I000337,ORD-10326,P00033,1.0,51.24,20.0,40.99,2.18
I000338,ORD-11349,P00002,13.0,145.33,5.0,1794.83,719.68
I000339,ORD-10681,P00034,5.0,27.72,5.0,131.67,46.81
I000340,ORD-10996,P00028,2.0,53.18,5.0,101.04,34.56
I000341,ORD-11167,P00032,5.0,167.91,0.0,839.55,362.63
I000342,ORD-11391,P00024,1.0,16.43,5.0,15.61,-3.1
I000343,ORD-10949,P00033,2.0,71.01,15.0,120.72,22.31
I000344,ORD-11494,P00025,1.0,41.08,0.0,41.08,8.83
I000345,ORD-10240,P00035,1.0,21.14,20.0,16.91,-7.85
I000346,ORD-10945,P00030,1.0,52.78,0.0,52.78,17.55
I000347,ORD-11589,P00024,1.0,13.41,10.0,12.07,-6.52
I000348,ORD-11824,P00022,4.0,75.9,0.0,303.6,106.48
I000349,ORD-10045,P00011,3.0,8.95,0.0,26.85,-3.63
I000350,ORD-11229,P00029,1.0,20.02,15.0,17.02,-4.97
I000351,ORD-11934,P00021,1.0,10.76,10.0,9.68,-1.44
I000352,ORD-10001,P00013,2.0,9.48,0.0,18.96,3.56
I000353,ORD-11199,P00030,3.0,33.19,15.0,84.63,18.63
I000354,ORD-11680,P00033,3.0,73.54,15.0,187.53,41.81
I000355,ORD-10755,P00030,1.0,19.91,5.0,18.91,-1.9
I000356,ORD-11247,P00006,4.0,96.5,20.0,308.8,62.71
I000357,ORD-10225,P00002,10.0,104.58,30.0,732.06,142.02
I000358,ORD-10281,P00009,3.0,83.44,10.0,225.29,59.93
I000359,ORD-10980,P00025,10.0,64.87,5.0,616.26,277.41
I000360,ORD-11339,P00037,3.0,182.51,5.0,520.15,182.73
I000361,ORD-10459,P00013,5.0,10.99,5.0,52.2,14.81
I000362,ORD-10885,P00007,3.0,10.7,5.0,30.49,4.13
I000363,ORD-10680,P00026,5.0,7.28,5.0,34.58,-2.51
I000364,ORD-11530,P00009,2.0,44.23,10.0,79.61,12.83
I000365,ORD-11642,P00001,2.0,151.07,25.0,226.6,52.58
I000366,ORD-10228,P00036,1.0,35.7,10.0,32.13,1.46
I000367,ORD-10254,P00026,7.0,15.21,20.0,85.18,12.48
I000368,ORD-10418,P00005,1.0,206.62,10.0,185.96,50.3
I000369,ORD-10842,P00025,1.0,34.17,15.0,29.04,-0.06
I000370,ORD-11769,P00021,5.0,9.43,5.0,44.79,1.15
I000371,ORD-11929,P00004,3.0,67.35,0.0,202.05,78.48
I000372,ORD-11501,P00025,3.0,75.47,5.0,215.09,91.48
I000373,ORD-10363,P00002,3.0,91.18,10.0,246.19,87.16
I000374,ORD-10496,P00004,2.0,88.88,10.0,159.98,54.58
I000375,ORD-11960,P00037,3.0,120.89,20.0,290.14,58.42
I000376,ORD-10838,P00014,8.0,48.11,20.0,307.9,89.89
I000377,ORD-11909,P00009,5.0,79.11,10.0,356.0,102.62
I000378,ORD-10030,P00018,2.0,17.66,15.0,30.02,1.08
I000379,ORD-11169,P00003,5.0,7.76,10.0,34.92,1.67
I000380,ORD-11178,P00006,3.0,97.26,10.0,262.6,76.97
I000381,ORD-10651,P00034,1.0,18.19,0.0,18.19,-0.54
I000382,ORD-10737,P00008,8.0,75.46,15.0,513.13,164.92
I000383,ORD-10952,P00007,2.0,16.46,10.0,29.63,1.18
I000384,ORD-11481,P00033,1.0,55.59,5.0,52.81,13.35
I000385,ORD-10852,P00012,1.0,78.86,10.0,70.97,24.14
I000386,ORD-11667,P00032,1.0,89.29,5.0,84.83,26.54
I000387,ORD-10277,P00010,1.0,22.46,5.0,21.34,3.16
I000388,ORD-10356,P00024,4.0,12.89,5.0,48.98,16.21
I000389,ORD-10367,P00008,9.0,27.41,0.0,246.69,98.95
I000390,ORD-10558,P00012,6.0,78.77,0.0,472.62,216.56
I000391,ORD-11332,P00014,1.0,62.43,10.0,56.19,17.7
I000392,ORD-11526,P00014,1.0,59.71,15.0,50.75,9.46
I000393,ORD-11846,P00014,2.0,148.55,10.0,267.39,104.0
I000394,ORD-10917,P00018,2.0,12.61,25.0,18.91,-1.62
I000395,ORD-11070,P00031,1.0,8.92,0.0,8.92,-2.91
I000396,ORD-11557,P00028,3.0,48.47,20.0,116.33,32.72
I000397,ORD-10783,P00032,1.0,156.51,30.0,109.56,10.27
I000398,ORD-10954,P00010,6.0,64.17,10.0,346.52,144.4
I000399,ORD-11085,P00033,1.0,57.21,15.0,48.63,6.53
I000400,ORD-11684,P00003,1.0,14.44,5.0,13.72,0.94
I000401,ORD-10820,P00001,3.0,100.41,5.0,286.17,104.2
I000402,ORD-11293,P00007,2.0,8.3,5.0,15.77,-7.14
I000403,ORD-11529,P00024,12.0,10.19,10.0,110.05,29.09
I000404,ORD-10009,P00013,5.0,20.76,5.0,98.61,37.46
I000405,ORD-10301,P00039,4.0,6.4,20.0,20.48,-4.99
I000406,ORD-10738,P00001,9.0,156.74,0.0,1410.66,619.46
I000407,ORD-11681,P00009,2.0,127.96,0.0,255.92,89.58
I000408,ORD-11234,P00034,14.0,36.74,5.0,488.64,203.98
I000409,ORD-10023,P00031,2.0,11.42,0.0,22.84,-1.95
I000410,ORD-11515,P00017,4.0,37.02,10.0,133.27,49.79
I000411,ORD-11537,P00023,9.0,82.15,10.0,665.42,237.4
I000412,ORD-10550,P00029,2.0,53.25,5.0,101.17,34.52
I000413,ORD-10927,P00015,3.0,185.14,5.0,527.65,184.98
I000414,ORD-11657,P00027,3.0,29.47,10.0,79.57,20.53
I000415,ORD-10201,P00020,5.0,6.31,10.0,28.39,-7.92
I000416,ORD-10457,P00028,6.0,50.95,25.0,229.28,58.34
I000417,ORD-10219,P00007,2.0,13.7,5.0,26.03,2.65
I000418,ORD-10571,P00039,5.0,8.73,20.0,34.92,2.09
I000419,ORD-10688,P00036,1.0,34.68,10.0,31.21,1.5
I000420,ORD-11628,P00027,1.0,25.23,30.0,17.66,-1.58
I000421,ORD-10153,P00006,3.0,116.76,20.0,280.22,55.33
I000422,ORD-10320,P00003,4.0,13.92,5.0,52.9,17.01
I000423,ORD-11328,P00023,5.0,76.29,5.0,362.38,133.44
I000424,ORD-11379,P00004,1.0,37.56,5.0,35.68,9.43
I000425,ORD-11780,P00030,3.0,20.28,0.0,60.84,11.55
I000426,ORD-11483,P00021,4.0,9.05,0.0,36.2,9.78
I000427,ORD-11717,P00019,13.0,26.62,15.0,294.15,72.84
I000428,ORD-11161,P00027,1.0,17.03,25.0,12.77,-2.74
I000429,ORD-11422,P00009,10.0,67.1,10.0,603.9,186.83
I000430,ORD-11685,P00006,2.0,199.2,10.0,358.56,109.99
I000431,ORD-10341,P00039,1.0,7.16,10.0,6.44,-7.04
I000432,ORD-10872,P00003,1.0,12.17,15.0,10.34,-6.35
I000433,ORD-11441,P00018,5.0,19.47,5.0,92.48,37.39
I000434,ORD-11906,P00031,2.0,14.43,10.0,25.97,1.62
I000435,ORD-10447,P00018,2.0,11.34,0.0,22.68,-1.52
I000436,ORD-11532,P00002,1.0,152.34,5.0,144.72,53.71
I000437,ORD-11533,P00019,1.0,27.11,5.0,25.75,-2.31
I000438,ORD-11601,P00016,2.0,426.27,10.0,767.29,243.24
I000439,ORD-11867,P00012,1.0,42.55,5.0,40.42,11.77
I000440,ORD-11030,P00029,5.0,28.98,0.0,144.9,52.78
I000441,ORD-11191,P00025,1.0,79.27,10.0,71.34,25.15
I000442,ORD-11520,P00033,6.0,47.47,0.0,284.82,102.0
I000443,ORD-11840,P00011,4.0,4.19,0.0,16.76,-4.05
I000444,ORD-10500,P00019,2.0,61.26,10.0,110.27,28.55
I000445,ORD-11461,P00003,2.0,13.62,15.0,23.15,3.14
I000446,ORD-10713,P00001,2.0,66.08,10.0,118.94,36.9
I000447,ORD-10908,P00002,1.0,77.47,0.0,77.47,25.63
I000448,ORD-11544,P00040,10.0,83.62,20.0,668.96,136.04
I000449,ORD-10399,P00036,1.0,51.7,10.0,46.53,7.14
I000450,ORD-10576,P00026,4.0,7.5,10.0,27.0,2.08
I000451,ORD-11991,P00023,1.0,149.93,10.0,134.94,42.69
I000452,ORD-11518,P00037,5.0,107.46,15.0,456.7,124.42
I000453,ORD-11795,P00033,14.0,61.54,30.0,603.09,52.57
I000454,ORD-11323,P00030,2.0,25.4,0.0,50.8,9.92
I000455,ORD-10752,P00009,6.0,110.59,10.0,597.19,187.95
I000456,ORD-11390,P00036,5.0,25.73,15.0,109.35,26.83
I000457,ORD-11884,P00003,1.0,12.82,20.0,10.26,-2.49
I000458,ORD-11239,P00014,5.0,133.6,25.0,501.0,152.58
I000459,ORD-11890,P00033,7.0,67.53,5.0,449.07,143.04
I000460,ORD-11911,P00012,2.0,36.08,30.0,50.51,1.62
I000461,ORD-10321,P00021,3.0,7.89,15.0,20.12,2.09
I000462,ORD-10600,P00037,4.0,197.76,5.0,751.49,261.2
I000463,ORD-10955,P00022,4.0,55.59,10.0,200.12,49.88
I000464,ORD-10891,P00006,2.0,115.98,0.0,231.96,79.08
I000465,ORD-10920,P00023,2.0,137.32,5.0,260.91,96.46
I000466,ORD-10984,P00032,3.0,153.34,0.0,460.02,190.55
I000467,ORD-10128,P00026,2.0,5.85,15.0,9.94,-5.24
I000468,ORD-10298,P00023,3.0,60.51,20.0,145.22,38.64
I000469,ORD-10442,P00009,1.0,112.29,0.0,112.29,39.05
I000470,ORD-10231,P00019,4.0,43.61,10.0,157.0,43.4
I000471,ORD-11813,P00029,2.0,22.12,10.0,39.82,4.11
I000472,ORD-10063,P00010,3.0,59.04,0.0,177.12,78.28
I000473,ORD-10343,P00027,4.0,42.94,15.0,146.0,46.68
I000474,ORD-10554,P00038,6.0,77.51,10.0,418.55,165.2
I000475,ORD-11643,P00008,1.0,52.59,15.0,44.7,7.02
I000476,ORD-10085,P00002,1.0,126.55,0.0,126.55,47.2
I000477,ORD-10210,P00040,5.0,145.12,0.0,725.6,273.61
I000478,ORD-11745,P00025,4.0,26.2,5.0,99.56,29.91
I000479,ORD-10574,P00013,5.0,18.82,15.0,79.98,26.65
I000480,ORD-10881,P00037,1.0,238.24,0.0,238.24,85.17
I000481,ORD-10926,P00016,1.0,222.71,15.0,189.3,45.22
I000482,ORD-11699,P00030,4.0,36.61,15.0,124.47,27.86
I000483,ORD-10635,P00035,4.0,59.01,0.0,236.04,83.28
I000484,ORD-10137,P00017,2.0,49.37,10.0,88.87,25.22
I000485,ORD-10196,P00040,1.0,131.91,15.0,112.12,20.45
I000486,ORD-11561,P00004,2.0,79.63,10.0,143.33,44.29
I000487,ORD-10421,P00015,2.0,399.1,5.0,758.29,269.07
I000488,ORD-11651,P00016,6.0,241.8,5.0,1378.26,485.71
I000489,ORD-10380,P00040,4.0,162.94,5.0,619.17,212.18
I000490,ORD-11181,P00029,1.0,44.26,0.0,44.26,7.6
I000491,ORD-11321,P00021,4.0,6.82,5.0,25.92,3.75
I000492,ORD-11763,P00017,3.0,59.55,0.0,178.65,74.65
I000493,ORD-10203,P00038,13.0,74.96,20.0,779.58,272.54
I000494,ORD-10398,P00035,1.0,35.29,10.0,31.76,3.66
I000495,ORD-10997,P00040,4.0,129.8,10.0,467.28,145.74
I000496,ORD-11396,P00021,1.0,6.83,0.0,6.83,-8.71
I000497,ORD-11837,P00015,1.0,340.77,30.0,238.54,22.54
I000498,ORD-10525,P00002,2.0,131.68,0.0,263.36,107.88
I000499,ORD-11453,P00020,3.0,12.07,15.0,30.78,-3.2
I000500,ORD-10489,P00035,2.0,50.05,25.0,75.07,2.36
I000501,ORD-10750,P00013,3.0,21.94,5.0,62.53,15.66
I000502,ORD-10844,P00028,5.0,68.42,10.0,307.89,125.12
I000503,ORD-11226,P00022,5.0,85.91,5.0,408.07,130.59
I000504,ORD-11512,P00004,1.0,43.09,15.0,36.63,5.63
I000505,ORD-10606,P00005,1.0,184.6,5.0,175.37,53.37
I000506,ORD-11091,P00005,11.0,272.86,10.0,2701.31,874.37
I000507,ORD-10561,P00038,7.0,74.92,25.0,393.33,113.38
I000508,ORD-11357,P00037,5.0,216.45,0.0,1082.25,416.67
I000509,ORD-11358,P00006,3.0,82.78,5.0,235.92,73.35
I000510,ORD-11575,P00001,4.0,211.07,5.0,802.07,329.99
I000511,ORD-11946,P00035,1.0,19.95,0.0,19.95,1.09
I000512,ORD-10791,P00035,4.0,37.67,10.0,135.61,29.37
I000513,ORD-11272,P00013,3.0,24.08,0.0,72.24,31.06
I000514,ORD-11885,P00030,2.0,19.41,15.0,33.0,4.17
I000515,ORD-11093,P00025,4.0,37.35,10.0,134.46,46.34
I000516,ORD-10455,P00024,2.0,18.53,15.0,31.5,-0.27
I000517,ORD-10568,P00013,1.0,20.54,5.0,19.51,0.38
I000518,ORD-11137,P00030,2.0,34.81,0.0,69.62,22.61
I000519,ORD-10417,P00025,1.0,62.32,5.0,59.2,18.76
I000520,ORD-11216,P00003,3.0,9.45,25.0,21.26,-6.45
I000521,ORD-11974,P00027,2.0,34.22,0.0,68.44,24.61
I000522,ORD-11062,P00002,4.0,65.64,25.0,196.92,33.17
I000523,ORD-11417,P00028,3.0,38.42,0.0,115.26,39.53
I000524,ORD-11812,P00019,1.0,46.22,15.0,39.29,3.33
I000525,ORD-10007,P00002,3.0,146.85,10.0,396.49,139.12
I000526,ORD-10211,P00030,4.0,15.34,10.0,55.22,4.69
I000527,ORD-11210,P00013,2.0,22.13,25.0,33.2,4.82
I000528,ORD-11245,P00032,5.0,68.15,20.0,272.6,73.01
I000529,ORD-11460,P00009,1.0,129.24,20.0,103.39,19.89
I000530,ORD-11809,P00012,1.0,82.52,20.0,66.02,15.12
I000531,ORD-10499,P00009,5.0,127.98,20.0,511.92,114.79
I000532,ORD-10579,P00008,9.0,33.48,10.0,271.19,92.9
I000533,ORD-11652,P00007,1.0,20.53,0.0,20.53,5.05
I000534,ORD-11261,P00040,7.0,151.92,15.0,903.92,242.29
I000535,ORD-11550,P00023,3.0,108.96,10.0,294.19,99.5
I000536,ORD-11798,P00003,7.0,11.09,10.0,69.87,12.8
I000537,ORD-10347,P00017,4.0,33.98,5.0,129.12,46.9
I000538,ORD-10429,P00036,11.0,52.9,0.0,581.9,244.33
I000539,ORD-10461,P00030,2.0,33.2,0.0,66.4,21.0
I000540,ORD-11069,P00013,5.0,18.76,15.0,79.73,19.28
I000541,ORD-10382,P00040,2.0,113.95,15.0,193.72,43.57
I000542,ORD-10530,P00023,2.0,81.19,5.0,154.26,54.62
I000543,ORD-10316,P00039,1.0,13.39,15.0,11.38,-2.61
I000544,ORD-10717,P00037,5.0,183.81,25.0,689.29,117.21
I000545,ORD-11406,P00019,8.0,58.27,10.0,419.54,139.1
I000546,ORD-10478,P00039,1.0,7.39,5.0,7.02,-5.89
I000547,ORD-10696,P00029,2.0,38.06,5.0,72.31,19.86
I000548,ORD-11295,P00030,1.0,17.56,0.0,17.56,-5.31
I000549,ORD-11300,P00023,3.0,145.73,10.0,393.47,143.03
I000550,ORD-10054,P00025,1.0,30.54,10.0,27.49,1.89
I000551,ORD-10528,P00004,3.0,40.21,0.0,120.63,42.62
I000552,ORD-11038,P00016,6.0,302.03,20.0,1449.74,348.62
I000553,ORD-11728,P00030,2.0,34.8,5.0,66.12,17.79
I000554,ORD-11949,P00003,6.0,14.97,5.0,85.33,22.61
I000555,ORD-10811,P00004,1.0,83.28,0.0,83.28,25.35
I000556,ORD-11576,P00032,7.0,95.46,5.0,634.81,247.15
I000557,ORD-10514,P00011,2.0,8.91,15.0,15.15,-4.51
I000558,ORD-10757,P00010,3.0,64.75,0.0,194.25,82.5
I000559,ORD-11470,P00009,4.0,127.45,15.0,433.33,115.02
I000560,ORD-10801,P00009,4.0,70.54,15.0,239.84,59.31
I000561,ORD-11903,P00018,7.0,9.27,5.0,61.65,13.24
I000562,ORD-10043,P00036,3.0,53.47,0.0,160.41,61.48
I000563,ORD-11109,P00006,1.0,94.39,15.0,80.23,12.57
I000564,ORD-10753,P00032,1.0,187.3,5.0,177.94,67.94
I000565,ORD-10180,P00006,2.0,163.55,0.0,327.1,124.82
I000566,ORD-11761,P00031,1.0,22.15,0.0,22.15,0.18
I000567,ORD-10375,P00036,1.0,37.78,10.0,34.0,2.56
I000568,ORD-10795,P00033,8.0,64.55,20.0,413.12,82.3
I000569,ORD-10362,P00005,3.0,162.18,15.0,413.56,111.11
I000570,ORD-10350,P00019,1.0,40.47,5.0,38.45,9.44
I000571,ORD-12000,P00007,2.0,10.67,15.0,18.14,-5.48
I000572,ORD-10559,P00039,3.0,11.62,15.0,29.63,6.51
I000573,ORD-10725,P00008,11.0,53.68,0.0,590.48,246.56
I000574,ORD-11713,P00018,7.0,7.45,5.0,49.54,11.45
I000575,ORD-10932,P00021,3.0,10.56,5.0,30.1,1.77
I000576,ORD-11566,P00030,2.0,53.62,0.0,107.24,36.51
I000577,ORD-10360,P00007,3.0,20.66,0.0,61.98,19.7
I000578,ORD-11833,P00021,1.0,18.51,10.0,16.66,-2.83
I000579,ORD-11177,P00016,1.0,209.98,5.0,199.48,66.3
I000580,ORD-10978,P00017,1.0,15.72,5.0,14.93,-1.44
I000581,ORD-10041,P00036,2.0,29.09,5.0,55.27,13.45
I000582,ORD-10365,P00029,6.0,40.22,10.0,217.19,71.01
I000583,ORD-10524,P00013,2.0,9.13,10.0,16.43,-1.98
I000584,ORD-11789,P00021,1.0,15.28,10.0,13.75,-2.55
I000585,ORD-10992,P00009,6.0,90.7,20.0,435.36,98.58
I000586,ORD-11555,P00036,5.0,24.47,0.0,122.35,38.05
I000587,ORD-11793,P00028,1.0,45.68,10.0,41.11,12.63
I000588,ORD-11111,P00007,2.0,9.14,0.0,18.28,-1.79
I000589,ORD-11488,P00012,5.0,43.67,15.0,185.6,63.3
I000590,ORD-11497,P00040,4.0,182.4,10.0,656.64,209.81
I000591,ORD-11687,P00018,3.0,9.44,10.0,25.49,-3.38
I000592,ORD-11505,P00007,1.0,8.8,10.0,7.92,-7.98
I000593,ORD-10487,P00004,8.0,55.17,5.0,419.29,158.9
I000594,ORD-10677,P00005,4.0,336.19,25.0,1008.57,193.56
I000595,ORD-10044,P00028,8.0,48.93,10.0,352.3,129.05
I000596,ORD-11910,P00006,6.0,191.06,20.0,917.09,209.43
I000597,ORD-10288,P00037,4.0,112.46,5.0,427.35,139.01
I000598,ORD-11423,P00027,2.0,16.62,5.0,31.58,2.12
I000599,ORD-11442,P00033,4.0,42.01,5.0,159.64,46.61
I000600,ORD-11827,P00033,2.0,43.95,20.0,70.32,10.81
I000601,ORD-11863,P00016,5.0,233.71,0.0,1168.55,458.48
I000602,ORD-11904,P00022,2.0,55.94,0.0,111.88,33.8
I000603,ORD-11346,P00015,1.0,263.21,20.0,210.57,46.12
I000604,ORD-11661,P00033,2.0,67.5,0.0,135.0,40.63
I000605,ORD-11944,P00007,1.0,8.87,0.0,8.87,-2.59
I000606,ORD-10109,P00007,4.0,14.98,0.0,59.92,22.41
I000607,ORD-11117,P00008,4.0,33.03,0.0,132.12,52.25
I000608,ORD-11316,P00033,3.0,66.28,0.0,198.84,63.34
I000609,ORD-11770,P00015,3.0,216.54,0.0,649.62,243.46
I000610,ORD-10189,P00007,4.0,17.57,15.0,59.74,9.38
I000611,ORD-10779,P00012,2.0,68.14,25.0,102.21,23.12
I000612,ORD-11597,P00039,1.0,9.23,0.0,9.23,-1.36
I000613,ORD-11641,P00026,1.0,9.6,5.0,9.12,-0.72
I000614,ORD-11708,P00012,2.0,57.77,5.0,109.76,42.1
I000615,ORD-11825,P00007,2.0,24.03,10.0,43.25,12.36
I000616,ORD-11891,P00031,3.0,21.32,15.0,54.37,15.38
I000617,ORD-10220,P00033,7.0,67.53,10.0,425.44,129.7
I000618,ORD-11953,P00011,1.0,9.18,5.0,8.72,-6.94
I000619,ORD-10183,P00037,5.0,152.95,5.0,726.51,248.72
I000620,ORD-10488,P00035,4.0,52.21,5.0,198.4,56.62
I000621,ORD-11110,P00029,1.0,58.09,15.0,49.38,11.2
I000622,ORD-11393,P00026,3.0,9.96,15.0,25.4,-3.05
I000623,ORD-10632,P00007,1.0,15.07,5.0,14.32,0.92
I000624,ORD-11262,P00025,10.0,38.59,10.0,347.31,128.25
I000625,ORD-10199,P00024,5.0,16.65,5.0,79.09,33.0
I000626,ORD-10454,P00013,1.0,10.81,10.0,9.73,-0.9
I000627,ORD-10658,P00028,3.0,44.11,0.0,132.33,52.65
I000628,ORD-11649,P00011,3.0,6.13,5.0,17.47,-6.87
I000629,ORD-11811,P00008,5.0,30.27,0.0,151.35,54.52
I000630,ORD-11847,P00038,3.0,43.37,15.0,110.59,31.11
I000631,ORD-11936,P00014,3.0,126.07,0.0,378.21,172.96
I000632,ORD-11986,P00018,2.0,19.32,0.0,38.64,11.78
I000633,ORD-11964,P00022,3.0,47.08,10.0,127.12,30.56
I000634,ORD-11968,P00040,5.0,109.55,10.0,492.98,147.98
I000635,ORD-10508,P00004,4.0,32.24,5.0,122.51,38.46
I000636,ORD-11337,P00010,1.0,32.68,5.0,31.05,1.61
I000637,ORD-11463,P00002,8.0,85.21,15.0,579.43,190.76
I000638,ORD-11449,P00001,3.0,166.63,0.0,499.89,210.11
I000639,ORD-10474,P00020,10.0,9.33,15.0,79.3,26.36
I000640,ORD-10495,P00031,5.0,8.1,20.0,32.4,-4.55
I000641,ORD-11233,P00018,3.0,17.75,15.0,45.26,11.16
I000642,ORD-11248,P00009,4.0,59.95,5.0,227.81,70.07
I000643,ORD-11998,P00011,4.0,3.66,20.0,11.71,-8.6
I000644,ORD-10126,P00010,6.0,64.86,20.0,311.33,90.91
I000645,ORD-11345,P00022,4.0,94.69,10.0,340.88,98.92
I000646,ORD-11967,P00004,1.0,36.01,5.0,34.21,4.7
I000647,ORD-10197,P00039,1.0,6.89,15.0,5.86,-3.98
I000648,ORD-11579,P00023,1.0,98.38,0.0,98.38,37.65
I000649,ORD-10237,P00030,5.0,27.72,5.0,131.67,38.02
I000650,ORD-10587,P00015,3.0,371.61,15.0,947.61,263.32
I000651,ORD-10724,P00016,2.0,288.74,20.0,461.98,103.67
I000652,ORD-10127,P00013,12.0,11.81,15.0,120.46,34.01
I000653,ORD-10230,P00019,3.0,67.73,10.0,182.87,60.05
I000654,ORD-10318,P00037,4.0,166.71,20.0,533.47,118.24
I000655,ORD-10827,P00030,1.0,41.24,10.0,37.12,8.57
I000656,ORD-11663,P00023,5.0,81.1,10.0,364.95,124.07
I000657,ORD-10149,P00006,1.0,190.75,20.0,152.6,29.07
I000658,ORD-11020,P00008,1.0,69.13,15.0,58.76,12.91
I000659,ORD-10218,P00029,1.0,51.57,20.0,41.26,2.35
I000660,ORD-10409,P00004,3.0,85.34,5.0,243.22,91.7
I000661,ORD-10439,P00003,4.0,11.72,5.0,44.54,9.28
I000662,ORD-10591,P00029,1.0,53.57,25.0,40.18,-0.49
I000663,ORD-10825,P00011,2.0,8.93,0.0,17.86,-0.22
I000664,ORD-11187,P00025,5.0,57.59,5.0,273.55,113.38
I000665,ORD-11830,P00030,3.0,25.88,15.0,65.99,16.3
I000666,ORD-11418,P00022,2.0,85.83,15.0,145.91,29.31
I000667,ORD-11457,P00006,2.0,139.67,15.0,237.44,56.0
I000668,ORD-11996,P00039,5.0,8.83,0.0,44.15,5.27
I000669,ORD-11147,P00040,1.0,172.7,0.0,172.7,57.75
I000670,ORD-11437,P00006,1.0,162.05,5.0,153.95,47.34
I000671,ORD-10010,P00023,3.0,135.75,0.0,407.25,174.52
I000672,ORD-11510,P00028,2.0,50.45,0.0,100.9,39.91
I000673,ORD-10052,P00021,11.0,9.84,10.0,97.42,22.87
I000674,ORD-10430,P00015,1.0,246.96,10.0,222.26,63.57
I000675,ORD-11467,P00024,2.0,17.17,5.0,32.62,7.03
I000676,ORD-11720,P00024,1.0,11.89,0.0,11.89,-0.99
I000677,ORD-10673,P00007,5.0,17.43,0.0,87.15,34.14
I000678,ORD-10709,P00034,3.0,22.55,10.0,60.89,14.67
I000679,ORD-10323,P00006,2.0,161.39,5.0,306.64,104.61
I000680,ORD-10650,P00030,1.0,47.57,0.0,47.57,15.54
I000681,ORD-10718,P00015,4.0,259.86,5.0,987.47,350.46
I000682,ORD-10962,P00031,6.0,12.29,5.0,70.05,19.98
I000683,ORD-11993,P00016,3.0,192.53,0.0,577.59,220.95
I000684,ORD-10925,P00020,4.0,6.51,5.0,24.74,-1.82
I000685,ORD-11362,P00036,1.0,32.02,5.0,30.42,4.53
I000686,ORD-11372,P00001,2.0,155.87,15.0,264.98,87.09
I000687,ORD-11551,P00036,5.0,62.1,0.0,310.5,128.08
I000688,ORD-10476,P00018,1.0,21.65,10.0,19.48,0.29
I000689,ORD-11431,P00038,1.0,21.54,15.0,18.31,-4.95
I000690,ORD-11861,P00023,2.0,75.67,0.0,151.34,55.97
I000691,ORD-11992,P00028,6.0,51.47,20.0,247.06,74.67
I000692,ORD-10152,P00040,2.0,81.16,5.0,154.2,47.74
I000693,ORD-10672,P00003,3.0,11.12,15.0,28.36,-0.08
I000694,ORD-10880,P00007,5.0,21.03,0.0,105.15,46.58
I000695,ORD-11107,P00022,7.0,34.67,10.0,218.42,50.29
I000696,ORD-11424,P00039,2.0,11.84,10.0,21.31,0.78
I000697,ORD-11592,P00019,4.0,27.55,20.0,88.16,13.16
I000698,ORD-10695,P00011,1.0,9.96,15.0,8.47,-5.91
I000699,ORD-10116,P00004,3.0,34.06,10.0,91.96,23.33
I000700,ORD-10775,P00022,2.0,61.68,20.0,98.69,18.33
I000701,ORD-11033,P00020,4.0,5.79,10.0,20.84,-5.39
I000702,ORD-10866,P00036,1.0,36.55,5.0,34.72,8.81
I000703,ORD-11159,P00019,4.0,35.55,5.0,135.09,45.66
I000704,ORD-10471,P00005,1.0,197.67,25.0,148.25,20.0
I000705,ORD-10549,P00029,2.0,49.24,10.0,88.63,25.31
I000706,ORD-11273,P00025,3.0,74.46,20.0,178.7,54.39
I000707,ORD-10067,P00019,5.0,36.68,0.0,183.4,65.58
I000708,ORD-10498,P00010,2.0,61.95,0.0,123.9,53.25
I000709,ORD-10265,P00013,3.0,18.85,20.0,45.24,7.14
I000710,ORD-10662,P00017,5.0,49.71,25.0,186.41,53.37
I000711,ORD-11015,P00012,3.0,59.07,20.0,141.77,41.92
I000712,ORD-11782,P00007,2.0,21.61,15.0,36.74,4.23
I000713,ORD-10032,P00034,2.0,39.62,5.0,75.28,29.66
I000714,ORD-10004,P00002,12.0,150.5,20.0,1444.8,413.7
I000715,ORD-10051,P00021,5.0,8.68,0.0,43.4,10.47
I000716,ORD-10878,P00033,2.0,29.62,5.0,56.28,9.95
I000717,ORD-11208,P00002,2.0,96.97,15.0,164.85,48.91
I000718,ORD-11547,P00003,1.0,15.66,0.0,15.66,-2.16
I000719,ORD-10100,P00006,1.0,93.08,5.0,88.43,25.88
I000720,ORD-10110,P00010,2.0,38.08,10.0,68.54,20.35
I000721,ORD-10928,P00039,1.0,13.92,5.0,13.22,-3.08
I000722,ORD-11928,P00037,2.0,297.8,0.0,595.6,226.57
I000723,ORD-10440,P00021,1.0,10.39,0.0,10.39,-1.93
I000724,ORD-11047,P00040,2.0,214.42,20.0,343.07,79.73
I000725,ORD-11456,P00023,4.0,96.59,0.0,386.36,165.0
I000726,ORD-10297,P00025,12.0,54.17,0.0,650.04,286.92
I000727,ORD-11139,P00014,4.0,90.04,5.0,342.15,148.76
I000728,ORD-11704,P00004,2.0,33.73,15.0,57.34,9.19
I000729,ORD-10031,P00004,4.0,67.39,0.0,269.56,105.1
I000730,ORD-10923,P00016,6.0,443.99,15.0,2264.35,647.7
I000731,ORD-10958,P00001,1.0,216.25,5.0,205.44,78.98
I000732,ORD-11599,P00014,2.0,89.21,15.0,151.66,48.85
I000733,ORD-11625,P00015,8.0,180.57,10.0,1300.1,415.78
I000734,ORD-11705,P00036,2.0,22.02,5.0,41.84,4.44
I000735,ORD-10346,P00013,5.0,10.97,5.0,52.11,13.2
I000736,ORD-10338,P00023,1.0,78.61,5.0,74.68,19.7
I000737,ORD-10935,P00039,1.0,12.56,0.0,12.56,-1.24
I000738,ORD-11263,P00014,4.0,108.96,0.0,435.84,199.01
I000739,ORD-11724,P00035,4.0,40.58,5.0,154.2,42.95
I000740,ORD-11580,P00019,1.0,28.43,0.0,28.43,1.48
I000741,ORD-10292,P00018,1.0,20.74,15.0,17.63,-5.15
I000742,ORD-11565,P00034,5.0,48.34,25.0,181.28,46.14
I000743,ORD-10413,P00016,7.0,429.66,0.0,3007.62,1189.79
I000744,ORD-10503,P00022,2.0,48.32,20.0,77.31,7.14
I000745,ORD-10510,P00028,3.0,62.02,5.0,176.76,74.94
I000746,ORD-10165,P00036,1.0,62.36,15.0,53.01,10.83
I000747,ORD-10529,P00025,3.0,43.72,0.0,131.16,53.94
I000748,ORD-10819,P00031,5.0,13.07,0.0,65.35,19.45
I000749,ORD-11638,P00005,1.0,246.49,10.0,221.84,67.04
I000750,ORD-11671,P00031,7.0,23.26,5.0,154.68,58.03
I000751,ORD-10156,P00022,1.0,61.18,0.0,61.18,16.14
I000752,ORD-10708,P00023,4.0,78.35,20.0,250.72,66.19
I000753,ORD-11059,P00018,2.0,13.33,15.0,22.66,-5.02
I000754,ORD-11676,P00020,1.0,14.7,15.0,12.49,-1.54
I000755,ORD-11280,P00039,4.0,10.51,5.0,39.94,7.85
I000756,ORD-10947,P00037,5.0,131.71,10.0,592.7,186.82
I000757,ORD-10869,P00020,5.0,5.0,0.0,25.0,0.6
I000758,ORD-10005,P00026,1.0,12.92,10.0,11.63,-0.01
I000759,ORD-10951,P00018,6.0,15.88,5.0,90.52,37.54
I000760,ORD-11594,P00028,5.0,32.04,5.0,152.19,63.6
I000761,ORD-11835,P00001,3.0,187.55,15.0,478.25,153.38
I000762,ORD-10706,P00004,11.0,67.96,5.0,710.18,263.7
I000763,ORD-11277,P00009,1.0,127.07,0.0,127.07,40.03
I000764,ORD-10437,P00014,5.0,110.65,0.0,553.25,263.44
I000765,ORD-10841,P00030,2.0,27.57,0.0,55.14,12.66
I000766,ORD-10883,P00033,4.0,36.41,10.0,131.08,26.06
I000767,ORD-10273,P00021,4.0,7.72,15.0,26.25,-1.65
I000768,ORD-10893,P00019,2.0,57.7,0.0,115.4,42.38
I000769,ORD-11361,P00036,3.0,69.59,20.0,167.02,42.03
I000770,ORD-10309,P00013,1.0,10.42,10.0,9.38,-5.32
I000771,ORD-10531,P00024,1.0,10.33,0.0,10.33,-6.49
I000772,ORD-10537,P00031,1.0,24.87,20.0,19.9,-0.53
I000773,ORD-11284,P00008,5.0,73.85,0.0,369.25,146.76
I000774,ORD-11143,P00026,8.0,16.12,10.0,116.06,37.42
I000775,ORD-11742,P00019,4.0,74.64,0.0,298.56,122.32
I000776,ORD-11961,P00037,4.0,119.66,10.0,430.78,124.75
I000777,ORD-11956,P00032,3.0,187.16,0.0,561.48,237.16
I000778,ORD-10573,P00007,2.0,10.08,15.0,17.14,-1.6
I000779,ORD-11179,P00009,2.0,115.3,5.0,219.07,67.28
I000780,ORD-11997,P00037,3.0,185.09,0.0,555.27,212.74
I000781,ORD-10084,P00029,3.0,55.49,5.0,158.15,50.19
I000782,ORD-11941,P00033,1.0,53.47,0.0,53.47,12.56
I000783,ORD-11174,P00028,3.0,24.44,25.0,54.99,6.16
I000784,ORD-11802,P00031,11.0,15.11,10.0,149.59,44.63
I000785,ORD-11979,P00020,2.0,4.03,5.0,7.66,-6.7
I000786,ORD-10425,P00014,4.0,123.28,5.0,468.46,208.57
I000787,ORD-10040,P00036,2.0,21.45,15.0,36.46,-0.76
I000788,ORD-10705,P00008,1.0,34.41,5.0,32.69,6.18
I000789,ORD-11101,P00023,6.0,99.17,15.0,505.77,165.16
I000790,ORD-11914,P00040,7.0,140.89,15.0,838.3,230.55
I000791,ORD-10154,P00029,12.0,40.47,5.0,461.36,166.41
I000792,ORD-11326,P00009,1.0,42.6,15.0,36.21,-0.59
I000793,ORD-10379,P00021,1.0,7.85,10.0,7.06,-6.07
I000794,ORD-10754,P00040,6.0,203.47,10.0,1098.74,353.12
I000795,ORD-10394,P00027,8.0,14.51,20.0,92.86,6.95
I000796,ORD-10464,P00021,7.0,18.79,5.0,124.95,56.64
I000797,ORD-11428,P00013,1.0,18.75,0.0,18.75,1.09
I000798,ORD-11969,P00032,4.0,130.45,0.0,521.8,216.3
I000799,ORD-11981,P00001,1.0,231.11,10.0,208.0,72.02
I000800,ORD-10660,P00012,2.0,35.17,25.0,52.76,6.62
I000801,ORD-10768,P00001,13.0,73.44,15.0,811.51,252.08
I000802,ORD-11299,P00020,2.0,9.1,0.0,18.2,0.35
I000803,ORD-10295,P00013,3.0,14.61,15.0,37.26,2.86
I000804,ORD-10832,P00024,5.0,15.19,10.0,68.36,21.47
I000805,ORD-11250,P00023,1.0,116.53,10.0,104.88,30.27
I000806,ORD-11581,P00025,5.0,45.28,25.0,169.8,44.05
I000807,ORD-10064,P00028,1.0,43.07,20.0,34.46,2.43
I000808,ORD-10665,P00007,5.0,23.69,15.0,100.68,32.61
I000809,ORD-10687,P00004,3.0,80.36,20.0,192.86,51.23
I000810,ORD-10806,P00029,3.0,39.53,15.0,100.8,26.56
I000811,ORD-10813,P00003,5.0,10.25,15.0,43.56,10.72
I000812,ORD-10956,P00026,2.0,14.32,10.0,25.78,5.89
I000813,ORD-11558,P00011,8.0,9.0,0.0,72.0,22.83
I000814,ORD-10078,P00038,5.0,77.97,5.0,370.36,155.03
I000815,ORD-11634,P00012,3.0,70.34,10.0,189.92,69.74
I000816,ORD-10092,P00031,6.0,29.44,10.0,158.98,52.95
I000817,ORD-10964,P00034,9.0,36.63,5.0,313.19,131.21
I000818,ORD-11344,P00021,1.0,13.3,15.0,11.3,-0.48
I000819,ORD-10991,P00005,5.0,184.93,5.0,878.42,315.93
I000820,ORD-11785,P00017,1.0,53.29,10.0,47.96,14.93
I000821,ORD-10250,P00003,2.0,14.0,10.0,25.2,-2.87
I000822,ORD-11053,P00032,4.0,43.88,10.0,157.97,46.6
I000823,ORD-11489,P00032,1.0,198.87,15.0,169.04,48.94
I000824,ORD-11767,P00036,3.0,53.25,5.0,151.76,52.64
I000825,ORD-10305,P00038,4.0,42.06,10.0,151.42,56.16
I000826,ORD-11106,P00029,4.0,24.16,0.0,96.64,33.86
I000827,ORD-10006,P00017,1.0,33.05,20.0,26.44,-0.71
I000828,ORD-11141,P00024,2.0,10.3,5.0,19.57,-1.86
I000829,ORD-11434,P00039,2.0,10.57,5.0,20.08,-0.54
I000830,ORD-10463,P00032,14.0,118.27,10.0,1490.2,539.08
I000831,ORD-11290,P00019,9.0,38.81,5.0,331.83,118.59
I000832,ORD-10075,P00018,1.0,9.5,5.0,9.03,-8.26
I000833,ORD-10460,P00018,1.0,9.64,10.0,8.68,-3.56
I000834,ORD-11887,P00013,2.0,10.28,10.0,18.5,-2.11
I000835,ORD-10171,P00029,3.0,20.41,5.0,58.17,14.28
I000836,ORD-10354,P00013,2.0,14.35,10.0,25.83,3.33
I000837,ORD-11171,P00016,2.0,221.74,25.0,332.61,56.23
I000838,ORD-10332,P00007,4.0,14.12,25.0,42.36,5.25
I000839,ORD-10420,P00034,4.0,49.44,25.0,148.32,35.3
I000840,ORD-11259,P00002,7.0,67.05,15.0,398.95,116.73
I000841,ORD-11678,P00013,2.0,20.62,15.0,35.05,5.24
I000842,ORD-10236,P00028,1.0,32.39,10.0,29.15,3.87
I000843,ORD-10407,P00020,1.0,4.02,15.0,3.42,-6.13
I000844,ORD-10575,P00017,10.0,39.34,20.0,314.72,89.3
I000845,ORD-11315,P00019,2.0,69.72,20.0,111.55,24.68
I000846,ORD-11548,P00012,4.0,32.79,5.0,124.6,50.95
I000847,ORD-11607,P00005,2.0,123.37,20.0,197.39,34.83
I000848,ORD-11675,P00015,8.0,363.39,10.0,2616.41,844.98
I000849,ORD-10057,P00012,8.0,82.89,5.0,629.96,274.69
I000850,ORD-10438,P00037,1.0,189.66,20.0,151.73,28.41
I000851,ORD-10616,P00022,4.0,83.03,5.0,315.51,98.9
I000852,ORD-11373,P00008,3.0,79.82,5.0,227.49,81.96
I000853,ORD-11546,P00023,2.0,128.49,20.0,205.58,52.86
I000854,ORD-11871,P00019,3.0,57.54,20.0,138.1,33.45
I000855,ORD-11999,P00033,1.0,74.6,10.0,67.14,15.58
I000856,ORD-10034,P00020,1.0,12.87,0.0,12.87,-4.39
I000857,ORD-11583,P00037,15.0,107.45,5.0,1531.16,540.71
I000858,ORD-11734,P00004,3.0,72.81,10.0,196.59,64.59
I000859,ORD-10082,P00028,2.0,69.05,25.0,103.57,25.94
I000860,ORD-10361,P00018,5.0,6.24,10.0,28.08,2.58
I000861,ORD-10515,P00005,1.0,137.49,15.0,116.87,24.26
I000862,ORD-10640,P00037,2.0,242.25,10.0,436.05,134.37
I000863,ORD-11108,P00002,1.0,128.34,15.0,109.09,27.46
I000864,ORD-11297,P00022,4.0,34.76,15.0,118.18,16.9
I000865,ORD-10804,P00029,2.0,52.77,30.0,73.88,1.14
I000866,ORD-10342,P00030,1.0,28.72,5.0,27.28,5.14
I000867,ORD-10366,P00005,3.0,264.57,5.0,754.02,268.15
I000868,ORD-10456,P00012,3.0,85.33,15.0,217.59,77.42
I000869,ORD-10732,P00030,10.0,39.28,10.0,353.52,105.59
I000870,ORD-11025,P00011,2.0,6.14,0.0,12.28,-2.25
I000871,ORD-11198,P00002,5.0,77.16,5.0,366.51,134.53
I000872,ORD-10167,P00011,3.0,5.66,10.0,15.28,-4.43
I000873,ORD-10355,P00009,4.0,112.68,0.0,450.72,167.35
I000874,ORD-11414,P00023,2.0,72.3,10.0,130.14,38.66
I000875,ORD-10056,P00008,2.0,33.61,10.0,60.5,11.65
I000876,ORD-10373,P00020,3.0,8.13,15.0,20.73,-4.91
I000877,ORD-10728,P00030,3.0,37.59,15.0,95.85,23.06
I000878,ORD-10072,P00009,3.0,52.88,0.0,158.64,51.43
I000879,ORD-10049,P00039,1.0,9.55,5.0,9.07,-7.15
I000880,ORD-11626,P00014,10.0,99.39,0.0,993.9,475.0
I000881,ORD-10147,P00032,1.0,76.11,0.0,76.11,24.09
I000882,ORD-10721,P00002,1.0,57.26,20.0,45.81,1.41
I000883,ORD-11448,P00025,2.0,42.93,5.0,81.57,25.12
I000884,ORD-11817,P00030,4.0,37.01,0.0,148.04,53.84
I000885,ORD-11735,P00010,5.0,57.38,0.0,286.9,133.3
I000886,ORD-10900,P00031,1.0,20.52,5.0,19.49,1.65
I000887,ORD-11104,P00026,5.0,10.88,5.0,51.68,10.25
I000888,ORD-11572,P00028,3.0,66.48,0.0,199.44,90.67
I000889,ORD-11924,P00030,8.0,32.31,15.0,219.71,58.65
I000890,ORD-10835,P00003,4.0,12.42,15.0,42.23,6.5
I000891,ORD-11432,P00008,2.0,54.24,10.0,97.63,28.0
I000892,ORD-11877,P00035,1.0,49.78,15.0,42.31,5.81
I000893,ORD-10224,P00019,3.0,26.2,10.0,70.74,11.85
I000894,ORD-11144,P00014,8.0,50.94,15.0,346.39,130.93
I000895,ORD-10169,P00035,6.0,26.58,20.0,127.58,14.19
I000896,ORD-10396,P00037,1.0,296.6,5.0,281.77,94.78
I000897,ORD-11152,P00037,6.0,151.62,0.0,909.72,348.29
I000898,ORD-11650,P00028,3.0,34.37,10.0,92.8,30.02
I000899,ORD-10582,P00021,2.0,10.26,0.0,20.52,-1.25
I000900,ORD-11696,P00002,5.0,128.41,30.0,449.43,82.81
I000901,ORD-10796,P00036,3.0,21.23,5.0,60.51,7.42
I000902,ORD-11791,P00003,3.0,5.26,5.0,14.99,-4.36
I000903,ORD-10104,P00039,4.0,9.24,5.0,35.11,0.14
I000904,ORD-10291,P00004,2.0,88.23,0.0,176.46,69.76
I000905,ORD-10016,P00032,2.0,111.78,0.0,223.56,91.6
I000906,ORD-10359,P00015,13.0,201.56,0.0,2620.28,1017.49
I000907,ORD-10989,P00034,1.0,48.43,20.0,38.74,7.57
I000908,ORD-11568,P00003,3.0,9.99,10.0,26.97,4.96
I000909,ORD-11021,P00034,1.0,51.37,0.0,51.37,14.42
I000910,ORD-11160,P00026,2.0,14.19,10.0,25.54,2.76
I000911,ORD-11462,P00014,4.0,59.09,5.0,224.54,94.73
I000912,ORD-10631,P00040,1.0,114.0,0.0,114.0,36.07
I000913,ORD-10936,P00030,1.0,38.44,0.0,38.44,9.11
I000914,ORD-11287,P00001,8.0,171.31,10.0,1233.43,456.73
I000915,ORD-10059,P00002,6.0,175.05,10.0,945.27,346.19
I000916,ORD-10335,P00003,5.0,11.19,15.0,47.56,0.27
I000917,ORD-10595,P00036,2.0,31.92,0.0,63.84,15.4
I000918,ORD-10614,P00033,3.0,35.49,0.0,106.47,28.96
I000919,ORD-10790,P00032,2.0,71.92,5.0,136.65,43.83
I000920,ORD-11173,P00013,9.0,20.69,0.0,186.21,80.35
I000921,ORD-11324,P00023,15.0,142.85,10.0,1928.48,727.25
I000922,ORD-10364,P00010,3.0,50.33,10.0,135.89,48.95
I000923,ORD-10445,P00007,1.0,23.24,10.0,20.92,3.09
I000924,ORD-10584,P00038,6.0,79.95,0.0,479.7,216.76
I000925,ORD-11658,P00021,1.0,14.73,0.0,14.73,-4.26
I000926,ORD-11765,P00018,4.0,15.35,10.0,55.26,14.51
I000927,ORD-10441,P00001,1.0,171.98,10.0,154.78,52.9
I000928,ORD-10898,P00033,1.0,67.18,0.0,67.18,14.78
I000929,ORD-11164,P00036,5.0,27.93,15.0,118.7,26.91
I000930,ORD-11588,P00018,2.0,8.62,15.0,14.65,-3.18
I000931,ORD-11686,P00022,7.0,77.63,15.0,461.9,124.21
I000932,ORD-10117,P00018,2.0,18.62,10.0,33.52,4.25
I000933,ORD-11074,P00005,2.0,205.48,5.0,390.41,131.04
I000934,ORD-10345,P00005,2.0,212.46,5.0,403.67,140.48
I000935,ORD-11815,P00037,2.0,232.65,0.0,465.3,179.38
I000936,ORD-10157,P00027,1.0,33.98,5.0,32.28,5.66
I000937,ORD-11803,P00038,1.0,47.83,20.0,38.26,3.38
I000938,ORD-10734,P00039,1.0,10.5,0.0,10.5,-2.87
I000939,ORD-10302,P00033,3.0,26.36,15.0,67.22,5.18
I000940,ORD-11365,P00028,3.0,63.86,5.0,182.0,75.44
I000941,ORD-11759,P00025,3.0,29.47,10.0,79.57,23.26
I000942,ORD-11750,P00028,1.0,26.54,5.0,25.21,5.03
I000943,ORD-10557,P00017,5.0,49.62,10.0,223.29,78.78
I000944,ORD-10897,P00030,3.0,44.11,0.0,132.33,46.36
I000945,ORD-11738,P00036,4.0,65.92,15.0,224.13,66.32
I000946,ORD-11737,P00032,2.0,187.45,15.0,318.66,97.21
I000947,ORD-10547,P00028,1.0,41.69,5.0,39.61,13.23
I000948,ORD-10882,P00011,2.0,3.65,5.0,6.93,-5.45
I000949,ORD-11303,P00032,5.0,190.99,5.0,907.2,367.64
I000950,ORD-11882,P00022,2.0,50.55,0.0,101.1,29.18
I000951,ORD-10227,P00038,5.0,61.44,5.0,291.84,128.02
I000952,ORD-10556,P00006,6.0,84.46,10.0,456.08,129.34
I000953,ORD-10884,P00008,4.0,53.44,10.0,192.38,64.07
I000954,ORD-11188,P00038,2.0,39.41,5.0,74.88,27.41
I000955,ORD-11340,P00001,1.0,214.3,5.0,203.59,74.5
I000956,ORD-11325,P00023,6.0,88.33,5.0,503.48,198.67
I000957,ORD-11447,P00025,2.0,73.45,5.0,139.56,59.82
I000958,ORD-10822,P00012,1.0,47.32,10.0,42.59,8.19
I000959,ORD-11747,P00028,2.0,34.14,5.0,64.87,16.79
I000960,ORD-11084,P00006,1.0,141.5,0.0,141.5,48.7
I000961,ORD-10983,P00035,9.0,55.5,5.0,474.52,154.89
I000962,ORD-11777,P00039,3.0,8.11,15.0,20.68,-4.53
I000963,ORD-10278,P00005,7.0,303.29,15.0,1804.58,512.22
I000964,ORD-11466,P00004,1.0,68.39,20.0,54.71,4.72
I000965,ORD-11816,P00003,2.0,9.72,10.0,17.5,-4.17
I000966,ORD-10144,P00020,2.0,14.53,5.0,27.61,2.76
I000967,ORD-10012,P00009,1.0,78.08,10.0,70.27,11.46
I000968,ORD-11415,P00024,5.0,9.54,0.0,47.7,14.59
I000969,ORD-11265,P00037,3.0,122.5,0.0,367.5,137.65
I000970,ORD-11311,P00033,2.0,33.34,0.0,66.68,15.32
I000971,ORD-11688,P00003,8.0,14.05,0.0,112.4,43.06
I000972,ORD-10121,P00038,3.0,22.89,20.0,54.94,8.83
I000973,ORD-11099,P00017,1.0,52.83,10.0,47.55,15.0
I000974,ORD-11660,P00036,2.0,28.41,10.0,51.14,10.55
I000975,ORD-11768,P00031,1.0,23.88,5.0,22.69,1.74
I000976,ORD-10513,P00031,6.0,25.8,20.0,123.84,23.22
I000977,ORD-11850,P00005,7.0,157.04,0.0,1099.28,429.59
I000978,ORD-11411,P00018,2.0,21.15,0.0,42.3,13.78
I000979,ORD-11498,P00021,2.0,16.71,10.0,30.08,1.05
I000980,ORD-11352,P00039,4.0,4.42,5.0,16.8,-4.65
I000981,ORD-10257,P00024,1.0,15.39,0.0,15.39,-0.69
I000982,ORD-10261,P00013,5.0,8.34,15.0,35.45,9.1
I000983,ORD-10581,P00036,1.0,47.66,0.0,47.66,12.68
I000984,ORD-10691,P00036,2.0,52.81,0.0,105.62,36.54
I000985,ORD-11189,P00035,1.0,31.63,5.0,30.05,5.23
I000986,ORD-10275,P00021,7.0,11.86,5.0,78.87,24.36
I000987,ORD-11450,P00029,1.0,24.66,20.0,19.73,-2.47
I000988,ORD-11559,P00021,8.0,19.36,10.0,139.39,60.42
I000989,ORD-11225,P00036,3.0,42.03,10.0,113.48,37.28
I000990,ORD-11636,P00030,5.0,17.3,15.0,73.52,9.51
I000991,ORD-11706,P00016,10.0,305.38,5.0,2901.11,1054.26
I000992,ORD-10222,P00012,3.0,59.82,20.0,143.57,44.26
I000993,ORD-10385,P00018,1.0,19.83,20.0,15.86,0.14
I000994,ORD-11508,P00025,2.0,86.73,10.0,156.11,59.63
I000995,ORD-10641,P00010,11.0,19.0,5.0,198.55,77.86
I000996,ORD-11587,P00025,5.0,28.49,15.0,121.08,34.82
I000997,ORD-10095,P00037,2.0,191.99,5.0,364.78,125.37
I000998,ORD-11444,P00024,3.0,9.42,0.0,28.26,-0.26
I000999,ORD-11549,P00002,2.0,70.74,15.0,120.26,29.09
I001000,ORD-10516,P00023,2.0,131.07,10.0,235.93,83.17
I001001,ORD-10586,P00004,3.0,50.5,10.0,136.35,42.42
I001002,ORD-10664,P00012,6.0,68.26,5.0,389.08,165.85
I001003,ORD-11142,P00022,1.0,95.79,15.0,81.42,14.98
I001004,ORD-10824,P00002,2.0,150.27,10.0,270.49,99.04
I001005,ORD-11343,P00034,1.0,25.15,20.0,20.12,-5.67
I001006,ORD-11639,P00006,3.0,153.49,25.0,345.35,61.06
I001007,ORD-10131,P00023,1.0,115.3,10.0,103.77,33.67
I001008,ORD-10253,P00016,4.0,425.29,5.0,1616.1,583.04
I001009,ORD-11402,P00019,1.0,44.59,0.0,44.59,12.83
I001010,ORD-11398,P00034,1.0,23.76,10.0,21.38,3.0
I001011,ORD-11857,P00001,3.0,215.99,10.0,583.17,212.46
I001012,ORD-11690,P00020,6.0,13.61,5.0,77.58,20.3
I001013,ORD-10909,P00035,4.0,43.36,10.0,156.1,35.98
I001014,ORD-10138,P00012,1.0,84.43,25.0,63.32,12.81
I001015,ORD-11165,P00001,5.0,142.01,0.0,710.05,307.48
I001016,ORD-10340,P00009,3.0,51.54,5.0,146.89,37.98
I001017,ORD-10388,P00004,4.0,83.83,0.0,335.32,138.83
I001018,ORD-10868,P00030,5.0,19.09,10.0,85.91,18.25
I001019,ORD-11918,P00029,1.0,42.3,20.0,33.84,4.67
I001020,ORD-10590,P00009,1.0,58.82,15.0,50.0,3.42
I001021,ORD-11153,P00037,11.0,296.08,5.0,3094.04,1116.45
I001022,ORD-11654,P00037,1.0,264.5,25.0,198.38,32.44
I001023,ORD-11982,P00022,1.0,43.48,0.0,43.48,10.5
I001024,ORD-10263,P00008,2.0,51.5,0.0,103.0,37.05
I001025,ORD-10066,P00024,4.0,14.54,15.0,49.44,10.7
I001026,ORD-10799,P00009,3.0,75.05,0.0,225.15,77.66
I001027,ORD-11203,P00012,4.0,39.58,5.0,150.4,60.22
I001028,ORD-11849,P00023,7.0,102.39,5.0,680.89,273.18
I001029,ORD-10867,P00038,2.0,54.24,15.0,92.21,25.36
I001030,ORD-11698,P00024,2.0,7.92,0.0,15.84,0.64
I001031,ORD-10213,P00007,4.0,22.41,5.0,85.16,33.68
I001032,ORD-10311,P00020,2.0,7.5,10.0,13.5,-4.47
I001033,ORD-11049,P00029,1.0,34.53,0.0,34.53,5.39
I001034,ORD-10018,P00022,3.0,76.33,0.0,228.99,83.79
I001035,ORD-10475,P00029,4.0,57.77,15.0,196.42,61.1
I001036,ORD-11726,P00024,2.0,10.66,5.0,20.25,2.6
I001037,ORD-11892,P00012,3.0,40.65,5.0,115.85,41.86
I001038,ORD-10294,P00021,4.0,17.75,5.0,67.45,22.47
I001039,ORD-10910,P00010,7.0,22.85,5.0,151.95,61.42
I001040,ORD-10714,P00019,4.0,59.34,20.0,189.89,46.41
I001041,ORD-10716,P00005,3.0,167.77,5.0,478.14,164.06
I001042,ORD-10810,P00030,3.0,24.66,10.0,66.58,11.52
I001043,ORD-10786,P00001,4.0,147.28,10.0,530.21,193.99
I001044,ORD-10919,P00004,4.0,63.81,5.0,242.48,89.37
I001045,ORD-11751,P00018,1.0,9.65,10.0,8.69,-1.51
I001046,ORD-10058,P00015,4.0,347.26,20.0,1111.23,266.81
I001047,ORD-11383,P00035,1.0,53.78,5.0,51.09,12.4
I001048,ORD-11622,P00032,3.0,104.66,0.0,313.98,131.74
I001049,ORD-11976,P00026,5.0,8.93,20.0,35.72,6.37
I001050,ORD-11301,P00026,2.0,17.94,0.0,35.88,6.88
I001051,ORD-11719,P00005,3.0,305.72,10.0,825.44,265.18
I001052,ORD-10448,P00021,10.0,13.76,10.0,123.84,43.94
I001053,ORD-10748,P00027,3.0,20.47,5.0,58.34,15.97
I001054,ORD-11186,P00011,3.0,4.11,0.0,12.33,-7.73
I001055,ORD-11446,P00012,6.0,98.0,15.0,499.8,185.46
I001056,ORD-11697,P00036,1.0,66.5,10.0,59.85,16.28
I001057,ORD-10315,P00032,2.0,121.67,10.0,219.01,74.52
I001058,ORD-11942,P00019,4.0,63.57,0.0,254.28,95.8
I001059,ORD-11094,P00020,4.0,10.58,5.0,40.2,7.06
I001060,ORD-10248,P00010,2.0,57.19,5.0,108.66,43.51
I001061,ORD-11240,P00011,2.0,9.18,15.0,15.61,-4.7
I001062,ORD-10818,P00027,2.0,32.02,10.0,57.64,15.61
I001063,ORD-11132,P00003,8.0,9.6,15.0,65.28,3.17
I001064,ORD-10608,P00018,4.0,9.95,5.0,37.81,7.89
I001065,ORD-10629,P00019,4.0,33.42,0.0,133.68,46.97
I001066,ORD-11246,P00002,1.0,132.41,10.0,119.17,39.69
I001067,ORD-10245,P00023,1.0,145.65,0.0,145.65,55.29
I001068,ORD-10613,P00031,1.0,20.03,5.0,19.03,1.06
I001069,ORD-11635,P00038,3.0,74.99,0.0,224.97,101.12
I001070,ORD-10108,P00028,3.0,45.38,10.0,122.53,44.8
I001071,ORD-10563,P00022,4.0,91.15,5.0,346.37,113.86
I001072,ORD-11347,P00019,2.0,64.84,20.0,103.74,25.48
I001073,ORD-11480,P00005,3.0,277.81,15.0,708.42,198.6
I001074,ORD-11823,P00024,4.0,15.31,15.0,52.05,7.42
I001075,ORD-11613,P00025,2.0,57.71,5.0,109.65,45.22
I001076,ORD-10055,P00038,4.0,36.93,15.0,125.56,36.78
I001077,ORD-11966,P00013,1.0,20.09,15.0,17.08,-2.54
I001078,ORD-10403,P00005,2.0,112.26,0.0,224.52,81.12
I001079,ORD-10140,P00013,3.0,22.08,10.0,59.62,19.51
I001080,ORD-11959,P00030,8.0,29.9,0.0,239.2,92.03
I001081,ORD-10929,P00032,2.0,79.84,10.0,143.71,48.65
I001082,ORD-11370,P00031,2.0,12.3,0.0,24.6,1.1
I001083,ORD-11534,P00036,1.0,30.33,5.0,28.81,5.24
I001084,ORD-10174,P00026,6.0,13.5,15.0,68.85,18.28
I001085,ORD-10848,P00025,3.0,68.42,10.0,184.73,70.01
I001086,ORD-11023,P00021,8.0,7.55,20.0,48.32,8.99
I001087,ORD-11314,P00008,5.0,57.26,10.0,257.67,83.12
I001088,ORD-11582,P00016,1.0,187.47,0.0,187.47,68.76
I001089,ORD-10544,P00029,2.0,50.79,0.0,101.58,38.0
I001090,ORD-11124,P00025,1.0,31.92,0.0,31.92,3.89
I001091,ORD-10493,P00026,8.0,15.17,0.0,121.36,43.33
I001092,ORD-10208,P00023,2.0,68.4,0.0,136.8,47.9
I001093,ORD-10484,P00025,5.0,57.12,0.0,285.6,123.39
I001094,ORD-10857,P00002,10.0,62.96,10.0,566.64,200.83
I001095,ORD-10901,P00016,5.0,214.38,15.0,911.12,249.05
I001096,ORD-11644,P00039,2.0,8.93,10.0,16.07,-6.29
I001097,ORD-11672,P00021,4.0,17.6,0.0,70.4,24.54
I001098,ORD-11073,P00031,9.0,22.04,0.0,198.36,89.39
I001099,ORD-11058,P00016,1.0,376.74,20.0,301.39,68.16
I001100,ORD-10370,P00002,1.0,174.88,15.0,148.65,43.91
I001101,ORD-11781,P00039,1.0,13.21,5.0,12.55,-3.73
I001102,ORD-11939,P00004,2.0,43.13,0.0,86.26,27.3
I001103,ORD-10184,P00019,4.0,41.61,20.0,133.15,29.97
I001104,ORD-10229,P00012,6.0,33.23,5.0,189.41,80.63
I001105,ORD-10286,P00031,4.0,12.55,25.0,37.65,2.64
I001106,ORD-10426,P00038,8.0,62.5,25.0,375.0,100.68
I001107,ORD-11799,P00019,2.0,31.01,10.0,55.82,14.86
I001108,ORD-11951,P00035,4.0,29.07,10.0,104.65,22.29
I001109,ORD-10466,P00036,5.0,62.9,0.0,314.5,129.47
I001110,ORD-11433,P00013,1.0,13.51,10.0,12.16,-1.86
I001111,ORD-11473,P00022,3.0,64.94,20.0,155.86,27.4
I001112,ORD-11491,P00028,1.0,20.04,0.0,20.04,3.51
I001113,ORD-11504,P00013,4.0,17.37,15.0,59.06,18.69
I001114,ORD-11938,P00009,2.0,73.07,15.0,124.22,22.56
I001115,ORD-10262,P00011,2.0,5.97,5.0,11.34,-1.04
I001116,ORD-10998,P00033,4.0,67.4,5.0,256.12,85.03
I001117,ORD-10050,P00018,3.0,13.57,5.0,38.67,7.37
I001118,ORD-10697,P00020,2.0,6.44,0.0,12.88,-2.63
I001119,ORD-10329,P00003,6.0,13.09,10.0,70.69,14.38
I001120,ORD-10011,P00002,9.0,164.14,0.0,1477.26,646.52
I001121,ORD-10931,P00035,3.0,49.49,15.0,126.2,21.05
I001122,ORD-10141,P00007,2.0,18.15,15.0,30.85,-0.38
I001123,ORD-10648,P00026,3.0,6.42,15.0,16.37,-7.69
I001124,ORD-11925,P00019,3.0,55.32,10.0,149.36,41.4
I001125,ORD-10076,P00007,5.0,17.85,0.0,89.25,34.64
I001126,ORD-11440,P00030,5.0,18.67,5.0,88.68,22.96
I001127,ORD-11573,P00001,2.0,83.77,15.0,142.41,42.21
I001128,ORD-11870,P00036,4.0,48.97,20.0,156.7,38.15
I001129,ORD-11920,P00031,1.0,29.28,15.0,24.89,0.85
I001130,ORD-10106,P00038,4.0,26.0,0.0,104.0,36.53
I001131,ORD-11522,P00019,4.0,31.83,5.0,120.95,38.91
I001132,ORD-10223,P00022,2.0,61.97,0.0,123.94,38.44
I001133,ORD-11955,P00035,6.0,47.45,5.0,270.47,78.64
I001134,ORD-10258,P00003,6.0,6.49,15.0,33.1,3.23
I001135,ORD-10879,P00004,3.0,37.06,20.0,88.94,14.77
I001136,ORD-11947,P00002,1.0,165.01,10.0,148.51,46.72
I001137,ORD-11826,P00038,3.0,66.59,5.0,189.78,76.75
I001138,ORD-10296,P00014,1.0,41.43,10.0,37.29,4.51
I001139,ORD-11399,P00037,1.0,160.45,5.0,152.43,50.27
I001140,ORD-10312,P00002,4.0,142.59,0.0,570.36,244.78
I001141,ORD-10512,P00019,3.0,37.56,10.0,101.41,27.65
I001142,ORD-10767,P00016,4.0,287.66,5.0,1093.11,386.94
I001143,ORD-11092,P00017,3.0,55.82,5.0,159.09,63.02
I001144,ORD-11797,P00020,6.0,7.06,20.0,33.89,5.22
I001145,ORD-10517,P00026,2.0,16.71,5.0,31.75,2.08
I001146,ORD-10999,P00013,10.0,8.48,10.0,76.32,17.12
I001147,ORD-11749,P00023,5.0,113.75,5.0,540.31,207.76
I001148,ORD-11228,P00006,8.0,88.37,5.0,671.61,230.95
I001149,ORD-10412,P00011,3.0,5.9,5.0,16.82,-6.36
I001150,ORD-10504,P00010,1.0,37.98,10.0,34.18,7.97
I001151,ORD-10988,P00012,5.0,34.24,10.0,154.08,48.23
I001152,ORD-11136,P00012,1.0,99.45,15.0,84.53,26.98
I001153,ORD-11883,P00019,10.0,53.93,5.0,512.33,196.06
I001154,ORD-10119,P00031,6.0,16.76,5.0,95.53,36.81
I001155,ORD-10021,P00028,4.0,20.47,10.0,73.69,20.95
I001156,ORD-10663,P00023,3.0,135.35,5.0,385.75,150.31
I001157,ORD-11018,P00024,4.0,13.9,0.0,55.6,18.8
I001158,ORD-11739,P00001,4.0,58.38,0.0,233.52,91.69
I001159,ORD-11774,P00031,2.0,21.81,10.0,39.26,5.24
I001160,ORD-11881,P00027,8.0,48.56,5.0,369.06,150.47
I001161,ORD-11965,P00015,1.0,371.21,10.0,334.09,105.76
I001162,ORD-10520,P00015,10.0,345.3,20.0,2762.4,657.86
I001163,ORD-10877,P00034,3.0,51.23,25.0,115.27,28.82
I001164,ORD-11475,P00033,8.0,35.17,5.0,267.29,72.75
I001165,ORD-10523,P00038,2.0,66.94,0.0,133.88,57.82
I001166,ORD-10833,P00030,1.0,26.72,0.0,26.72,2.98
I001167,ORD-10871,P00009,9.0,115.8,20.0,833.76,181.94
I001168,ORD-11209,P00011,2.0,9.28,20.0,14.85,-1.54
I001169,ORD-11542,P00007,3.0,17.78,0.0,53.34,15.87
I001170,ORD-11783,P00016,4.0,275.12,5.0,1045.46,371.23
I001171,ORD-11994,P00004,5.0,53.38,10.0,240.21,81.82
I001172,ORD-10391,P00038,2.0,77.59,10.0,139.66,46.78
I001173,ORD-11714,P00039,6.0,7.0,5.0,39.9,2.91
I001174,ORD-11851,P00010,1.0,61.38,10.0,55.24,13.87
I001175,ORD-10162,P00018,7.0,9.79,30.0,47.97,1.33
I001176,ORD-10416,P00026,1.0,8.54,0.0,8.54,-2.72
I001177,ORD-10038,P00028,1.0,26.92,15.0,22.88,2.51
I001178,ORD-10168,P00017,1.0,29.08,15.0,24.72,-1.8
I001179,ORD-10580,P00004,9.0,45.48,20.0,327.46,91.9
I001180,ORD-11269,P00011,1.0,4.87,15.0,4.14,-10.48
I001181,ORD-11341,P00030,3.0,19.93,25.0,44.84,-1.61
I001182,ORD-10939,P00015,1.0,239.53,25.0,179.65,23.91
I001183,ORD-11623,P00024,1.0,17.33,25.0,13.0,-6.08
I001184,ORD-11874,P00016,1.0,292.37,15.0,248.51,67.47
I001185,ORD-11864,P00021,1.0,13.36,0.0,13.36,0.03
I001186,ORD-10540,P00026,3.0,12.11,0.0,36.33,5.95
I001187,ORD-11054,P00037,5.0,94.04,5.0,446.69,150.37
I001188,ORD-10443,P00008,1.0,40.25,5.0,38.24,3.61
I001189,ORD-10449,P00030,2.0,24.54,15.0,41.72,4.16
I001190,ORD-11822,P00023,2.0,96.97,15.0,164.85,49.19
I001191,ORD-11836,P00026,7.0,16.12,15.0,95.91,33.01
I001192,ORD-10453,P00030,2.0,36.84,20.0,58.94,7.57
I001193,ORD-10707,P00014,1.0,130.63,20.0,104.5,27.34
I001194,ORD-11037,P00038,7.0,46.74,10.0,294.46,118.38
I001195,ORD-11807,P00008,2.0,38.76,5.0,73.64,24.32
I001196,ORD-10088,P00009,3.0,87.75,10.0,236.93,67.88
I001197,ORD-10693,P00003,8.0,10.52,20.0,67.33,10.24
I001198,ORD-10912,P00021,3.0,13.97,0.0,41.91,12.33
I001199,ORD-11170,P00004,5.0,51.41,5.0,244.2,86.39
I001200,ORD-11627,P00030,4.0,23.76,0.0,95.04,28.16
I001201,ORD-11615,P00027,1.0,47.84,5.0,45.45,10.19
I001202,ORD-11267,P00029,3.0,45.95,15.0,117.17,25.4
I001203,ORD-11455,P00031,7.0,16.16,0.0,113.12,43.49
I001204,ORD-10659,P00025,2.0,39.32,5.0,74.71,21.8
I001205,ORD-10944,P00040,3.0,210.89,5.0,601.04,209.66
I001206,ORD-11319,P00003,9.0,11.89,10.0,96.31,22.56
I001207,ORD-10217,P00005,2.0,177.54,25.0,266.31,46.31
I001208,ORD-10621,P00038,12.0,42.25,0.0,507.0,230.46
I001209,ORD-10765,P00020,2.0,10.34,10.0,18.61,-2.12
I001210,ORD-11451,P00022,2.0,54.34,10.0,97.81,20.95
I001211,ORD-11502,P00028,12.0,61.78,5.0,704.29,313.26
I001212,ORD-11716,P00021,2.0,17.35,0.0,34.7,4.94
I001213,ORD-11618,P00039,2.0,8.29,0.0,16.58,0.35
I001214,ORD-11146,P00022,5.0,83.62,5.0,397.19,133.61
I001215,ORD-11252,P00002,2.0,144.76,15.0,246.09,75.58
I001216,ORD-10389,P00006,1.0,88.95,5.0,84.5,24.03
I001217,ORD-10405,P00022,1.0,44.69,0.0,44.69,7.24
I001218,ORD-10539,P00012,2.0,106.07,10.0,190.93,71.92
I001219,ORD-10924,P00033,3.0,55.43,15.0,141.35,27.84
I001220,ORD-11853,P00008,7.0,58.73,0.0,411.11,165.83
I001221,ORD-10061,P00015,9.0,215.11,15.0,1645.59,460.6
I001222,ORD-10014,P00002,3.0,86.2,10.0,232.74,79.67
I001223,ORD-10865,P00034,4.0,21.57,10.0,77.65,22.97
I001224,ORD-11296,P00007,5.0,20.84,0.0,104.2,41.92
I001225,ORD-10193,P00039,2.0,6.32,0.0,12.64,-1.61
I001226,ORD-10433,P00033,1.0,40.91,20.0,32.73,-3.82
I001227,ORD-10638,P00040,8.0,171.68,10.0,1236.1,395.07
I001228,ORD-10785,P00037,2.0,288.51,0.0,577.02,217.49
I001229,ORD-10794,P00028,4.0,57.02,10.0,205.27,83.81
I001230,ORD-11629,P00010,3.0,58.15,5.0,165.73,64.14
I001231,ORD-11790,P00011,14.0,7.5,0.0,105.0,36.85
I001232,ORD-10120,P00004,2.0,56.22,5.0,106.82,35.15
I001233,ORD-10415,P00016,5.0,186.09,15.0,790.88,220.89
I001234,ORD-10633,P00019,1.0,57.7,0.0,57.7,18.02
I001235,ORD-10715,P00008,4.0,74.26,0.0,297.04,122.43
I001236,ORD-11371,P00036,4.0,66.35,5.0,252.13,93.57
I001237,ORD-11223,P00014,1.0,45.27,5.0,43.01,13.65
I001238,ORD-11617,P00020,2.0,6.86,0.0,13.72,-0.55
I001239,ORD-10150,P00032,7.0,123.89,0.0,867.23,370.69
I001240,ORD-10151,P00024,1.0,15.77,10.0,14.19,-1.69
I001241,ORD-10400,P00021,1.0,8.27,15.0,7.03,-2.29
I001242,ORD-10830,P00017,11.0,36.18,10.0,358.18,143.16
I001243,ORD-11902,P00026,3.0,13.86,0.0,41.58,9.82
I001244,ORD-10243,P00033,4.0,36.53,5.0,138.81,37.84
I001245,ORD-10048,P00004,1.0,40.91,15.0,34.77,2.09
I001246,ORD-10401,P00036,3.0,62.77,0.0,188.31,72.94
I001247,ORD-11327,P00007,4.0,9.84,10.0,35.42,3.93
I001248,ORD-11039,P00036,2.0,39.61,20.0,63.38,9.61
I001249,ORD-11369,P00034,1.0,31.83,15.0,27.06,-0.32
I001250,ORD-11506,P00005,5.0,239.49,5.0,1137.58,401.23
I001251,ORD-11590,P00011,6.0,6.5,20.0,31.2,-3.04
I001252,ORD-11943,P00014,5.0,79.16,15.0,336.43,125.84
I001253,ORD-11207,P00019,10.0,46.43,10.0,417.87,140.11
I001254,ORD-11758,P00037,6.0,259.75,0.0,1558.5,612.71
I001255,ORD-10469,P00008,5.0,60.7,15.0,257.97,74.84
I001256,ORD-10669,P00021,2.0,14.78,0.0,29.56,9.3
I001257,ORD-11335,P00020,1.0,13.3,0.0,13.3,-0.57
I001258,ORD-10533,P00034,4.0,18.59,5.0,70.64,24.38
I001259,ORD-10567,P00012,7.0,75.25,10.0,474.07,190.72
I001260,ORD-10093,P00006,3.0,181.78,5.0,518.07,179.52
I001261,ORD-11257,P00003,5.0,15.61,5.0,74.15,24.4
I001262,ORD-11445,P00007,2.0,11.05,5.0,21.0,2.41
I001263,ORD-10239,P00018,1.0,6.95,10.0,6.25,-2.66
I001264,ORD-11043,P00018,7.0,17.17,20.0,96.15,17.62
I001265,ORD-11113,P00028,2.0,50.22,10.0,90.4,30.69
I001266,ORD-10046,P00019,1.0,66.12,20.0,52.9,7.76
I001267,ORD-10543,P00027,4.0,36.61,25.0,109.83,25.39
I001268,ORD-10602,P00036,12.0,54.74,10.0,591.19,210.96
I001269,ORD-10969,P00014,7.0,81.97,0.0,573.79,269.87
I001270,ORD-11869,P00037,6.0,120.71,5.0,688.05,236.87
I001271,ORD-10491,P00023,6.0,62.59,0.0,375.54,145.71
I001272,ORD-11211,P00036,8.0,63.14,15.0,429.35,132.07
I001273,ORD-10436,P00034,6.0,38.82,15.0,197.98,62.49
I001274,ORD-10701,P00015,1.0,446.58,15.0,379.59,101.05
I001275,ORD-11338,P00027,3.0,24.35,15.0,62.09,17.46
I001276,ORD-11778,P00024,6.0,7.36,10.0,39.74,1.3
I001277,ORD-11973,P00005,3.0,250.01,10.0,675.03,217.09
I001278,ORD-11980,P00021,1.0,16.46,25.0,12.35,-6.54
I001279,ORD-10073,P00025,2.0,66.53,5.0,126.41,50.5
I001280,ORD-10134,P00034,3.0,45.43,0.0,136.29,58.19
I001281,ORD-11792,P00024,2.0,11.64,0.0,23.28,4.29
I001282,ORD-10160,P00002,4.0,171.86,0.0,687.44,295.87
I001283,ORD-10178,P00019,1.0,36.61,10.0,32.95,2.08
I001284,ORD-10690,P00038,3.0,25.68,0.0,77.04,28.08
I001285,ORD-10812,P00038,4.0,55.09,0.0,220.36,92.77
I001286,ORD-11514,P00018,1.0,14.87,10.0,13.38,-3.42
I001287,ORD-11709,P00005,6.0,282.23,5.0,1608.71,572.66
I001288,ORD-10624,P00011,6.0,5.74,15.0,29.27,-3.21
I001289,ORD-10742,P00021,12.0,10.53,20.0,101.09,11.4
I001290,ORD-11067,P00009,3.0,76.16,5.0,217.06,71.72
I001291,ORD-10494,P00022,4.0,84.66,5.0,321.71,104.98
I001292,ORD-11384,P00028,12.0,44.66,5.0,509.12,227.04
I001293,ORD-10645,P00015,2.0,329.54,0.0,659.08,251.09
I001294,ORD-10666,P00003,5.0,5.79,5.0,27.5,-4.26
I001295,ORD-10759,P00011,6.0,6.27,5.0,35.74,-0.55
I001296,ORD-11276,P00026,3.0,8.94,15.0,22.8,-4.18
I001297,ORD-11950,P00008,5.0,39.27,30.0,137.44,9.97
I001298,ORD-10994,P00024,7.0,13.74,5.0,91.37,26.14
I001299,ORD-11908,P00039,4.0,12.49,5.0,47.46,10.22
I001300,ORD-10741,P00010,4.0,38.77,0.0,155.08,64.97
I001301,ORD-11476,P00006,1.0,173.33,10.0,156.0,43.35
I001302,ORD-10260,P00033,4.0,66.19,5.0,251.52,80.57
I001303,ORD-10967,P00023,2.0,72.64,10.0,130.75,38.51
I001304,ORD-11242,P00037,10.0,253.85,0.0,2538.5,992.84
I001305,ORD-10029,P00003,6.0,12.47,5.0,71.08,29.08
I001306,ORD-10815,P00019,1.0,70.9,0.0,70.9,20.39
I001307,ORD-11948,P00026,1.0,6.45,5.0,6.13,-4.33
I001308,ORD-10588,P00038,2.0,69.3,0.0,138.6,58.23
I001309,ORD-10761,P00005,7.0,212.35,20.0,1189.16,283.25
I001310,ORD-11477,P00009,2.0,76.2,5.0,144.78,44.46
I001311,ORD-11880,P00019,1.0,44.65,5.0,42.42,4.77
I001312,ORD-11764,P00003,3.0,13.27,25.0,29.86,-0.39
I001313,ORD-11426,P00002,1.0,105.02,10.0,94.52,25.19
I001314,ORD-11195,P00017,7.0,49.09,0.0,343.63,153.66
I001315,ORD-11309,P00015,4.0,416.86,0.0,1667.44,653.71
I001316,ORD-10654,P00028,7.0,20.15,10.0,126.94,34.22
I001317,ORD-11517,P00024,2.0,12.97,15.0,22.05,-4.03
I001318,ORD-10241,P00030,2.0,47.58,15.0,80.89,17.37
I001319,ORD-10808,P00013,5.0,22.51,5.0,106.92,36.52
I001320,ORD-10899,P00037,1.0,142.21,0.0,142.21,49.93
I001321,ORD-11129,P00029,2.0,60.18,0.0,120.36,45.83
I001322,ORD-10026,P00008,3.0,44.45,15.0,113.35,23.67
I001323,ORD-11083,P00040,7.0,234.12,0.0,1638.84,644.77
I001324,ORD-10948,P00040,1.0,115.76,10.0,104.18,28.26
I001325,ORD-11036,P00015,3.0,219.08,5.0,624.38,213.07
I001326,ORD-11331,P00007,2.0,23.83,0.0,47.66,17.34
I001327,ORD-10975,P00040,5.0,127.03,5.0,603.39,205.81
I001328,ORD-10074,P00025,6.0,26.43,5.0,150.65,63.26
I001329,ORD-11866,P00003,1.0,9.21,20.0,7.37,-7.94
I001330,ORD-10807,P00026,4.0,9.43,20.0,30.18,0.38
I001331,ORD-11852,P00007,3.0,18.18,0.0,54.54,22.73
I001332,ORD-10259,P00036,4.0,45.26,0.0,181.04,74.23
I001333,ORD-10973,P00024,2.0,12.48,10.0,22.46,-1.16
I001334,ORD-10497,P00007,3.0,9.4,5.0,26.79,2.86
I001335,ORD-11804,P00026,3.0,9.86,10.0,26.62,5.62
I001336,ORD-11381,P00019,3.0,73.19,10.0,197.61,64.49
I001337,ORD-10668,P00021,12.0,11.27,10.0,121.72,41.82
I001338,ORD-10970,P00010,10.0,56.84,5.0,539.98,231.02
I001339,ORD-11364,P00010,3.0,17.66,0.0,52.98,19.79
I001340,ORD-10699,P00001,5.0,185.01,0.0,925.05,405.16
I001341,ORD-11901,P00012,5.0,82.49,10.0,371.2,152.66
I001342,ORD-11236,P00006,6.0,71.81,5.0,409.32,135.25
I001343,ORD-10215,P00036,5.0,67.72,0.0,338.6,138.19
I001344,ORD-10702,P00003,2.0,5.74,20.0,9.18,-9.01
I001345,ORD-11730,P00004,4.0,87.29,0.0,349.16,144.28
I001346,ORD-11359,P00032,2.0,95.46,10.0,171.83,52.48
I001347,ORD-11600,P00022,1.0,32.2,0.0,32.2,1.64
I001348,ORD-11282,P00037,1.0,266.33,10.0,239.7,67.09
I001349,ORD-11421,P00016,8.0,162.73,5.0,1236.75,433.73
I001350,ORD-10655,P00039,4.0,9.15,0.0,36.6,6.03
I001351,ORD-11194,P00038,2.0,31.26,15.0,53.14,11.55
I001352,ORD-11403,P00037,5.0,186.71,15.0,793.52,222.06
I001353,ORD-11606,P00035,4.0,49.36,20.0,157.95,26.9
I001354,ORD-10601,P00006,3.0,68.02,15.0,173.45,35.36
I001355,ORD-10022,P00022,4.0,79.25,20.0,253.6,45.17
I001356,ORD-10249,P00036,1.0,43.25,5.0,41.09,11.68
I001357,ORD-11042,P00016,2.0,306.48,0.0,612.96,233.88
I001358,ORD-11893,P00030,2.0,52.22,15.0,88.77,21.45
I001359,ORD-11930,P00035,1.0,16.32,10.0,14.69,-4.47
I001360,ORD-11957,P00023,6.0,92.96,0.0,557.76,240.88
I001361,ORD-11351,P00008,7.0,63.72,20.0,356.83,84.2
I001362,ORD-11115,P00037,1.0,291.52,0.0,291.52,107.83
I001363,ORD-11122,P00025,3.0,62.51,20.0,150.02,43.31
I001364,ORD-11138,P00032,1.0,72.27,10.0,65.04,16.07
I001365,ORD-10308,P00032,1.0,62.62,10.0,56.36,10.63
I001366,ORD-10644,P00009,7.0,46.41,25.0,243.65,36.49
I001367,ORD-10805,P00034,4.0,27.85,5.0,105.83,31.22
I001368,ORD-10993,P00034,6.0,35.29,5.0,201.15,77.82
I001369,ORD-11056,P00002,2.0,148.04,5.0,281.28,108.85
I001370,ORD-11509,P00038,5.0,26.79,0.0,133.95,48.37
I001371,ORD-11689,P00025,2.0,27.73,10.0,49.91,10.48
I001372,ORD-11732,P00018,4.0,9.42,5.0,35.8,4.33
I001373,ORD-10604,P00001,1.0,119.38,0.0,119.38,43.99
I001374,ORD-11436,P00004,3.0,57.05,15.0,145.48,40.49
I001375,ORD-10802,P00021,8.0,14.06,15.0,95.61,21.58
I001376,ORD-11496,P00038,5.0,51.1,10.0,229.95,91.16
I001377,ORD-10611,P00017,1.0,26.45,15.0,22.48,3.17
I001378,ORD-11694,P00024,1.0,15.54,25.0,11.65,-2.05
I001379,ORD-10506,P00033,1.0,42.63,0.0,42.63,9.88
I001380,ORD-10509,P00005,1.0,302.08,10.0,271.87,84.45
I001381,ORD-11744,P00035,3.0,22.63,5.0,64.5,11.49
I001382,ORD-11876,P00033,2.0,60.59,0.0,121.18,40.48
I001383,ORD-10814,P00013,2.0,16.2,10.0,29.16,8.08
I001384,ORD-11350,P00001,1.0,230.1,5.0,218.59,84.74
I001385,ORD-11408,P00004,7.0,78.3,15.0,465.88,138.45
I001386,ORD-11839,P00009,3.0,46.46,20.0,111.5,19.14
I001387,ORD-10079,P00028,3.0,53.74,10.0,145.1,48.33
I001388,ORD-11001,P00011,1.0,3.03,20.0,2.42,-10.1
I001389,ORD-11801,P00018,1.0,15.32,0.0,15.32,-2.44
I001390,ORD-11897,P00036,1.0,47.45,20.0,37.96,3.14
I001391,ORD-11919,P00020,1.0,12.93,0.0,12.93,-1.83
I001392,ORD-10730,P00014,1.0,71.91,5.0,68.31,25.09
I001393,ORD-11412,P00002,1.0,167.77,0.0,167.77,65.43
I001394,ORD-10873,P00014,2.0,61.54,0.0,123.08,49.2
I001395,ORD-11472,P00002,1.0,146.2,5.0,138.89,50.59
I001396,ORD-11818,P00035,1.0,40.32,10.0,36.29,2.81
I001397,ORD-10035,P00001,6.0,228.0,15.0,1162.8,389.06
I001398,ORD-11120,P00001,9.0,107.1,0.0,963.9,409.0
I001399,ORD-10647,P00026,1.0,11.74,5.0,11.15,-1.29
I001400,ORD-11796,P00032,2.0,182.51,5.0,346.77,135.52
I001401,ORD-10657,P00029,7.0,59.14,15.0,351.88,100.66
I001402,ORD-11443,P00016,2.0,239.93,0.0,479.86,184.96
I001403,ORD-10481,P00004,2.0,48.49,10.0,87.28,21.08
I001404,ORD-11017,P00030,4.0,45.77,10.0,164.77,50.67
I001405,ORD-11755,P00020,6.0,14.68,15.0,74.87,19.89
I001406,ORD-10317,P00016,4.0,163.97,0.0,655.88,245.6
I001407,ORD-11275,P00012,3.0,55.66,5.0,158.63,58.41
I001408,ORD-11471,P00032,1.0,112.7,5.0,107.06,38.99
I001409,ORD-11595,P00004,4.0,71.02,15.0,241.47,77.82
I001410,ORD-11821,P00011,3.0,3.72,0.0,11.16,-3.11
I001411,ORD-10905,P00018,2.0,11.45,5.0,21.75,-0.4
I001412,ORD-11427,P00026,6.0,14.94,15.0,76.19,25.45
I001413,ORD-11511,P00004,1.0,52.34,5.0,49.72,13.09
I001414,ORD-11727,P00040,6.0,128.18,5.0,730.63,253.22
I001415,ORD-10519,P00003,1.0,7.4,0.0,7.4,-3.98
I001416,ORD-11845,P00018,1.0,12.48,10.0,11.23,0.09
I001417,ORD-11166,P00015,1.0,418.59,0.0,418.59,154.97
I001418,ORD-10619,P00019,2.0,28.19,5.0,53.56,10.23
I001419,ORD-11249,P00036,9.0,45.95,20.0,330.84,78.83
I001420,ORD-11308,P00010,1.0,48.23,0.0,48.23,17.9
I001421,ORD-10159,P00020,5.0,13.18,20.0,52.72,10.93
I001422,ORD-10247,P00034,1.0,17.18,0.0,17.18,1.44
I001423,ORD-10444,P00006,2.0,135.69,10.0,244.24,72.99
I001424,ORD-10136,P00027,1.0,34.17,5.0,32.46,6.68
I001425,ORD-10387,P00004,2.0,51.32,20.0,82.11,13.75
I001426,ORD-10751,P00012,9.0,64.33,5.0,550.02,237.92
I001427,ORD-11820,P00040,3.0,137.47,10.0,371.17,111.02
I001428,ORD-10538,P00028,1.0,61.85,0.0,61.85,19.77
I001429,ORD-11584,P00019,4.0,67.37,10.0,242.53,78.51
I001430,ORD-11281,P00004,3.0,81.59,5.0,232.53,90.6
I001431,ORD-10348,P00035,3.0,48.66,5.0,138.68,39.59
I001432,ORD-10585,P00031,7.0,29.97,5.0,199.3,78.84
I001433,ORD-10889,P00029,1.0,29.02,5.0,27.57,-0.26
I001434,ORD-10987,P00022,2.0,78.8,5.0,149.72,43.97
I001435,ORD-11487,P00004,2.0,67.91,0.0,135.82,52.14
I001436,ORD-11238,P00007,3.0,17.48,10.0,47.2,15.69
I001437,ORD-10894,P00010,2.0,55.31,10.0,99.56,33.63
I001438,ORD-11005,P00030,5.0,25.46,5.0,120.94,34.56
I001439,ORD-11310,P00024,4.0,19.04,5.0,72.35,24.2
I001440,ORD-11862,P00035,2.0,29.19,20.0,46.7,-0.04
I001441,ORD-11221,P00023,2.0,136.48,15.0,232.02,66.47
I001442,ORD-11757,P00018,2.0,20.22,25.0,30.33,1.44
I001443,ORD-11860,P00030,2.0,48.96,5.0,93.02,30.06
I001444,ORD-10337,P00028,1.0,47.73,5.0,45.34,15.54
I001445,ORD-11695,P00015,1.0,268.81,20.0,215.05,43.39
I001446,ORD-10774,P00029,9.0,50.88,10.0,412.13,142.93
I001447,ORD-11193,P00029,4.0,43.48,10.0,156.53,51.41
I001448,ORD-10331,P00009,5.0,45.17,0.0,225.85,73.9
I001449,ORD-10704,P00001,1.0,77.8,15.0,66.13,14.08
I001450,ORD-11754,P00024,11.0,14.79,25.0,122.02,25.7
I001451,ORD-10976,P00021,6.0,17.83,5.0,101.63,32.09
I001452,ORD-10087,P00005,8.0,222.57,0.0,1780.56,701.93
I001453,ORD-11637,P00036,3.0,42.99,0.0,128.97,51.15
I001454,ORD-11935,P00024,14.0,11.48,0.0,160.72,48.57
I001455,ORD-10541,P00029,3.0,25.43,5.0,72.48,19.18
I001456,ORD-11429,P00035,2.0,34.92,0.0,69.84,16.02
I001457,ORD-11614,P00010,3.0,24.3,5.0,69.25,22.03
I001458,ORD-11856,P00007,2.0,13.42,5.0,25.5,1.04
I001459,ORD-10255,P00030,2.0,42.23,10.0,76.01,20.04
I001460,ORD-10906,P00030,4.0,53.71,10.0,193.36,61.44
I001461,ORD-11368,P00029,7.0,23.09,0.0,161.63,51.89
I001462,ORD-10300,P00002,4.0,164.84,5.0,626.39,252.39
I001463,ORD-10803,P00001,1.0,219.67,0.0,219.67,91.14
I001464,ORD-10264,P00021,4.0,16.1,25.0,48.3,6.24
I001465,ORD-10615,P00012,1.0,90.62,15.0,77.03,24.24
I001466,ORD-11666,P00026,2.0,9.78,15.0,16.63,-2.25
I001467,ORD-10778,P00005,6.0,154.97,10.0,836.84,265.01
I001468,ORD-11647,P00007,2.0,20.57,5.0,39.08,7.94
I001469,ORD-11591,P00001,1.0,116.2,0.0,116.2,44.7
I001470,ORD-11057,P00008,5.0,27.29,10.0,122.8,27.51
I001471,ORD-11127,P00040,4.0,128.7,0.0,514.8,195.65
I001472,ORD-11410,P00023,3.0,93.28,10.0,251.86,79.95
I001473,ORD-10123,P00006,1.0,193.39,10.0,174.05,45.96
I001474,ORD-11126,P00034,11.0,31.57,5.0,329.91,131.63
I001475,ORD-11157,P00033,9.0,33.73,15.0,258.03,61.93
I001476,ORD-11219,P00018,1.0,14.71,10.0,13.24,-5.07
I001477,ORD-11438,P00032,1.0,115.93,5.0,110.13,37.08
I001478,ORD-11493,P00010,1.0,39.65,0.0,39.65,8.81
I001479,ORD-10684,P00026,1.0,13.25,5.0,12.59,0.94
I001480,ORD-11089,P00021,3.0,9.38,5.0,26.73,5.12
I001481,ORD-11190,P00019,4.0,55.11,10.0,198.4,63.32
I001482,ORD-11312,P00032,3.0,60.01,10.0,162.03,51.77
I001483,ORD-11485,P00024,2.0,19.7,10.0,35.46,7.34
I001484,ORD-10148,P00039,1.0,8.77,20.0,7.02,-8.07
I001485,ORD-10679,P00008,2.0,44.96,0.0,89.92,28.98
I001486,ORD-11027,P00021,4.0,19.2,10.0,69.12,21.65
I001487,ORD-10990,P00015,2.0,165.71,0.0,331.42,120.15
I001488,ORD-11848,P00032,1.0,155.22,15.0,131.94,39.75
I001489,ORD-10080,P00001,2.0,238.98,5.0,454.06,178.79
I001490,ORD-10187,P00021,1.0,14.87,15.0,12.64,-6.98
I001491,ORD-10198,P00003,2.0,12.81,0.0,25.62,-0.17
I001492,ORD-11003,P00003,2.0,14.06,15.0,23.9,0.49
I001493,ORD-11524,P00011,1.0,9.33,0.0,9.33,-0.92
I001494,ORD-11540,P00014,10.0,147.28,0.0,1472.8,709.01
I001495,ORD-11554,P00012,2.0,32.49,5.0,61.73,17.99
I001496,ORD-11278,P00006,4.0,67.49,10.0,242.96,69.27
I001497,ORD-11829,P00016,7.0,294.09,0.0,2058.63,808.35
I001498,ORD-10966,P00036,5.0,61.12,20.0,244.48,54.39
I001499,ORD-11078,P00029,4.0,46.7,0.0,186.8,67.01
I001500,ORD-11656,P00030,4.0,25.36,20.0,81.15,10.96
I001501,ORD-10634,P00009,13.0,84.96,15.0,938.81,244.05
I001502,ORD-11841,P00003,1.0,15.62,0.0,15.62,1.99
I001503,ORD-10172,P00032,3.0,155.55,0.0,466.65,200.48
I001504,ORD-10626,P00031,2.0,10.67,15.0,18.14,-5.55
I001505,ORD-11577,P00040,3.0,138.55,0.0,415.65,157.24
I001506,ORD-10027,P00004,2.0,76.94,10.0,138.49,40.92
I001507,ORD-11416,P00036,10.0,31.3,10.0,281.7,93.19
I001508,ORD-11879,P00005,2.0,320.6,0.0,641.2,244.38
I001509,ORD-10854,P00002,1.0,172.2,0.0,172.2,65.11
I001510,ORD-10244,P00037,2.0,163.76,15.0,278.39,70.73
I001511,ORD-10756,P00008,2.0,36.57,15.0,62.17,13.41
I001512,ORD-10289,P00030,7.0,19.93,10.0,125.56,28.08
I001513,ORD-10982,P00024,1.0,9.5,10.0,8.55,-4.03
I001514,ORD-11772,P00024,8.0,17.87,20.0,114.37,31.27
I001515,ORD-10371,P00024,3.0,11.65,15.0,29.71,2.18
I001516,ORD-10856,P00032,1.0,136.78,10.0,123.1,40.78
I001517,ORD-10191,P00028,9.0,25.8,0.0,232.2,98.99
I001518,ORD-11469,P00012,8.0,34.0,30.0,190.4,39.22
I001519,ORD-11952,P00040,2.0,155.18,25.0,232.77,37.99
I001520,ORD-11041,P00033,2.0,59.73,5.0,113.49,31.34
I001521,ORD-11317,P00005,5.0,217.51,15.0,924.42,255.08
I001522,ORD-11405,P00033,2.0,60.6,10.0,109.08,25.84
I001523,ORD-11819,P00005,5.0,166.65,5.0,791.59,277.65
I001524,ORD-10293,P00013,6.0,12.86,15.0,65.59,14.6
I001525,ORD-10485,P00002,5.0,53.7,5.0,255.07,88.18
I001526,ORD-10490,P00005,1.0,129.14,0.0,129.14,39.46
I001527,ORD-11756,P00019,1.0,31.62,5.0,30.04,5.35
I001528,ORD-10135,P00029,8.0,56.61,10.0,407.59,146.47
I001529,ORD-10698,P00001,1.0,82.26,10.0,74.03,17.65
I001530,ORD-10911,P00038,1.0,29.71,0.0,29.71,3.13
I001531,ORD-11206,P00023,4.0,144.04,15.0,489.74,163.5
I001532,ORD-11578,P00034,11.0,46.45,5.0,485.4,219.03
I001533,ORD-11677,P00037,1.0,215.75,5.0,204.96,64.93
I001534,ORD-10081,P00021,4.0,18.4,15.0,62.56,13.51
I001535,ORD-10618,P00037,4.0,250.2,5.0,950.76,336.58
I001536,ORD-11389,P00021,7.0,17.16,0.0,120.12,47.39
I001537,ORD-11495,P00013,3.0,18.94,5.0,53.98,13.95
I001538,ORD-11913,P00032,2.0,45.23,10.0,81.41,18.79
I001539,ORD-10002,P00030,7.0,26.13,15.0,155.47,40.13
I001540,ORD-10324,P00012,3.0,37.7,10.0,101.79,38.51
I001541,ORD-10849,P00017,2.0,26.13,0.0,52.26,11.3
I001542,ORD-10039,P00009,1.0,125.15,20.0,100.12,16.38
I001543,ORD-10158,P00037,8.0,184.19,5.0,1399.84,503.45
I001544,ORD-10267,P00018,3.0,11.95,5.0,34.06,6.72
I001545,ORD-11873,P00018,1.0,6.93,10.0,6.24,-9.17
I001546,ORD-10692,P00007,1.0,10.73,5.0,10.19,-1.47
I001547,ORD-11014,P00010,2.0,51.67,10.0,93.01,33.89
I001548,ORD-11563,P00036,1.0,38.97,0.0,38.97,8.99
I001549,ORD-10764,P00003,2.0,8.5,0.0,17.0,-3.86
I001550,ORD-11386,P00014,1.0,79.18,15.0,67.3,21.13
I001551,ORD-11397,P00017,4.0,40.98,10.0,147.53,49.18
I001552,ORD-11538,P00038,2.0,43.41,0.0,86.82,34.7
I001553,ORD-11978,P00019,1.0,38.1,5.0,36.2,4.12
I001554,ORD-11989,P00027,4.0,14.92,5.0,56.7,11.72
I001555,ORD-11459,P00006,2.0,122.78,15.0,208.73,45.7
I001556,ORD-10789,P00005,8.0,323.26,10.0,2327.47,760.05
I001557,ORD-11076,P00024,9.0,18.45,15.0,141.14,35.02
I001558,ORD-11611,P00039,2.0,5.41,10.0,9.74,-6.24
I001559,ORD-10470,P00008,2.0,45.5,5.0,86.45,27.08
I001560,ORD-11729,P00001,6.0,105.75,0.0,634.5,266.46
I001561,ORD-11916,P00022,2.0,39.94,5.0,75.89,12.53
I001562,ORD-10328,P00024,4.0,10.58,15.0,35.97,6.62
I001563,ORD-10583,P00031,1.0,17.94,10.0,16.15,0.02
I001564,ORD-10482,P00003,3.0,6.54,0.0,19.62,3.04
I001565,ORD-10685,P00021,3.0,12.72,25.0,28.62,-5.38
I001566,ORD-10946,P00027,1.0,47.58,10.0,42.82,13.26
I001567,ORD-11954,P00026,2.0,12.85,0.0,25.7,0.75
I001568,ORD-10492,P00026,5.0,6.01,15.0,25.54,4.09
I001569,ORD-10851,P00016,5.0,243.91,5.0,1158.57,409.15
I001570,ORD-11521,P00020,7.0,7.22,10.0,45.49,-2.04
I001571,ORD-11571,P00033,1.0,46.37,0.0,46.37,5.86
I001572,ORD-11528,P00006,2.0,133.23,5.0,253.14,86.93
I001573,ORD-10122,P00036,1.0,37.58,20.0,30.06,1.18
I001574,ORD-10612,P00037,5.0,175.88,5.0,835.43,294.47
I001575,ORD-10163,P00007,9.0,24.53,15.0,187.65,60.66
I001576,ORD-10406,P00018,3.0,10.15,15.0,25.88,-3.88
I001577,ORD-10507,P00035,1.0,33.54,0.0,33.54,5.45
I001578,ORD-11235,P00005,4.0,213.39,5.0,810.88,280.23
I001579,ORD-10194,P00040,5.0,114.98,20.0,459.92,106.85
I001580,ORD-10206,P00010,6.0,28.43,5.0,162.05,59.82
I001581,ORD-10209,P00026,3.0,5.01,0.0,15.03,-3.59
I001582,ORD-10762,P00018,1.0,9.93,5.0,9.43,-0.83
I001583,ORD-10390,P00034,3.0,41.25,5.0,117.56,46.78
I001584,ORD-10534,P00023,5.0,115.16,5.0,547.01,213.69
I001585,ORD-11645,P00035,9.0,54.27,5.0,464.01,149.04
I001586,ORD-11536,P00023,1.0,100.53,10.0,90.48,25.97
I001587,ORD-11725,P00036,6.0,37.44,5.0,213.41,74.32
I001588,ORD-10181,P00022,1.0,65.87,0.0,65.87,19.74
I001589,ORD-10423,P00003,2.0,11.24,10.0,20.23,3.42
I001590,ORD-10784,P00005,9.0,148.46,10.0,1202.53,373.97
I001591,ORD-11616,P00039,2.0,10.07,15.0,17.12,1.94
I001592,ORD-10597,P00001,2.0,159.65,5.0,303.33,119.33
I001593,ORD-10974,P00007,1.0,11.67,10.0,10.5,-0.91
I001594,ORD-11013,P00034,2.0,16.7,15.0,28.39,0.28
I001595,ORD-11486,P00016,5.0,408.13,15.0,1734.55,502.04
I001596,ORD-10622,P00010,3.0,22.94,5.0,65.38,17.25
I001597,ORD-11736,P00040,6.0,112.24,10.0,606.1,186.8
I001598,ORD-11844,P00037,2.0,133.72,5.0,254.07,80.06
I001599,ORD-11985,P00002,4.0,132.14,25.0,396.42,89.06
I001600,ORD-10777,P00001,10.0,177.5,0.0,1775.0,783.69
I001601,ORD-11116,P00023,3.0,91.93,5.0,262.0,93.22
I001602,ORD-10270,P00003,3.0,9.72,0.0,29.16,2.34
I001603,ORD-11392,P00008,1.0,52.67,5.0,50.04,12.47
I001604,ORD-11662,P00011,1.0,3.44,25.0,2.58,-5.66
I001605,ORD-11722,P00017,5.0,16.98,15.0,72.17,19.34
I001606,ORD-11050,P00003,4.0,6.96,15.0,23.66,-3.02
I001607,ORD-11800,P00034,2.0,49.74,0.0,99.48,35.54
I001608,ORD-10304,P00026,1.0,14.71,10.0,13.24,-5.54
I001609,ORD-10428,P00006,1.0,126.48,5.0,120.16,34.92
I001610,ORD-11134,P00022,2.0,81.06,10.0,145.91,39.06
I001611,ORD-11313,P00023,1.0,95.57,30.0,66.9,7.79
I001612,ORD-11243,P00006,1.0,177.19,10.0,159.47,45.27
I001613,ORD-11097,P00005,1.0,134.93,15.0,114.69,22.24
I001614,ORD-11105,P00002,8.0,84.99,5.0,645.92,255.43
I001615,ORD-11878,P00022,2.0,89.6,5.0,170.24,52.84
I001616,ORD-10357,P00020,1.0,4.99,0.0,4.99,-3.6
I001617,ORD-11377,P00036,2.0,24.99,5.0,47.48,9.47
I001618,ORD-10617,P00022,1.0,32.11,20.0,25.69,-3.69
I001619,ORD-10797,P00012,1.0,39.86,0.0,39.86,8.15
I001620,ORD-10886,P00010,4.0,44.68,10.0,160.85,58.7
I001621,ORD-11185,P00013,1.0,19.01,15.0,16.16,-1.83
I001622,ORD-11382,P00016,7.0,422.4,30.0,2069.76,280.17
I001623,ORD-10870,P00015,3.0,227.94,0.0,683.82,263.67
I001624,ORD-10535,P00029,1.0,22.46,5.0,21.34,-0.84
I001625,ORD-10570,P00039,2.0,11.32,0.0,22.64,2.43
I001626,ORD-11320,P00022,2.0,56.68,15.0,96.36,19.98
I001627,ORD-10735,P00009,2.0,125.68,10.0,226.22,63.38
I001628,ORD-10200,P00037,6.0,111.51,15.0,568.7,155.69
I001629,ORD-10776,P00008,2.0,27.7,25.0,41.55,2.3
I001630,ORD-11022,P00021,1.0,12.26,10.0,11.03,-5.33
I001631,ORD-10033,P00040,5.0,166.9,25.0,625.88,106.32
I001632,ORD-11875,P00036,1.0,51.63,0.0,51.63,15.43
I001633,ORD-11958,P00006,1.0,144.89,10.0,130.4,35.38
I001634,ORD-10564,P00003,7.0,13.53,0.0,94.71,32.07
I001635,ORD-10630,P00013,4.0,18.9,20.0,60.48,10.34
I001636,ORD-10639,P00026,1.0,16.31,0.0,16.31,0.2
I001637,ORD-11585,P00038,2.0,70.84,15.0,120.43,42.51
I001638,ORD-11963,P00018,5.0,19.61,20.0,78.44,24.01
I001639,ORD-10522,P00037,8.0,284.78,5.0,2164.33,771.41
I001640,ORD-11032,P00001,11.0,61.31,5.0,640.69,235.94
I001641,ORD-11425,P00030,3.0,22.6,10.0,61.02,17.22
I001642,ORD-11602,P00018,4.0,7.06,0.0,28.24,1.91
I001643,ORD-11865,P00036,1.0,34.77,0.0,34.77,3.89
I001644,ORD-11907,P00034,6.0,17.93,10.0,96.82,27.69
I001645,ORD-10232,P00028,6.0,65.25,5.0,371.92,167.66
I001646,ORD-10829,P00008,2.0,38.03,5.0,72.26,21.14
I001647,ORD-10914,P00034,3.0,53.91,0.0,161.73,68.74
I001648,ORD-10656,P00036,4.0,40.01,0.0,160.04,55.6
I001649,ORD-11872,P00008,9.0,58.82,5.0,502.91,186.05
I001650,ORD-10834,P00003,2.0,8.98,10.0,16.16,-1.58
I001651,ORD-11775,P00035,3.0,29.12,0.0,87.36,23.53
I001652,ORD-10479,P00035,4.0,17.48,10.0,62.93,8.2
I001653,ORD-10161,P00007,1.0,12.16,5.0,11.55,-0.5
I001654,ORD-10596,P00026,8.0,17.67,10.0,127.22,38.37
I001655,ORD-11574,P00009,1.0,94.65,10.0,85.19,19.49
I001656,ORD-10859,P00009,2.0,49.81,0.0,99.62,31.33
I001657,ORD-10285,P00036,1.0,42.35,5.0,40.23,10.13
I001658,ORD-10995,P00031,1.0,9.44,0.0,9.44,-4.7
I001659,ORD-11291,P00030,4.0,16.22,25.0,48.66,-3.65
I001660,ORD-11983,P00022,6.0,75.93,5.0,432.8,142.03
I001661,ORD-10553,P00007,5.0,10.74,5.0,51.02,10.97
I001662,ORD-11640,P00027,3.0,13.01,0.0,39.03,4.57
I001663,ORD-10101,P00024,12.0,15.36,5.0,175.1,53.86
I001664,ORD-11004,P00002,1.0,59.17,0.0,59.17,15.55
I001665,ORD-11114,P00034,2.0,40.96,0.0,81.92,32.89
I001666,ORD-11388,P00009,1.0,117.46,10.0,105.71,23.54
I001667,ORD-10526,P00006,4.0,96.5,20.0,308.8,61.8
I001668,ORD-10740,P00031,7.0,12.71,0.0,88.97,33.23
I001669,ORD-11305,P00017,5.0,38.49,0.0,192.45,78.89
I001670,ORD-11937,P00015,5.0,431.91,5.0,2051.57,746.09
I001671,ORD-10959,P00010,3.0,46.07,0.0,138.21,54.93
I001672,ORD-11527,P00010,2.0,15.72,10.0,28.3,3.38
I001673,ORD-10192,P00033,4.0,27.46,0.0,109.84,32.2
I001674,ORD-10465,P00005,1.0,239.62,15.0,203.68,50.51
I001675,ORD-10782,P00035,2.0,59.54,5.0,113.13,32.22
I001676,ORD-11016,P00009,1.0,77.09,5.0,73.24,17.71
I001677,ORD-11150,P00030,12.0,29.22,20.0,280.51,55.09
I001678,ORD-11213,P00012,2.0,94.59,10.0,170.26,63.38
I001679,ORD-11630,P00013,2.0,22.61,20.0,36.18,4.16
I001680,ORD-10089,P00005,2.0,178.14,0.0,356.28,132.7
I001681,ORD-10598,P00037,4.0,274.79,5.0,1044.2,366.2
I001682,ORD-10094,P00035,2.0,29.02,25.0,43.53,0.33
I001683,ORD-11072,P00002,7.0,143.11,25.0,751.33,180.66
I001684,ORD-10603,P00014,8.0,94.55,10.0,680.76,280.47
I001685,ORD-10875,P00015,4.0,367.48,10.0,1322.93,431.15
I001686,ORD-11516,P00015,2.0,196.01,0.0,392.02,147.72
I001687,ORD-11854,P00029,1.0,44.78,10.0,40.3,6.82
I001688,ORD-10205,P00017,7.0,41.19,20.0,230.66,72.7
I001689,ORD-10334,P00012,1.0,30.37,5.0,28.85,3.05
I001690,ORD-10895,P00019,1.0,46.12,5.0,43.81,7.46
I001691,ORD-11012,P00006,7.0,123.59,0.0,865.13,328.53
I001692,ORD-11063,P00012,2.0,85.59,0.0,171.18,77.34
I001693,ORD-10036,P00036,12.0,53.38,10.0,576.5,185.39
I001694,ORD-10280,P00019,3.0,59.5,5.0,169.57,59.57
I001695,ORD-11214,P00032,3.0,87.29,10.0,235.68,76.85
I001696,ORD-10065,P00003,3.0,7.1,10.0,19.17,-2.73
I001697,ORD-10934,P00007,1.0,21.92,10.0,19.73,1.86
I001698,ORD-11400,P00037,1.0,279.65,10.0,251.68,74.13
I001699,ORD-10115,P00036,1.0,49.84,5.0,47.35,13.96
I001700,ORD-11977,P00005,1.0,271.05,10.0,243.95,71.07
I001701,ORD-10683,P00004,3.0,77.91,5.0,222.04,80.42
I001702,ORD-10913,P00040,9.0,109.79,25.0,741.08,132.9
I001703,ORD-11241,P00014,2.0,116.48,5.0,221.31,94.11
I001704,ORD-11525,P00039,8.0,5.71,10.0,41.11,-5.85
I001705,ORD-11923,P00017,1.0,56.01,25.0,42.01,2.77
I001706,ORD-10226,P00028,3.0,49.04,10.0,132.41,47.98
I001707,ORD-10477,P00034,5.0,15.17,25.0,56.89,6.16
I001708,ORD-10746,P00006,1.0,137.39,5.0,130.52,40.02
I001709,ORD-11095,P00006,1.0,95.66,0.0,95.66,28.01
I001710,ORD-11838,P00025,8.0,45.61,20.0,291.9,99.26
I001711,ORD-11118,P00035,1.0,27.82,5.0,26.43,1.99
I001712,ORD-11439,P00012,3.0,107.11,5.0,305.26,132.82
I001713,ORD-10770,P00004,5.0,81.71,20.0,326.84,79.98
I001714,ORD-11176,P00036,1.0,31.28,0.0,31.28,6.76
I001715,ORD-10310,P00026,1.0,8.78,0.0,8.78,-7.12
I001716,ORD-10397,P00023,1.0,115.18,5.0,109.42,34.29
I001717,ORD-11289,P00005,1.0,111.03,0.0,111.03,37.34
I001718,ORD-10627,P00036,5.0,39.06,15.0,166.0,47.11
I001719,ORD-10410,P00003,1.0,15.21,5.0,14.45,-5.02
I001720,ORD-11465,P00026,3.0,15.81,10.0,42.69,9.88
I001721,ORD-11264,P00022,3.0,41.55,5.0,118.42,36.61
I001722,ORD-11619,P00035,1.0,30.49,15.0,25.92,-3.04
I001723,ORD-10670,P00038,4.0,35.06,10.0,126.22,44.14
I001724,ORD-10118,P00010,6.0,46.59,0.0,279.54,120.46
I001725,ORD-11621,P00010,1.0,36.3,5.0,34.48,9.98
I001726,ORD-10985,P00001,2.0,139.35,10.0,250.83,86.29
I001727,ORD-11180,P00012,4.0,39.23,20.0,125.54,36.24
I001728,ORD-10763,P00018,3.0,20.38,10.0,55.03,13.41
I001729,ORD-11112,P00031,4.0,15.79,15.0,53.69,7.12
I001730,ORD-10369,P00014,5.0,79.7,15.0,338.72,117.75
I001731,ORD-10800,P00010,11.0,28.85,5.0,301.48,111.48
I001732,ORD-11420,P00023,4.0,141.99,0.0,567.96,240.47
I001733,ORD-11366,P00022,6.0,70.12,10.0,378.65,112.64
I001734,ORD-10393,P00018,2.0,8.94,10.0,16.09,1.38
I001735,ORD-11899,P00038,3.0,45.19,15.0,115.23,37.74
I001736,ORD-10028,P00036,6.0,37.48,20.0,179.9,43.54
I001737,ORD-11669,P00026,1.0,12.12,10.0,10.91,-0.88
I001738,ORD-10451,P00012,4.0,33.66,0.0,134.64,56.94
I001739,ORD-10221,P00006,10.0,85.05,0.0,850.5,314.14
I001740,ORD-11905,P00001,5.0,175.98,0.0,879.9,374.8
I001741,ORD-10781,P00001,13.0,161.29,20.0,1677.42,497.04
I001742,ORD-11354,P00015,1.0,377.92,0.0,377.92,138.06
I001743,ORD-10287,P00018,1.0,17.45,15.0,14.83,-2.96
I001744,ORD-10164,P00002,4.0,89.1,15.0,302.94,90.6
I001745,ORD-10739,P00002,9.0,162.84,10.0,1319.0,496.58
I001746,ORD-10307,P00002,2.0,67.73,15.0,115.14,30.46
I001747,ORD-10610,P00019,5.0,56.91,10.0,256.09,86.02
I001748,ORD-11971,P00010,1.0,20.71,10.0,18.64,1.04
I001749,ORD-10458,P00006,1.0,153.82,10.0,138.44,40.08
I001750,ORD-11140,P00038,8.0,75.6,10.0,544.32,227.22
I001751,ORD-10037,P00040,2.0,222.78,15.0,378.73,101.45
I001752,ORD-11894,P00022,7.0,80.08,10.0,504.5,152.09
I001753,ORD-10486,P00028,5.0,38.66,0.0,193.3,84.55
I001754,ORD-10351,P00022,3.0,95.44,0.0,286.32,100.34
I001755,ORD-10798,P00033,10.0,61.71,10.0,555.39,157.78
I001756,ORD-10965,P00006,2.0,161.02,0.0,322.04,117.99
I001757,ORD-11990,P00024,2.0,11.64,10.0,20.95,-2.86
I001758,ORD-10986,P00034,2.0,17.55,20.0,28.08,-0.57
I001759,ORD-11620,P00019,1.0,62.48,15.0,53.11,12.89
I001760,ORD-10771,P00011,5.0,5.25,0.0,26.25,2.3
I001761,ORD-11087,P00005,1.0,241.54,15.0,205.31,47.21
I001762,ORD-11075,P00024,3.0,7.54,0.0,22.62,2.02
I001763,ORD-10053,P00006,2.0,195.17,15.0,331.79,87.13
I001764,ORD-11086,P00029,4.0,37.45,5.0,142.31,42.49
I001765,ORD-10166,P00004,8.0,48.19,0.0,385.52,155.44
I001766,ORD-10185,P00037,2.0,293.43,10.0,528.17,163.09
I001767,ORD-10234,P00023,2.0,94.47,10.0,170.05,54.94
I001768,ORD-10145,P00033,3.0,40.83,5.0,116.37,27.01
I001769,ORD-10671,P00008,1.0,68.69,10.0,61.82,15.25
I001770,ORD-11794,P00016,2.0,396.83,10.0,714.29,225.31
I001771,ORD-10111,P00031,4.0,28.55,10.0,102.78,31.68
I001772,ORD-10643,P00029,1.0,52.17,20.0,41.74,5.54
I001773,ORD-11831,P00020,2.0,14.53,15.0,24.7,-0.51
I001774,ORD-10555,P00002,3.0,70.32,15.0,179.32,47.13
I001775,ORD-11046,P00011,3.0,9.7,5.0,27.64,0.75
I001776,ORD-11931,P00020,9.0,10.29,0.0,92.61,20.21
I001777,ORD-10133,P00019,1.0,39.87,0.0,39.87,9.56
I001778,ORD-10282,P00028,2.0,64.38,0.0,128.76,49.76
I001779,ORD-10290,P00034,1.0,42.67,20.0,34.14,7.09
I001780,ORD-10862,P00005,2.0,330.31,0.0,660.62,257.74
I001781,ORD-11715,P00014,1.0,105.62,10.0,95.06,32.52
I001782,ORD-11753,P00032,2.0,195.6,5.0,371.64,148.28
I001783,ORD-10047,P00009,6.0,64.16,15.0,327.22,85.2
I001784,ORD-10235,P00009,2.0,85.22,5.0,161.92,50.38
I001785,ORD-10386,P00031,1.0,9.94,20.0,7.95,-3.64
I001786,ORD-10501,P00006,1.0,167.52,0.0,167.52,56.52
I001787,ORD-10628,P00005,1.0,237.11,20.0,189.69,39.64
I001788,ORD-11748,P00013,6.0,20.04,10.0,108.22,40.18
I001789,ORD-10536,P00005,7.0,311.46,0.0,2180.22,860.28
I001790,ORD-10653,P00035,2.0,42.2,15.0,71.74,8.73
I001791,ORD-11721,P00010,8.0,15.3,10.0,110.16,39.19
I001792,ORD-10548,P00009,4.0,72.47,10.0,260.89,72.8
I001793,ORD-10940,P00013,12.0,9.02,5.0,102.83,27.54
I001794,ORD-11541,P00037,6.0,118.21,15.0,602.87,166.15
I001795,ORD-10313,P00021,1.0,15.04,0.0,15.04,-0.88
I001796,ORD-10319,P00024,7.0,7.09,5.0,47.15,7.1
I001797,ORD-10269,P00006,1.0,103.88,5.0,98.69,26.44
I001798,ORD-10505,P00024,4.0,15.78,10.0,56.81,14.83
I001799,ORD-10960,P00039,4.0,10.63,5.0,40.39,10.11
I001800,ORD-11040,P00014,1.0,78.87,25.0,59.15,10.8
I001801,ORD-10552,P00001,2.0,153.3,5.0,291.27,114.39
I001802,ORD-10689,P00001,2.0,171.18,10.0,308.12,107.8
I001803,ORD-10972,P00024,3.0,11.89,25.0,26.75,-2.1
I001804,ORD-10170,P00032,10.0,198.45,10.0,1786.05,667.79
I001805,ORD-11044,P00007,7.0,13.33,10.0,83.98,31.41
I001806,ORD-10850,P00020,2.0,4.32,0.0,8.64,-4.65
I001807,ORD-11071,P00004,2.0,62.91,10.0,113.24,32.47
I001808,ORD-10195,P00035,4.0,41.86,10.0,150.7,38.46
I001809,ORD-10204,P00023,2.0,116.5,0.0,233.0,89.67
I001810,ORD-10542,P00037,3.0,190.05,10.0,513.14,154.01
I001811,ORD-10368,P00009,2.0,63.03,10.0,113.45,27.53
I001812,ORD-11945,P00012,4.0,55.18,20.0,176.58,51.88
I001813,ORD-10179,P00032,2.0,190.58,15.0,323.99,101.71
I001814,ORD-10299,P00013,5.0,14.09,5.0,66.93,21.53
I001815,ORD-11130,P00030,6.0,26.66,0.0,159.96,52.63
I001816,ORD-11984,P00023,2.0,109.17,5.0,207.42,73.66
I001817,ORD-11703,P00029,10.0,34.31,10.0,308.79,98.44
I001818,ORD-10918,P00011,4.0,5.4,5.0,20.52,0.2
I001819,ORD-11055,P00008,2.0,56.99,15.0,96.88,27.53
I001820,ORD-11567,P00021,2.0,18.13,5.0,34.45,8.62
I001821,ORD-10649,P00008,2.0,67.56,5.0,128.36,44.89
I001822,ORD-10238,P00006,1.0,128.66,5.0,122.23,35.09
I001823,ORD-10719,P00040,3.0,145.39,5.0,414.36,140.69
I001824,ORD-10890,P00015,2.0,301.44,5.0,572.74,203.12
I001825,ORD-11052,P00016,4.0,333.64,5.0,1267.83,456.85
I001826,ORD-11200,P00019,15.0,57.2,0.0,858.0,357.4
I001827,ORD-11081,P00036,9.0,60.42,0.0,543.78,232.24
I001828,ORD-11832,P00007,1.0,9.26,10.0,8.33,-6.55
I001829,ORD-10836,P00020,7.0,13.9,0.0,97.3,41.33
I001830,ORD-10981,P00002,1.0,81.9,10.0,73.71,17.73
I001831,ORD-11230,P00022,2.0,50.77,0.0,101.54,28.78
I001832,ORD-11975,P00008,6.0,35.76,5.0,203.83,68.85
I001833,ORD-10214,P00040,3.0,164.93,10.0,445.31,132.07
I001834,ORD-11024,P00030,1.0,31.71,20.0,25.37,-1.95
I001835,ORD-11096,P00022,2.0,70.85,10.0,127.53,29.71
I001836,ORD-11285,P00029,1.0,46.96,10.0,42.26,9.0
I001837,ORD-10068,P00034,3.0,35.09,15.0,89.48,21.09
I001838,ORD-10099,P00030,1.0,31.02,15.0,26.37,-2.68
I001839,ORD-10284,P00028,2.0,57.57,5.0,109.38,44.7
I001840,ORD-10930,P00008,4.0,66.82,0.0,267.28,100.38
I001841,ORD-11283,P00028,3.0,31.44,0.0,94.32,35.52
I001842,ORD-11051,P00008,1.0,32.7,0.0,32.7,3.79
I001843,ORD-11201,P00018,1.0,21.86,20.0,17.49,-3.57
I001844,ORD-11266,P00026,1.0,13.39,5.0,12.72,-3.24
I001845,ORD-11360,P00012,5.0,31.44,0.0,157.2,67.11
I001846,ORD-11842,P00026,4.0,5.03,5.0,19.11,-2.71
I001847,ORD-10097,P00021,3.0,7.81,0.0,23.43,1.04
I001848,ORD-11482,P00022,6.0,63.63,10.0,343.6,97.22
I001849,ORD-11752,P00006,4.0,107.74,10.0,387.86,110.71
I001850,ORD-10502,P00021,4.0,11.36,0.0,45.44,13.01
I001851,ORD-11192,P00027,2.0,31.6,15.0,53.72,12.01
I001852,ORD-11691,P00004,4.0,46.59,5.0,177.04,55.55
I001853,ORD-10733,P00004,2.0,40.18,0.0,80.36,25.85
I001854,ORD-10809,P00030,1.0,36.62,20.0,29.3,3.08
I001855,ORD-10125,P00022,5.0,38.24,10.0,172.08,47.71
I001856,ORD-10743,P00028,4.0,59.6,0.0,238.4,104.42
I001857,ORD-10175,P00017,6.0,40.46,0.0,242.76,103.04
I001858,ORD-11232,P00021,1.0,18.81,20.0,15.05,-5.19
I001859,ORD-10431,P00018,3.0,7.81,15.0,19.92,0.03
I001860,ORD-10729,P00019,11.0,61.28,10.0,606.67,219.29
I001861,ORD-11215,P00012,11.0,79.5,0.0,874.5,422.9
I001862,ORD-11197,P00033,11.0,43.24,5.0,451.86,137.68
I001863,ORD-10216,P00003,1.0,12.72,10.0,11.45,-3.0
I001864,ORD-10731,P00009,8.0,98.63,5.0,749.59,250.6
I001865,ORD-10251,P00013,4.0,21.61,10.0,77.8,28.94
I001866,ORD-11679,P00014,2.0,82.5,15.0,140.25,49.1
I001867,ORD-10019,P00031,10.0,11.46,0.0,114.6,43.58
I001868,ORD-11773,P00014,7.0,147.88,5.0,983.4,447.81
I001869,ORD-11593,P00001,1.0,249.9,10.0,224.91,76.86
I001870,ORD-11605,P00001,8.0,47.09,10.0,339.05,111.24
I001871,ORD-11010,P00007,3.0,14.48,20.0,34.75,0.09
I001872,ORD-11334,P00033,5.0,44.91,20.0,179.64,32.94
I001873,ORD-11646,P00018,3.0,17.76,15.0,45.29,5.56
I001874,ORD-11500,P00028,1.0,40.55,15.0,34.47,2.66
I001875,ORD-11531,P00016,3.0,414.09,10.0,1118.04,359.57
I001876,ORD-11972,P00012,4.0,90.28,15.0,306.95,114.96
I001877,ORD-10566,P00001,2.0,217.52,10.0,391.54,143.77
I001878,ORD-11915,P00038,4.0,70.89,0.0,283.56,133.53
I001879,ORD-11125,P00037,2.0,178.05,0.0,356.1,130.79
I001880,ORD-11490,P00005,10.0,320.82,20.0,2566.56,614.64
I001881,ORD-11608,P00012,6.0,92.98,0.0,557.88,260.27
I001882,ORD-11119,P00029,2.0,61.98,15.0,105.37,29.43
I001883,ORD-11743,P00007,2.0,24.23,0.0,48.46,18.74
I001884,ORD-10858,P00001,5.0,248.6,25.0,932.25,231.47
I001885,ORD-11256,P00015,2.0,297.84,15.0,506.33,140.37
I001886,ORD-11940,P00023,6.0,110.54,10.0,596.92,211.02
I001887,ORD-11987,P00030,1.0,48.57,15.0,41.28,5.65
I001888,ORD-11474,P00026,7.0,12.96,0.0,90.72,27.85
I001889,ORD-10971,P00033,1.0,79.07,0.0,79.07,24.52
I001890,ORD-11413,P00004,2.0,41.12,0.0,82.24,21.86
I001891,ORD-11492,P00020,1.0,7.84,15.0,6.66,-3.83
I001892,ORD-11741,P00009,4.0,102.08,0.0,408.32,144.65
I001893,ORD-10139,P00016,1.0,165.86,5.0,157.57,47.6
I001894,ORD-11028,P00014,6.0,129.18,0.0,775.08,374.65
I001895,ORD-11543,P00033,5.0,72.91,5.0,346.32,109.53
I001896,ORD-11674,P00028,3.0,53.65,5.0,152.9,58.97
I001897,ORD-11926,P00037,1.0,272.64,10.0,245.38,72.68
I001898,ORD-10839,P00001,2.0,166.68,15.0,283.36,88.49
I001899,ORD-11556,P00005,3.0,263.77,5.0,751.74,268.3
I001900,ORD-11145,P00022,4.0,78.41,0.0,313.64,115.22
I001901,ORD-11348,P00039,5.0,6.76,15.0,28.73,-4.48
I001902,ORD-11970,P00011,2.0,7.54,0.0,15.08,2.12
I001903,ORD-10831,P00013,4.0,21.32,20.0,68.22,15.81
I001904,ORD-10565,P00013,4.0,13.79,0.0,55.16,16.22
I001905,ORD-10678,P00003,2.0,14.04,15.0,23.87,3.71
I001906,ORD-10758,P00020,1.0,13.54,5.0,12.86,-1.39
I001907,ORD-11787,P00019,3.0,73.82,5.0,210.39,76.6
I001908,ORD-10086,P00039,9.0,9.04,0.0,81.36,19.15
I001909,ORD-10682,P00021,3.0,8.0,5.0,22.8,-0.01
I001910,ORD-11102,P00036,7.0,41.83,5.0,278.17,106.33
I001911,ORD-11407,P00007,3.0,17.07,30.0,35.85,0.61
I001912,ORD-10303,P00008,9.0,34.21,5.0,292.5,109.53
I001913,ORD-10773,P00025,4.0,71.05,15.0,241.57,87.62
I001914,ORD-10902,P00040,1.0,198.02,10.0,178.22,49.48
I001915,ORD-11222,P00037,2.0,280.54,30.0,392.76,49.64
I001916,ORD-10062,P00014,3.0,112.34,5.0,320.17,139.03
I001917,ORD-11274,P00040,2.0,188.36,0.0,376.72,137.34
I001918,ORD-11131,P00030,2.0,23.95,5.0,45.5,11.8
I001919,ORD-11367,P00010,2.0,25.11,5.0,47.71,9.75
I001920,ORD-11896,P00039,2.0,7.1,10.0,12.78,-4.4
I001921,ORD-10749,P00013,7.0,12.82,5.0,85.25,19.63
I001922,ORD-10414,P00021,1.0,8.87,5.0,8.43,-6.79
I001923,ORD-10921,P00009,11.0,121.0,10.0,1197.9,373.88
I001924,ORD-11805,P00035,1.0,24.61,15.0,20.92,-3.93
I001925,ORD-10013,P00040,2.0,118.2,10.0,212.76,60.0
I001926,ORD-10333,P00008,3.0,75.55,15.0,192.65,56.14
I001927,ORD-11183,P00036,4.0,23.57,10.0,84.85,16.1
I001928,ORD-11710,P00014,1.0,45.56,0.0,45.56,11.62
I001929,ORD-10130,P00029,8.0,27.29,5.0,207.4,57.16
I001930,ORD-10593,P00035,1.0,38.28,10.0,34.45,3.89
I001931,ORD-10060,P00011,3.0,4.27,10.0,11.53,-7.68
I001932,ORD-10190,P00024,2.0,9.87,5.0,18.75,1.15
I001933,ORD-11163,P00039,6.0,10.63,0.0,63.78,17.41
I001934,ORD-10933,P00018,2.0,13.2,5.0,25.08,3.53
I001935,ORD-11172,P00030,13.0,31.37,10.0,367.03,104.1
I001936,ORD-10957,P00033,1.0,66.79,10.0,60.11,11.22
I001937,ORD-11123,P00024,1.0,17.12,15.0,14.55,-3.52
I001938,ORD-11889,P00016,12.0,189.49,15.0,1932.8,533.66
I001939,ORD-10472,P00014,10.0,72.25,5.0,686.38,312.49
I001940,ORD-11151,P00026,3.0,12.71,10.0,34.32,7.35
I001941,ORD-11843,P00035,4.0,34.17,10.0,123.01,22.14
I001942,ORD-11927,P00021,2.0,12.44,10.0,22.39,-0.55
I001943,ORD-11648,P00022,1.0,41.13,5.0,39.07,1.38
I001944,ORD-10518,P00024,8.0,19.35,0.0,154.8,57.99
I001945,ORD-11251,P00017,2.0,41.19,0.0,82.38,31.84
I001946,ORD-10327,P00001,1.0,121.88,15.0,103.6,26.25
I001947,ORD-10572,P00004,2.0,48.3,0.0,96.6,33.36
I001948,ORD-10864,P00035,1.0,40.37,5.0,38.35,1.26
I001949,ORD-11604,P00021,1.0,9.95,10.0,8.96,-1.25
I001950,ORD-11933,P00031,3.0,26.38,10.0,71.23,15.21
I001951,ORD-10276,P00017,2.0,46.65,0.0,93.3,38.66
I001952,ORD-10353,P00034,3.0,28.76,0.0,86.28,29.11
I001953,ORD-11374,P00001,4.0,128.26,20.0,410.43,118.74
I001954,ORD-11779,P00026,1.0,11.64,15.0,9.89,-6.15
I001955,ORD-10352,P00013,2.0,13.26,10.0,23.87,-3.28
I001956,ORD-11596,P00035,4.0,56.46,0.0,225.84,69.67
I001957,ORD-10173,P00002,2.0,130.57,5.0,248.08,95.27
I001958,ORD-10272,P00006,7.0,107.98,5.0,718.07,251.41
I001959,ORD-10888,P00030,1.0,45.07,5.0,42.82,8.61
I001960,ORD-11404,P00023,1.0,87.05,25.0,65.29,5.13
I001961,ORD-11693,P00006,3.0,194.57,0.0,583.71,219.68
I001962,ORD-10922,P00015,1.0,416.05,20.0,332.84,75.03
I001963,ORD-10963,P00032,1.0,98.02,25.0,73.52,13.05
I001964,ORD-10155,P00035,3.0,18.51,0.0,55.53,8.42
I001965,ORD-11255,P00018,7.0,12.44,20.0,69.66,14.17
I001966,ORD-10096,P00007,12.0,11.75,0.0,141.0,57.64
I001967,ORD-10760,P00040,3.0,242.14,15.0,617.46,166.57
I001968,ORD-11898,P00020,1.0,9.32,0.0,9.32,-1.1
I001969,ORD-10723,P00011,4.0,6.29,10.0,22.64,-2.84
I001970,ORD-10943,P00003,2.0,14.78,0.0,29.56,3.77
I001971,ORD-11342,P00006,5.0,183.87,10.0,827.42,261.25
I001972,ORD-10142,P00030,1.0,52.93,0.0,52.93,15.69
I001973,ORD-10186,P00032,5.0,68.79,0.0,343.95,134.01
I001974,ORD-11009,P00029,10.0,26.45,0.0,264.5,95.32
I001975,ORD-11254,P00028,3.0,54.8,10.0,147.96,55.63
I001976,ORD-11692,P00009,2.0,46.63,5.0,88.6,21.37
I001977,ORD-10268,P00001,1.0,223.52,20.0,178.82,47.69
I001978,ORD-11168,P00010,1.0,63.87,20.0,51.1,13.02
I001979,ORD-10378,P00032,2.0,130.39,15.0,221.66,67.62
I001980,ORD-11034,P00023,1.0,85.33,0.0,85.33,25.91
I001981,ORD-10077,P00033,2.0,70.68,15.0,120.16,25.41
I001982,ORD-10938,P00014,5.0,55.45,15.0,235.66,80.55
I001983,ORD-11286,P00026,2.0,9.45,15.0,16.06,-1.76
I001984,ORD-11409,P00002,1.0,83.9,15.0,71.31,14.04
I001985,ORD-11612,P00027,4.0,30.28,0.0,121.12,43.67
I001986,ORD-10577,P00001,1.0,101.37,15.0,86.16,17.23
I001987,ORD-11570,P00012,5.0,88.14,10.0,396.63,160.9
I001988,ORD-10592,P00013,1.0,23.01,5.0,21.86,4.66
I001989,ORD-10419,P00036,1.0,48.39,15.0,41.13,5.62
I001990,ORD-10766,P00014,1.0,77.11,5.0,73.25,22.54
I001991,ORD-10372,P00010,7.0,61.68,10.0,388.58,148.24
I001992,ORD-10675,P00009,2.0,84.14,20.0,134.62,18.66
I001993,ORD-10188,P00037,5.0,204.17,5.0,969.81,338.84
I001994,ORD-11353,P00024,1.0,15.08,10.0,13.57,-4.29
I001995,ORD-11814,P00040,1.0,177.9,10.0,160.11,43.14
I001996,ORD-10823,P00009,5.0,104.73,0.0,523.65,190.36
I001997,ORD-10896,P00028,11.0,59.27,5.0,619.37,272.44
I001998,ORD-11148,P00004,6.0,31.79,15.0,162.13,42.03
I001999,ORD-11519,P00031,5.0,9.5,5.0,45.12,7.12
I002000,ORD-11701,P00031,11.0,28.27,0.0,310.97,119.26
