event_id,user_id,event_time,event_type
E000001,C00001,2025-04-13 19:57:00,app_open
E000002,C00001,2025-11-14 16:14:00,search
E000003,C00001,2025-07-29 04:22:00,page_view
E000004,C00001,2025-07-18 04:34:00,page_view
E000005,C00001,2025-10-08 21:15:00,search
E000006,C00001,2025-03-30 22:38:00,add_to_cart
E000007,C00001,2023-07-26 13:23:00,search
E000008,C00001,2024-01-14 19:45:00,search
E000009,C00002,2024-11-22 17:37:00,page_view
E000010,C00002,2025-12-29 08:06:00,add_to_cart
E000011,C00002,2025-08-26 20:21:00,app_open
E000012,C00002,2025-06-09 17:07:00,page_view
E000013,C00002,2025-05-13 08:34:00,add_to_cart
E000014,C00002,2025-01-28 08:09:00,search
E000015,C00002,2023-04-25 13:40:00,search
E000016,C00002,2024-10-04 08:49:00,search
E000017,C00003,2025-12-18 21:55:00,add_to_cart
E000018,C00003,2023-01-18 14:51:00,add_to_cart
E000019,C00003,2024-04-13 17:18:00,add_to_cart
E000020,C00003,2023-03-04 13:50:00,app_open
E000021,C00003,2025-04-12 19:28:00,add_to_cart
E000022,C00003,2023-07-08 11:21:00,add_to_cart
E000023,C00003,2025-05-18 02:59:00,add_to_cart
E000024,C00003,2025-06-26 12:19:00,search
E000025,C00004,2024-07-11 13:48:00,page_view
E000026,C00004,2024-09-08 16:52:00,app_open
E000027,C00004,2023-04-20 20:58:00,page_view
E000028,C00004,2024-12-13 04:36:00,search
E000029,C00004,2024-01-16 08:42:00,add_to_cart
E000030,C00004,2023-10-19 11:41:00,add_to_cart
E000031,C00004,2024-07-16 20:46:00,search
E000032,C00004,2023-10-08 12:55:00,search
E000033,C00005,2023-05-15 18:25:00,search
E000034,C00005,2025-12-17 12:27:00,add_to_cart
E000035,C00005,2024-05-14 08:30:00,page_view
E000036,C00005,2024-06-30 12:29:00,page_view
E000037,C00005,2025-02-16 07:58:00,search
E000038,C00005,2023-07-05 11:11:00,add_to_cart
E000039,C00005,2025-03-21 11:25:00,page_view
E000040,C00005,2023-01-08 10:35:00,search
E000041,C00006,2025-07-25 12:37:00,add_to_cart
E000042,C00006,2023-02-10 01:37:00,add_to_cart
E000043,C00006,2025-03-14 16:45:00,app_open
E000044,C00006,2024-03-07 00:04:00,app_open
E000045,C00006,2023-10-06 03:59:00,add_to_cart
E000046,C00006,2025-09-05 14:32:00,page_view
E000047,C00006,2024-01-10 04:07:00,add_to_cart
E000048,C00006,2025-07-30 12:29:00,page_view
E000049,C00007,2023-08-09 21:35:00,page_view
E000050,C00007,2024-08-28 16:23:00,search
E000051,C00007,2023-07-26 20:37:00,add_to_cart
E000052,C00007,2023-01-05 12:41:00,app_open
E000053,C00007,2023-10-24 07:13:00,add_to_cart
E000054,C00007,2025-12-28 16:42:00,app_open
E000055,C00007,2025-07-23 03:52:00,search
E000056,C00007,2024-12-09 04:25:00,app_open
E000057,C00008,2023-12-14 15:24:00,page_view
E000058,C00008,2023-04-06 19:35:00,search
E000059,C00008,2025-08-22 21:30:00,page_view
E000060,C00008,2025-04-21 11:07:00,page_view
E000061,C00008,2023-03-24 15:53:00,app_open
E000062,C00008,2023-06-18 14:14:00,page_view
E000063,C00008,2024-08-25 02:08:00,page_view
E000064,C00008,2025-03-10 08:44:00,app_open
E000065,C00009,2023-12-21 03:08:00,add_to_cart
E000066,C00009,2025-11-23 09:59:00,add_to_cart
E000067,C00009,2024-03-12 17:45:00,app_open
E000068,C00009,2025-05-26 12:21:00,add_to_cart
E000069,C00009,2023-12-23 23:47:00,search
E000070,C00009,2023-05-17 15:56:00,page_view
E000071,C00009,2024-08-29 22:15:00,search
E000072,C00009,2023-05-02 00:43:00,add_to_cart
E000073,C00010,2025-05-18 10:36:00,page_view
E000074,C00010,2025-03-11 02:17:00,page_view
E000075,C00010,2025-02-26 17:49:00,search
E000076,C00010,2023-03-23 02:14:00,page_view
E000077,C00010,2024-10-02 07:05:00,page_view
E000078,C00010,2025-06-29 02:16:00,add_to_cart
E000079,C00010,2025-04-24 12:26:00,page_view
E000080,C00010,2025-05-27 18:51:00,add_to_cart
E000081,C00011,2023-05-23 02:42:00,add_to_cart
E000082,C00011,2023-11-23 02:10:00,app_open
E000083,C00011,2023-05-25 06:08:00,app_open
E000084,C00011,2024-01-11 20:53:00,app_open
E000085,C00011,2025-01-01 20:45:00,search
E000086,C00011,2023-01-13 03:06:00,search
E000087,C00011,2025-02-02 08:17:00,search
E000088,C00011,2025-08-29 01:17:00,search
E000089,C00012,2025-03-17 04:38:00,add_to_cart
E000090,C00012,2025-11-19 16:08:00,add_to_cart
E000091,C00012,2024-02-16 05:32:00,page_view
E000092,C00012,2025-02-01 22:42:00,app_open
E000093,C00012,2023-01-19 00:51:00,add_to_cart
E000094,C00012,2025-12-23 07:52:00,search
E000095,C00012,2025-12-21 21:55:00,app_open
E000096,C00012,2023-10-06 07:01:00,search
E000097,C00013,2025-09-30 03:11:00,app_open
E000098,C00013,2024-02-21 18:01:00,add_to_cart
E000099,C00013,2025-08-30 07:01:00,page_view
E000100,C00013,2023-07-22 07:36:00,app_open
E000101,C00013,2023-08-03 13:14:00,page_view
E000102,C00013,2024-08-20 21:33:00,add_to_cart
E000103,C00013,2024-03-14 22:31:00,add_to_cart
E000104,C00013,2024-07-29 07:50:00,search
E000105,C00014,2025-08-20 08:02:00,search
E000106,C00014,2025-07-31 14:13:00,add_to_cart
E000107,C00014,2024-03-26 01:42:00,page_view
E000108,C00014,2025-02-10 03:04:00,app_open
E000109,C00014,2023-07-07 21:49:00,add_to_cart
E000110,C00014,2025-05-25 12:02:00,app_open
E000111,C00014,2024-12-28 05:15:00,search
E000112,C00014,2023-09-21 06:05:00,add_to_cart
E000113,C00015,2024-09-05 19:43:00,search
E000114,C00015,2025-07-31 12:39:00,page_view
E000115,C00015,2024-06-29 12:33:00,add_to_cart
E000116,C00015,2024-08-20 09:15:00,search
E000117,C00015,2023-09-16 23:59:00,add_to_cart
E000118,C00015,2025-02-20 02:03:00,add_to_cart
E000119,C00015,2023-12-20 19:09:00,search
E000120,C00015,2024-04-27 02:52:00,app_open
E000121,C00016,2025-06-08 13:56:00,add_to_cart
E000122,C00016,2023-03-05 01:14:00,add_to_cart
E000123,C00016,2025-11-04 04:50:00,app_open
E000124,C00016,2024-01-07 07:01:00,page_view
E000125,C00016,2023-08-22 01:48:00,app_open
E000126,C00016,2023-10-20 21:10:00,search
E000127,C00016,2024-12-15 06:26:00,page_view
E000128,C00016,2025-02-15 10:47:00,add_to_cart
E000129,C00017,2023-01-04 11:29:00,page_view
E000130,C00017,2023-02-17 15:51:00,app_open
E000131,C00017,2024-04-27 07:10:00,app_open
E000132,C00017,2024-12-21 06:09:00,search
E000133,C00017,2024-02-26 10:18:00,page_view
E000134,C00017,2024-07-30 01:53:00,page_view
E000135,C00017,2023-02-05 04:20:00,search
E000136,C00017,2025-05-05 06:31:00,page_view
E000137,C00018,2025-08-28 12:06:00,app_open
E000138,C00018,2024-04-10 04:56:00,search
E000139,C00018,2024-05-13 19:09:00,search
E000140,C00018,2025-05-17 13:18:00,page_view
E000141,C00018,2024-01-13 20:39:00,app_open
E000142,C00018,2025-11-18 19:55:00,add_to_cart
E000143,C00018,2025-07-10 14:13:00,search
E000144,C00018,2024-06-21 05:06:00,search
E000145,C00019,2025-10-28 11:22:00,search
E000146,C00019,2024-09-03 22:02:00,page_view
E000147,C00019,2024-06-17 22:45:00,search
E000148,C00019,2023-10-31 00:37:00,search
E000149,C00019,2024-01-14 11:59:00,app_open
E000150,C00019,2025-01-03 20:40:00,add_to_cart
E000151,C00019,2024-02-03 11:03:00,search
E000152,C00019,2025-07-04 12:08:00,add_to_cart
E000153,C00020,2023-05-20 07:11:00,page_view
E000154,C00020,2025-08-02 23:48:00,app_open
E000155,C00020,2024-12-14 06:39:00,search
E000156,C00020,2023-01-12 14:00:00,add_to_cart
E000157,C00020,2023-03-16 07:21:00,app_open
E000158,C00020,2024-03-13 19:05:00,app_open
E000159,C00020,2024-05-08 20:01:00,search
E000160,C00020,2023-01-02 18:41:00,page_view
E000161,C00021,2025-05-06 17:04:00,page_view
E000162,C00021,2023-06-18 04:42:00,add_to_cart
E000163,C00021,2025-12-28 07:25:00,page_view
E000164,C00021,2025-01-24 15:15:00,page_view
E000165,C00021,2023-06-29 16:01:00,app_open
E000166,C00021,2024-05-31 18:26:00,app_open
E000167,C00021,2023-05-05 23:58:00,search
E000168,C00021,2024-10-14 10:37:00,app_open
E000169,C00022,2023-04-19 21:42:00,add_to_cart
E000170,C00022,2023-12-12 23:06:00,search
E000171,C00022,2024-07-06 09:59:00,search
E000172,C00022,2025-09-07 00:37:00,app_open
E000173,C00022,2025-10-19 04:45:00,page_view
E000174,C00022,2025-12-10 05:05:00,search
E000175,C00022,2023-07-31 09:54:00,page_view
E000176,C00022,2024-10-29 16:38:00,app_open
E000177,C00023,2025-11-14 10:48:00,add_to_cart
E000178,C00023,2024-04-10 04:47:00,search
E000179,C00023,2025-05-25 23:36:00,search
E000180,C00023,2023-11-18 06:46:00,add_to_cart
E000181,C00023,2023-01-07 20:02:00,app_open
E000182,C00023,2024-08-03 22:37:00,page_view
E000183,C00023,2024-12-19 09:12:00,add_to_cart
E000184,C00023,2025-11-04 12:05:00,search
E000185,C00024,2023-08-18 00:59:00,add_to_cart
E000186,C00024,2023-12-16 21:46:00,page_view
E000187,C00024,2024-01-17 09:36:00,page_view
E000188,C00024,2025-12-23 11:56:00,app_open
E000189,C00024,2025-10-23 07:57:00,add_to_cart
E000190,C00024,2023-08-14 10:42:00,add_to_cart
E000191,C00024,2024-09-09 06:13:00,add_to_cart
E000192,C00024,2025-12-03 22:57:00,add_to_cart
E000193,C00025,2023-01-22 08:47:00,add_to_cart
E000194,C00025,2024-08-02 07:59:00,app_open
E000195,C00025,2024-06-28 16:52:00,search
E000196,C00025,2025-03-03 12:24:00,app_open
E000197,C00025,2023-07-23 18:13:00,page_view
E000198,C00025,2024-07-19 20:48:00,page_view
E000199,C00025,2025-10-22 06:19:00,add_to_cart
E000200,C00025,2024-06-05 20:52:00,page_view
E000201,C00026,2025-08-17 20:26:00,search
E000202,C00026,2025-11-22 05:45:00,app_open
E000203,C00026,2025-04-20 14:43:00,page_view
E000204,C00026,2025-11-28 19:49:00,search
E000205,C00026,2025-02-25 16:50:00,add_to_cart
E000206,C00026,2023-07-14 08:01:00,app_open
E000207,C00026,2024-05-21 02:46:00,page_view
E000208,C00026,2024-11-11 13:20:00,add_to_cart
E000209,C00027,2024-07-15 00:22:00,app_open
E000210,C00027,2025-05-14 16:03:00,search
E000211,C00027,2023-11-27 07:53:00,search
E000212,C00027,2024-01-15 04:20:00,app_open
E000213,C00027,2024-05-15 14:19:00,add_to_cart
E000214,C00027,2024-05-03 13:07:00,app_open
E000215,C00027,2023-04-14 18:41:00,app_open
E000216,C00027,2023-08-27 14:31:00,search
E000217,C00028,2025-09-26 07:12:00,page_view
E000218,C00028,2025-09-06 08:26:00,add_to_cart
E000219,C00028,2023-12-25 19:14:00,add_to_cart
E000220,C00028,2024-11-07 01:59:00,add_to_cart
E000221,C00028,2024-08-18 02:01:00,page_view
E000222,C00028,2024-04-10 06:29:00,add_to_cart
E000223,C00028,2024-06-29 17:00:00,add_to_cart
E000224,C00028,2023-05-23 15:09:00,app_open
E000225,C00029,2025-06-21 00:06:00,add_to_cart
E000226,C00029,2023-09-01 06:17:00,add_to_cart
E000227,C00029,2024-11-14 12:11:00,page_view
E000228,C00029,2024-11-04 12:49:00,add_to_cart
E000229,C00029,2023-06-16 07:17:00,add_to_cart
E000230,C00029,2023-07-22 21:32:00,add_to_cart
E000231,C00029,2023-11-17 12:16:00,add_to_cart
E000232,C00029,2024-01-24 07:35:00,app_open
E000233,C00030,2023-02-01 09:45:00,app_open
E000234,C00030,2025-01-08 05:40:00,page_view
E000235,C00030,2024-01-09 08:09:00,add_to_cart
E000236,C00030,2024-03-05 13:39:00,app_open
E000237,C00030,2024-07-15 00:22:00,search
E000238,C00030,2024-09-12 18:55:00,page_view
E000239,C00030,2024-08-08 14:44:00,add_to_cart
E000240,C00030,2025-12-22 21:52:00,page_view
E000241,C00031,2023-07-24 05:20:00,add_to_cart
E000242,C00031,2023-12-17 01:04:00,page_view
E000243,C00031,2025-04-30 07:01:00,page_view
E000244,C00031,2025-07-02 21:07:00,app_open
E000245,C00031,2025-08-23 17:11:00,app_open
E000246,C00031,2024-01-12 22:24:00,app_open
E000247,C00031,2023-02-16 06:33:00,app_open
E000248,C00031,2025-03-26 18:56:00,add_to_cart
E000249,C00032,2024-11-30 17:29:00,add_to_cart
E000250,C00032,2025-02-06 08:07:00,search
E000251,C00032,2025-03-13 08:29:00,app_open
E000252,C00032,2024-12-28 04:27:00,search
E000253,C00032,2025-10-08 15:36:00,add_to_cart
E000254,C00032,2024-07-17 15:04:00,app_open
E000255,C00032,2025-12-04 08:28:00,page_view
E000256,C00032,2025-12-28 20:56:00,app_open
E000257,C00033,2023-10-20 12:19:00,app_open
E000258,C00033,2024-09-06 11:57:00,add_to_cart
E000259,C00033,2025-02-16 21:23:00,search
E000260,C00033,2024-05-24 02:25:00,add_to_cart
E000261,C00033,2023-04-25 19:24:00,search
E000262,C00033,2024-03-11 09:15:00,app_open
E000263,C00033,2025-11-08 11:56:00,app_open
E000264,C00033,2023-04-16 10:10:00,add_to_cart
E000265,C00034,2024-03-23 12:55:00,add_to_cart
E000266,C00034,2025-01-09 20:50:00,app_open
E000267,C00034,2025-08-13 05:26:00,search
E000268,C00034,2023-09-18 10:38:00,app_open
E000269,C00034,2025-04-21 08:05:00,app_open
E000270,C00034,2025-09-16 22:00:00,search
E000271,C00034,2025-05-07 16:05:00,add_to_cart
E000272,C00034,2023-12-08 16:20:00,search
E000273,C00035,2024-03-09 20:26:00,app_open
E000274,C00035,2025-06-05 05:51:00,add_to_cart
E000275,C00035,2024-02-22 10:00:00,page_view
E000276,C00035,2023-12-06 03:16:00,page_view
E000277,C00035,2025-01-30 06:26:00,add_to_cart
E000278,C00035,2024-06-21 08:41:00,app_open
E000279,C00035,2024-02-17 15:30:00,search
E000280,C00035,2025-07-20 10:55:00,page_view
E000281,C00036,2024-06-23 08:01:00,add_to_cart
E000282,C00036,2024-04-05 19:16:00,add_to_cart
E000283,C00036,2023-11-11 11:53:00,search
E000284,C00036,2024-10-30 04:31:00,app_open
E000285,C00036,2023-07-26 19:16:00,add_to_cart
E000286,C00036,2024-06-15 11:01:00,search
E000287,C00036,2025-10-01 15:11:00,add_to_cart
E000288,C00036,2024-03-02 14:19:00,page_view
E000289,C00037,2023-09-01 16:28:00,add_to_cart
E000290,C00037,2023-09-02 22:01:00,app_open
E000291,C00037,2025-10-02 08:24:00,page_view
E000292,C00037,2024-03-02 14:10:00,page_view
E000293,C00037,2023-11-04 19:38:00,search
E000294,C00037,2024-10-22 20:13:00,page_view
E000295,C00037,2024-04-03 21:08:00,app_open
E000296,C00037,2025-10-04 22:00:00,add_to_cart
E000297,C00038,2025-01-27 11:45:00,app_open
E000298,C00038,2023-10-28 21:31:00,page_view
E000299,C00038,2023-11-05 10:49:00,search
E000300,C00038,2024-02-01 06:11:00,app_open
E000301,C00038,2024-12-28 18:24:00,page_view
E000302,C00038,2023-05-25 13:38:00,search
E000303,C00038,2024-05-21 16:52:00,page_view
E000304,C00038,2024-11-14 16:16:00,search
E000305,C00039,2023-08-14 05:54:00,page_view
E000306,C00039,2024-02-16 00:01:00,app_open
E000307,C00039,2024-04-20 07:05:00,add_to_cart
E000308,C00039,2025-07-01 03:03:00,app_open
E000309,C00039,2023-01-20 10:46:00,add_to_cart
E000310,C00039,2025-06-23 23:33:00,app_open
E000311,C00039,2023-07-03 22:09:00,app_open
E000312,C00039,2025-06-10 06:30:00,add_to_cart
E000313,C00040,2024-07-25 09:15:00,search
E000314,C00040,2023-10-23 12:08:00,add_to_cart
E000315,C00040,2025-03-31 03:37:00,page_view
E000316,C00040,2025-11-04 21:05:00,page_view
E000317,C00040,2024-09-10 12:31:00,app_open
E000318,C00040,2024-01-22 03:04:00,search
E000319,C00040,2024-10-19 20:20:00,app_open
E000320,C00040,2024-12-13 10:28:00,search
E000321,C00041,2025-03-20 12:48:00,add_to_cart
E000322,C00041,2024-11-04 15:03:00,page_view
E000323,C00041,2025-12-13 14:47:00,page_view
E000324,C00041,2024-01-13 04:01:00,app_open
E000325,C00041,2023-12-08 12:00:00,add_to_cart
E000326,C00041,2023-02-25 04:00:00,search
E000327,C00041,2025-01-15 00:46:00,add_to_cart
E000328,C00041,2025-04-22 00:06:00,search
E000329,C00042,2023-11-09 07:19:00,app_open
E000330,C00042,2024-01-01 06:38:00,search
E000331,C00042,2023-05-12 17:56:00,app_open
E000332,C00042,2023-03-07 20:32:00,app_open
E000333,C00042,2023-06-27 09:31:00,app_open
E000334,C00042,2024-08-09 12:37:00,app_open
E000335,C00042,2024-12-02 04:42:00,app_open
E000336,C00042,2023-08-13 00:00:00,add_to_cart
E000337,C00043,2024-06-09 01:06:00,app_open
E000338,C00043,2023-06-27 18:03:00,app_open
E000339,C00043,2023-04-06 13:31:00,page_view
E000340,C00043,2025-12-13 06:37:00,page_view
E000341,C00043,2024-12-29 11:38:00,app_open
E000342,C00043,2024-07-14 12:00:00,app_open
E000343,C00043,2025-11-12 01:36:00,add_to_cart
E000344,C00043,2023-03-09 07:09:00,search
E000345,C00044,2025-01-28 01:39:00,page_view
E000346,C00044,2024-06-22 19:52:00,page_view
E000347,C00044,2025-10-19 17:39:00,search
E000348,C00044,2024-05-13 17:13:00,page_view
E000349,C00044,2023-03-16 14:55:00,search
E000350,C00044,2024-04-10 18:38:00,add_to_cart
E000351,C00044,2025-08-30 18:17:00,add_to_cart
E000352,C00044,2024-06-07 10:46:00,page_view
E000353,C00045,2025-07-02 06:23:00,add_to_cart
E000354,C00045,2023-07-17 03:52:00,search
E000355,C00045,2025-02-19 18:35:00,search
E000356,C00045,2024-12-26 18:44:00,add_to_cart
E000357,C00045,2024-09-12 14:10:00,search
E000358,C00045,2025-09-02 22:01:00,search
E000359,C00045,2025-09-02 17:42:00,add_to_cart
E000360,C00045,2023-09-14 17:36:00,app_open
E000361,C00046,2025-09-25 04:17:00,search
E000362,C00046,2023-05-31 13:17:00,search
E000363,C00046,2023-05-14 17:07:00,page_view
E000364,C00046,2025-05-17 14:09:00,page_view
E000365,C00046,2023-02-16 01:57:00,search
E000366,C00046,2025-10-26 05:48:00,search
E000367,C00046,2025-05-28 23:55:00,add_to_cart
E000368,C00046,2023-08-08 06:32:00,add_to_cart
E000369,C00047,2024-11-20 20:25:00,search
E000370,C00047,2025-04-16 01:36:00,page_view
E000371,C00047,2025-01-15 05:57:00,page_view
E000372,C00047,2025-12-03 03:11:00,page_view
E000373,C00047,2023-11-09 12:51:00,page_view
E000374,C00047,2023-03-02 22:56:00,app_open
E000375,C00047,2025-01-13 13:08:00,app_open
E000376,C00047,2025-09-16 04:42:00,search
E000377,C00048,2023-05-26 16:48:00,add_to_cart
E000378,C00048,2023-01-22 00:26:00,page_view
E000379,C00048,2025-04-26 16:53:00,page_view
E000380,C00048,2023-12-06 18:54:00,search
E000381,C00048,2025-06-10 15:17:00,search
E000382,C00048,2023-03-24 01:33:00,search
E000383,C00048,2025-06-15 21:56:00,search
E000384,C00048,2024-05-08 23:19:00,app_open
E000385,C00049,2025-08-12 09:27:00,add_to_cart
E000386,C00049,2023-04-17 22:41:00,page_view
E000387,C00049,2025-02-28 03:33:00,app_open
E000388,C00049,2024-11-13 02:53:00,add_to_cart
E000389,C00049,2025-06-17 10:54:00,search
E000390,C00049,2023-04-23 22:24:00,app_open
E000391,C00049,2024-09-05 01:07:00,page_view
E000392,C00049,2025-07-04 19:09:00,page_view
E000393,C00050,2024-11-18 22:47:00,add_to_cart
E000394,C00050,2023-02-24 15:31:00,app_open
E000395,C00050,2024-01-02 03:37:00,add_to_cart
E000396,C00050,2024-08-07 19:58:00,app_open
E000397,C00050,2024-04-16 21:50:00,page_view
E000398,C00050,2025-08-01 10:03:00,app_open
E000399,C00050,2023-03-13 13:30:00,add_to_cart
E000400,C00050,2025-08-04 23:45:00,app_open
E000401,C00051,2023-03-07 21:37:00,page_view
E000402,C00051,2023-11-11 05:25:00,search
E000403,C00051,2025-08-18 03:27:00,app_open
E000404,C00051,2024-01-28 04:30:00,add_to_cart
E000405,C00051,2025-09-25 14:11:00,add_to_cart
E000406,C00051,2024-09-20 14:05:00,add_to_cart
E000407,C00051,2023-05-11 22:04:00,page_view
E000408,C00051,2023-08-11 13:13:00,page_view
E000409,C00052,2024-09-21 00:17:00,search
E000410,C00052,2025-02-13 11:54:00,app_open
E000411,C00052,2023-09-15 15:48:00,search
E000412,C00052,2023-02-01 05:06:00,add_to_cart
E000413,C00052,2024-08-30 11:27:00,search
E000414,C00052,2023-04-09 01:49:00,app_open
E000415,C00052,2024-10-06 11:09:00,app_open
E000416,C00052,2024-12-11 19:49:00,app_open
E000417,C00053,2024-04-29 05:12:00,add_to_cart
E000418,C00053,2024-10-10 00:31:00,search
E000419,C00053,2023-05-27 11:30:00,app_open
E000420,C00053,2025-06-28 07:47:00,app_open
E000421,C00053,2024-05-19 03:11:00,search
E000422,C00053,2023-10-07 04:31:00,app_open
E000423,C00053,2023-01-18 21:45:00,search
E000424,C00053,2024-09-29 12:16:00,page_view
E000425,C00054,2024-06-23 14:55:00,add_to_cart
E000426,C00054,2025-09-21 17:43:00,page_view
E000427,C00054,2024-05-30 05:50:00,app_open
E000428,C00054,2023-09-14 07:45:00,search
E000429,C00054,2023-10-24 05:33:00,app_open
E000430,C00054,2025-08-01 00:44:00,add_to_cart
E000431,C00054,2025-03-04 21:56:00,page_view
E000432,C00054,2023-03-13 10:45:00,app_open
E000433,C00055,2023-12-10 06:32:00,page_view
E000434,C00055,2025-01-03 21:49:00,search
E000435,C00055,2023-05-04 12:57:00,search
E000436,C00055,2023-12-21 20:04:00,page_view
E000437,C00055,2024-10-11 13:52:00,add_to_cart
E000438,C00055,2024-12-28 09:28:00,page_view
E000439,C00055,2025-07-18 04:35:00,search
E000440,C00055,2025-03-18 20:29:00,app_open
E000441,C00056,2023-11-10 15:26:00,app_open
E000442,C00056,2024-04-09 22:34:00,add_to_cart
E000443,C00056,2023-10-14 13:53:00,add_to_cart
E000444,C00056,2025-03-19 03:06:00,search
E000445,C00056,2025-11-22 17:50:00,app_open
E000446,C00056,2025-03-27 23:33:00,app_open
E000447,C00056,2025-07-06 07:34:00,page_view
E000448,C00056,2023-05-20 06:05:00,add_to_cart
E000449,C00057,2023-01-04 01:10:00,search
E000450,C00057,2023-01-22 22:04:00,add_to_cart
E000451,C00057,2024-03-03 23:51:00,page_view
E000452,C00057,2025-05-02 13:24:00,app_open
E000453,C00057,2025-07-31 09:36:00,app_open
E000454,C00057,2024-11-14 14:40:00,app_open
E000455,C00057,2025-05-15 15:20:00,page_view
E000456,C00057,2025-03-16 11:34:00,search
E000457,C00058,2023-04-03 00:39:00,search
E000458,C00058,2024-04-05 17:00:00,app_open
E000459,C00058,2025-02-21 15:07:00,page_view
E000460,C00058,2025-11-10 06:07:00,add_to_cart
E000461,C00058,2023-01-16 16:03:00,search
E000462,C00058,2023-11-14 17:34:00,page_view
E000463,C00058,2024-03-19 12:46:00,search
E000464,C00058,2025-01-17 19:48:00,add_to_cart
E000465,C00059,2025-07-07 10:29:00,app_open
E000466,C00059,2023-07-28 09:59:00,add_to_cart
E000467,C00059,2024-07-19 17:14:00,page_view
E000468,C00059,2024-12-07 10:31:00,search
E000469,C00059,2023-12-10 03:35:00,add_to_cart
E000470,C00059,2024-02-20 16:20:00,search
E000471,C00059,2024-07-20 07:52:00,search
E000472,C00059,2025-01-24 13:08:00,search
E000473,C00060,2024-03-29 22:28:00,app_open
E000474,C00060,2024-09-16 17:40:00,page_view
E000475,C00060,2023-05-29 11:06:00,add_to_cart
E000476,C00060,2023-01-03 04:38:00,search
E000477,C00060,2024-05-28 14:39:00,search
E000478,C00060,2025-02-06 03:32:00,add_to_cart
E000479,C00060,2024-12-08 21:05:00,page_view
E000480,C00060,2024-10-07 16:19:00,app_open
E000481,C00061,2025-06-08 22:09:00,add_to_cart
E000482,C00061,2023-11-01 20:50:00,search
E000483,C00061,2023-04-14 09:41:00,search
E000484,C00061,2023-04-11 21:14:00,app_open
E000485,C00061,2024-03-09 03:04:00,add_to_cart
E000486,C00061,2023-09-14 20:59:00,app_open
E000487,C00061,2023-05-22 23:49:00,search
E000488,C00061,2023-05-18 04:37:00,page_view
E000489,C00062,2023-09-25 00:22:00,app_open
E000490,C00062,2024-10-12 09:30:00,add_to_cart
E000491,C00062,2023-12-29 09:05:00,page_view
E000492,C00062,2023-05-18 06:20:00,search
E000493,C00062,2023-05-07 03:02:00,app_open
E000494,C00062,2023-01-27 09:30:00,add_to_cart
E000495,C00062,2024-01-12 05:36:00,add_to_cart
E000496,C00062,2024-01-26 10:36:00,app_open
E000497,C00063,2025-09-11 01:12:00,app_open
E000498,C00063,2025-02-04 07:27:00,add_to_cart
E000499,C00063,2025-04-18 11:36:00,app_open
E000500,C00063,2023-11-25 16:14:00,add_to_cart
E000501,C00063,2023-07-03 15:48:00,add_to_cart
E000502,C00063,2023-05-15 19:06:00,app_open
E000503,C00063,2023-02-10 07:34:00,add_to_cart
E000504,C00063,2025-10-13 03:05:00,search
E000505,C00064,2025-02-13 20:23:00,add_to_cart
E000506,C00064,2025-07-17 16:40:00,search
E000507,C00064,2024-08-29 05:30:00,add_to_cart
E000508,C00064,2023-06-17 20:24:00,search
E000509,C00064,2023-06-13 23:26:00,page_view
E000510,C00064,2024-09-22 08:56:00,page_view
E000511,C00064,2024-07-12 10:36:00,page_view
E000512,C00064,2025-04-20 05:20:00,page_view
E000513,C00065,2023-12-13 16:44:00,search
E000514,C00065,2025-03-17 09:03:00,app_open
E000515,C00065,2023-04-08 17:15:00,search
E000516,C00065,2025-11-02 15:21:00,add_to_cart
E000517,C00065,2023-04-13 03:41:00,page_view
E000518,C00065,2025-07-10 19:15:00,app_open
E000519,C00065,2023-10-17 13:24:00,search
E000520,C00065,2024-07-06 13:12:00,page_view
E000521,C00066,2025-06-15 10:16:00,page_view
E000522,C00066,2025-03-10 19:42:00,page_view
E000523,C00066,2024-03-31 03:05:00,page_view
E000524,C00066,2025-11-22 17:59:00,page_view
E000525,C00066,2025-09-27 18:43:00,add_to_cart
E000526,C00066,2025-04-21 06:45:00,app_open
E000527,C00066,2025-06-30 08:07:00,app_open
E000528,C00066,2023-02-11 20:54:00,add_to_cart
E000529,C00067,2024-07-20 03:48:00,search
E000530,C00067,2025-03-20 15:39:00,add_to_cart
E000531,C00067,2025-04-23 13:31:00,app_open
E000532,C00067,2025-09-25 20:31:00,search
E000533,C00067,2024-07-12 13:53:00,add_to_cart
E000534,C00067,2024-11-14 16:00:00,page_view
E000535,C00067,2025-07-09 22:38:00,app_open
E000536,C00067,2023-05-13 08:38:00,search
E000537,C00068,2024-11-01 09:53:00,add_to_cart
E000538,C00068,2023-02-14 15:17:00,add_to_cart
E000539,C00068,2025-07-05 09:39:00,app_open
E000540,C00068,2025-10-13 14:02:00,page_view
E000541,C00068,2025-10-19 04:34:00,search
E000542,C00068,2023-05-24 14:28:00,add_to_cart
E000543,C00068,2023-08-21 23:45:00,page_view
E000544,C00068,2024-03-01 05:29:00,search
E000545,C00069,2023-06-05 15:15:00,add_to_cart
E000546,C00069,2025-10-25 12:51:00,search
E000547,C00069,2025-05-15 18:32:00,app_open
E000548,C00069,2025-06-17 11:04:00,add_to_cart
E000549,C00069,2024-06-30 06:45:00,app_open
E000550,C00069,2025-11-07 14:22:00,add_to_cart
E000551,C00069,2023-12-18 12:27:00,page_view
E000552,C00069,2024-04-07 12:17:00,page_view
E000553,C00070,2023-04-24 12:48:00,add_to_cart
E000554,C00070,2025-06-18 09:51:00,search
E000555,C00070,2025-07-30 06:20:00,app_open
E000556,C00070,2023-01-14 22:14:00,add_to_cart
E000557,C00070,2023-10-29 14:24:00,search
E000558,C00070,2024-01-04 01:05:00,app_open
E000559,C00070,2025-08-28 17:27:00,app_open
E000560,C00070,2024-03-10 04:16:00,page_view
E000561,C00071,2025-02-10 02:24:00,add_to_cart
E000562,C00071,2024-09-14 03:28:00,page_view
E000563,C00071,2023-04-11 22:11:00,search
E000564,C00071,2023-06-25 12:58:00,app_open
E000565,C00071,2025-12-11 21:22:00,add_to_cart
E000566,C00071,2023-09-05 01:54:00,add_to_cart
E000567,C00071,2025-05-09 10:39:00,page_view
E000568,C00071,2024-05-30 06:09:00,add_to_cart
E000569,C00072,2025-09-20 02:20:00,page_view
E000570,C00072,2024-10-20 01:49:00,app_open
E000571,C00072,2024-01-30 16:29:00,page_view
E000572,C00072,2025-05-31 01:48:00,add_to_cart
E000573,C00072,2025-10-14 04:07:00,add_to_cart
E000574,C00072,2025-11-26 17:38:00,search
E000575,C00072,2025-11-13 04:04:00,add_to_cart
E000576,C00072,2024-04-29 02:17:00,search
E000577,C00073,2023-09-20 11:46:00,page_view
E000578,C00073,2025-01-30 22:47:00,search
E000579,C00073,2023-06-19 19:32:00,add_to_cart
E000580,C00073,2025-01-18 19:38:00,app_open
E000581,C00073,2023-11-01 23:50:00,search
E000582,C00073,2024-10-22 12:02:00,page_view
E000583,C00073,2023-01-27 13:07:00,page_view
E000584,C00073,2023-06-23 04:14:00,page_view
E000585,C00074,2025-05-12 17:44:00,page_view
E000586,C00074,2023-01-14 10:44:00,page_view
E000587,C00074,2023-06-13 07:48:00,search
E000588,C00074,2023-03-15 18:13:00,add_to_cart
E000589,C00074,2025-01-30 09:43:00,page_view
E000590,C00074,2023-09-24 16:38:00,search
E000591,C00074,2025-08-29 12:04:00,add_to_cart
E000592,C00074,2025-12-25 15:20:00,page_view
E000593,C00075,2025-12-14 02:45:00,search
E000594,C00075,2023-11-04 19:08:00,add_to_cart
E000595,C00075,2025-03-18 22:54:00,search
E000596,C00075,2023-02-01 22:39:00,search
E000597,C00075,2024-11-03 13:37:00,app_open
E000598,C00075,2023-02-06 06:38:00,add_to_cart
E000599,C00075,2024-08-31 07:26:00,search
E000600,C00075,2025-09-20 13:58:00,page_view
E000601,C00076,2025-02-04 21:57:00,search
E000602,C00076,2025-04-30 21:26:00,add_to_cart
E000603,C00076,2025-05-01 07:08:00,add_to_cart
E000604,C00076,2024-11-18 10:30:00,search
E000605,C00076,2025-11-26 22:17:00,page_view
E000606,C00076,2024-01-14 17:12:00,app_open
E000607,C00076,2024-09-03 16:47:00,page_view
E000608,C00076,2024-04-28 06:47:00,search
E000609,C00077,2023-08-26 08:08:00,add_to_cart
E000610,C00077,2023-06-24 04:08:00,search
E000611,C00077,2024-04-21 17:18:00,app_open
E000612,C00077,2024-02-14 10:36:00,add_to_cart
E000613,C00077,2024-11-01 16:50:00,search
E000614,C00077,2025-06-17 15:47:00,page_view
E000615,C00077,2024-11-07 08:55:00,add_to_cart
E000616,C00077,2024-02-07 18:07:00,app_open
E000617,C00078,2023-03-12 01:00:00,add_to_cart
E000618,C00078,2024-11-27 14:47:00,add_to_cart
E000619,C00078,2023-07-28 23:51:00,app_open
E000620,C00078,2025-05-31 12:12:00,search
E000621,C00078,2024-04-19 00:14:00,page_view
E000622,C00078,2025-01-04 06:07:00,add_to_cart
E000623,C00078,2023-04-24 07:58:00,page_view
E000624,C00078,2023-07-29 01:43:00,add_to_cart
E000625,C00079,2025-06-18 06:24:00,page_view
E000626,C00079,2023-08-30 14:44:00,page_view
E000627,C00079,2024-07-12 05:24:00,page_view
E000628,C00079,2023-12-08 18:04:00,search
E000629,C00079,2023-11-18 23:37:00,page_view
E000630,C00079,2024-03-08 19:24:00,search
E000631,C00079,2023-04-06 03:01:00,search
E000632,C00079,2023-12-18 10:43:00,add_to_cart
E000633,C00080,2024-02-04 13:43:00,app_open
E000634,C00080,2024-11-12 15:33:00,search
E000635,C00080,2023-11-18 05:13:00,add_to_cart
E000636,C00080,2024-06-07 11:08:00,search
E000637,C00080,2023-09-12 16:00:00,search
E000638,C00080,2024-02-17 13:34:00,page_view
E000639,C00080,2023-05-07 13:01:00,add_to_cart
E000640,C00080,2023-09-29 04:32:00,app_open
E000641,C00081,2024-04-30 12:57:00,app_open
E000642,C00081,2025-12-27 06:29:00,search
E000643,C00081,2025-05-10 05:29:00,page_view
E000644,C00081,2023-09-28 19:13:00,add_to_cart
E000645,C00081,2025-06-15 12:46:00,page_view
E000646,C00081,2024-05-28 23:27:00,add_to_cart
E000647,C00081,2025-06-12 15:18:00,app_open
E000648,C00081,2024-03-28 09:22:00,page_view
E000649,C00082,2025-10-19 14:32:00,add_to_cart
E000650,C00082,2025-05-08 17:00:00,app_open
E000651,C00082,2024-05-12 19:27:00,add_to_cart
E000652,C00082,2025-12-12 05:50:00,add_to_cart
E000653,C00082,2023-01-21 20:00:00,page_view
E000654,C00082,2023-03-21 11:31:00,search
E000655,C00082,2024-03-31 04:31:00,search
E000656,C00082,2024-09-24 14:29:00,search
E000657,C00083,2024-05-14 04:11:00,page_view
E000658,C00083,2023-02-24 09:19:00,page_view
E000659,C00083,2024-08-27 23:12:00,page_view
E000660,C00083,2025-10-01 12:21:00,app_open
E000661,C00083,2025-09-06 15:19:00,page_view
E000662,C00083,2025-08-14 07:22:00,page_view
E000663,C00083,2023-11-18 15:15:00,search
E000664,C00083,2023-11-25 02:15:00,search
E000665,C00084,2023-05-30 11:42:00,app_open
E000666,C00084,2025-11-21 14:01:00,app_open
E000667,C00084,2024-11-22 20:09:00,app_open
E000668,C00084,2023-11-20 07:10:00,page_view
E000669,C00084,2023-09-22 13:37:00,page_view
E000670,C00084,2025-07-03 01:07:00,app_open
E000671,C00084,2023-05-28 09:38:00,add_to_cart
E000672,C00084,2024-07-07 17:37:00,add_to_cart
E000673,C00085,2024-08-02 05:30:00,search
E000674,C00085,2024-05-20 18:51:00,add_to_cart
E000675,C00085,2024-07-17 08:10:00,app_open
E000676,C00085,2025-02-22 07:23:00,page_view
E000677,C00085,2024-05-12 22:30:00,add_to_cart
E000678,C00085,2025-07-26 10:49:00,search
E000679,C00085,2024-05-14 15:39:00,add_to_cart
E000680,C00085,2025-01-03 19:42:00,search
E000681,C00086,2023-12-12 14:28:00,add_to_cart
E000682,C00086,2023-10-06 09:54:00,search
E000683,C00086,2024-07-14 13:04:00,page_view
E000684,C00086,2025-05-10 08:35:00,search
E000685,C00086,2024-10-31 20:42:00,app_open
E000686,C00086,2023-08-21 08:32:00,search
E000687,C00086,2023-08-23 22:28:00,search
E000688,C00086,2025-09-21 07:22:00,add_to_cart
E000689,C00087,2025-08-15 06:23:00,search
E000690,C00087,2025-08-30 07:23:00,search
E000691,C00087,2024-07-30 01:43:00,search
E000692,C00087,2024-02-18 15:03:00,add_to_cart
E000693,C00087,2023-04-17 17:15:00,add_to_cart
E000694,C00087,2025-04-09 14:35:00,add_to_cart
E000695,C00087,2023-09-13 09:03:00,app_open
E000696,C00087,2025-03-26 20:18:00,search
E000697,C00088,2024-02-16 16:01:00,page_view
E000698,C00088,2023-08-12 08:12:00,app_open
E000699,C00088,2025-07-16 08:22:00,app_open
E000700,C00088,2023-08-12 10:23:00,app_open
E000701,C00088,2023-07-26 05:52:00,add_to_cart
E000702,C00088,2023-07-05 22:08:00,search
E000703,C00088,2024-03-09 23:04:00,page_view
E000704,C00088,2025-09-30 12:14:00,add_to_cart
E000705,C00089,2025-11-25 04:11:00,search
E000706,C00089,2024-03-24 08:58:00,add_to_cart
E000707,C00089,2024-03-26 21:18:00,search
E000708,C00089,2023-04-12 18:07:00,app_open
E000709,C00089,2024-03-15 01:51:00,add_to_cart
E000710,C00089,2023-05-03 16:32:00,page_view
E000711,C00089,2024-11-28 07:25:00,add_to_cart
E000712,C00089,2023-01-04 10:00:00,search
E000713,C00090,2023-10-21 14:26:00,app_open
E000714,C00090,2023-09-08 16:01:00,app_open
E000715,C00090,2025-06-29 18:43:00,search
E000716,C00090,2024-02-13 05:58:00,search
E000717,C00090,2023-03-24 21:08:00,search
E000718,C00090,2023-01-14 03:30:00,add_to_cart
E000719,C00090,2023-09-24 03:58:00,page_view
E000720,C00090,2025-03-12 14:31:00,app_open
E000721,C00091,2025-10-01 14:45:00,search
E000722,C00091,2023-03-31 21:02:00,app_open
E000723,C00091,2024-10-09 00:16:00,page_view
E000724,C00091,2025-03-06 07:12:00,search
E000725,C00091,2025-01-30 20:53:00,page_view
E000726,C00091,2025-01-27 14:43:00,search
E000727,C00091,2023-06-01 23:46:00,add_to_cart
E000728,C00091,2023-02-23 09:56:00,add_to_cart
E000729,C00092,2025-01-01 15:42:00,app_open
E000730,C00092,2025-01-16 13:22:00,search
E000731,C00092,2024-09-03 01:24:00,page_view
E000732,C00092,2023-01-29 13:46:00,add_to_cart
E000733,C00092,2023-10-09 09:49:00,page_view
E000734,C00092,2023-06-09 04:16:00,add_to_cart
E000735,C00092,2025-09-18 10:39:00,search
E000736,C00092,2023-03-17 05:46:00,app_open
E000737,C00093,2025-04-29 18:08:00,add_to_cart
E000738,C00093,2023-03-11 11:33:00,page_view
E000739,C00093,2025-09-09 05:18:00,page_view
E000740,C00093,2023-01-12 04:12:00,app_open
E000741,C00093,2023-10-15 20:04:00,app_open
E000742,C00093,2023-04-17 06:06:00,add_to_cart
E000743,C00093,2023-10-17 08:15:00,search
E000744,C00093,2023-06-25 00:32:00,search
E000745,C00094,2025-08-12 14:55:00,search
E000746,C00094,2023-10-19 09:05:00,page_view
E000747,C00094,2025-09-21 12:44:00,add_to_cart
E000748,C00094,2025-09-14 13:59:00,page_view
E000749,C00094,2023-05-21 13:22:00,add_to_cart
E000750,C00094,2025-09-27 23:59:00,app_open
E000751,C00094,2025-11-04 14:40:00,add_to_cart
E000752,C00094,2025-06-01 12:11:00,add_to_cart
E000753,C00095,2023-03-09 20:04:00,search
E000754,C00095,2025-03-07 19:06:00,page_view
E000755,C00095,2024-10-21 03:30:00,page_view
E000756,C00095,2024-08-23 03:08:00,app_open
E000757,C00095,2023-01-27 09:32:00,search
E000758,C00095,2025-08-29 14:25:00,search
E000759,C00095,2024-06-17 12:35:00,add_to_cart
E000760,C00095,2025-09-05 18:55:00,search
E000761,C00096,2023-10-16 09:22:00,add_to_cart
E000762,C00096,2023-12-12 17:01:00,page_view
E000763,C00096,2025-08-17 01:31:00,page_view
E000764,C00096,2025-01-05 12:26:00,page_view
E000765,C00096,2025-03-12 04:07:00,app_open
E000766,C00096,2023-08-06 13:37:00,search
E000767,C00096,2023-02-09 12:58:00,app_open
E000768,C00096,2025-09-27 19:22:00,add_to_cart
E000769,C00097,2024-06-15 05:25:00,search
E000770,C00097,2024-07-29 20:11:00,search
E000771,C00097,2024-02-21 03:22:00,page_view
E000772,C00097,2024-05-02 09:16:00,search
E000773,C00097,2024-04-11 06:12:00,search
E000774,C00097,2023-08-31 11:06:00,page_view
E000775,C00097,2024-07-22 03:50:00,page_view
E000776,C00097,2023-03-05 16:03:00,page_view
E000777,C00098,2025-05-19 17:05:00,search
E000778,C00098,2024-03-07 13:26:00,search
E000779,C00098,2023-03-30 20:44:00,page_view
E000780,C00098,2024-11-28 19:40:00,app_open
E000781,C00098,2024-02-07 05:16:00,app_open
E000782,C00098,2024-12-21 10:50:00,search
E000783,C00098,2023-12-06 04:10:00,page_view
E000784,C00098,2024-09-30 20:26:00,add_to_cart
E000785,C00099,2025-12-09 04:29:00,page_view
E000786,C00099,2024-04-28 15:31:00,add_to_cart
E000787,C00099,2023-02-03 08:24:00,page_view
E000788,C00099,2023-06-04 09:21:00,add_to_cart
E000789,C00099,2024-10-15 05:59:00,page_view
E000790,C00099,2024-09-28 07:23:00,add_to_cart
E000791,C00099,2023-02-18 01:04:00,page_view
E000792,C00099,2025-03-03 12:30:00,add_to_cart
E000793,C00100,2024-03-14 17:01:00,add_to_cart
E000794,C00100,2023-12-10 07:16:00,page_view
E000795,C00100,2024-09-26 05:51:00,search
E000796,C00100,2024-08-01 00:43:00,add_to_cart
E000797,C00100,2025-05-08 18:27:00,app_open
E000798,C00100,2023-04-25 11:30:00,page_view
E000799,C00100,2025-03-15 13:50:00,app_open
E000800,C00100,2024-09-05 14:25:00,app_open
E000801,C00101,2025-01-15 18:07:00,add_to_cart
E000802,C00101,2023-06-27 14:06:00,page_view
E000803,C00101,2023-06-13 19:13:00,search
E000804,C00101,2024-07-31 01:54:00,app_open
E000805,C00101,2023-02-16 08:43:00,add_to_cart
E000806,C00101,2025-04-23 15:48:00,add_to_cart
E000807,C00101,2025-08-09 04:11:00,app_open
E000808,C00101,2024-08-30 14:34:00,search
E000809,C00102,2024-09-02 08:00:00,add_to_cart
E000810,C00102,2023-07-11 01:31:00,add_to_cart
E000811,C00102,2023-10-25 17:09:00,add_to_cart
E000812,C00102,2023-12-14 03:05:00,search
E000813,C00102,2024-05-14 01:29:00,app_open
E000814,C00102,2025-04-01 10:56:00,search
E000815,C00102,2024-06-16 07:01:00,app_open
E000816,C00102,2025-12-01 22:38:00,search
E000817,C00103,2025-09-10 11:49:00,app_open
E000818,C00103,2024-02-19 21:23:00,page_view
E000819,C00103,2025-11-27 09:46:00,add_to_cart
E000820,C00103,2023-10-28 22:56:00,app_open
E000821,C00103,2023-04-14 23:20:00,add_to_cart
E000822,C00103,2024-12-23 07:39:00,add_to_cart
E000823,C00103,2024-07-06 09:01:00,page_view
E000824,C00103,2024-08-01 21:33:00,page_view
E000825,C00104,2025-12-28 09:09:00,app_open
E000826,C00104,2025-01-15 18:20:00,app_open
E000827,C00104,2025-01-20 07:34:00,search
E000828,C00104,2024-08-10 16:39:00,app_open
E000829,C00104,2023-10-03 13:50:00,page_view
E000830,C00104,2025-11-17 01:48:00,page_view
E000831,C00104,2024-09-12 10:52:00,app_open
E000832,C00104,2024-02-20 19:16:00,app_open
E000833,C00105,2025-11-13 12:55:00,add_to_cart
E000834,C00105,2025-08-09 14:25:00,search
E000835,C00105,2024-04-03 14:45:00,page_view
E000836,C00105,2024-12-01 11:24:00,page_view
E000837,C00105,2024-01-25 18:33:00,search
E000838,C00105,2024-01-08 09:53:00,app_open
E000839,C00105,2024-01-12 02:41:00,search
E000840,C00105,2024-05-28 22:09:00,app_open
E000841,C00106,2024-09-01 22:16:00,page_view
E000842,C00106,2024-10-22 19:50:00,app_open
E000843,C00106,2023-05-12 13:12:00,app_open
E000844,C00106,2025-09-27 08:23:00,add_to_cart
E000845,C00106,2025-11-06 17:37:00,app_open
E000846,C00106,2024-11-16 08:22:00,add_to_cart
E000847,C00106,2023-05-18 04:01:00,add_to_cart
E000848,C00106,2025-08-01 19:15:00,page_view
E000849,C00107,2023-11-27 06:39:00,add_to_cart
E000850,C00107,2024-05-11 10:16:00,search
E000851,C00107,2024-04-25 10:18:00,app_open
E000852,C00107,2025-07-02 21:55:00,app_open
E000853,C00107,2025-07-31 23:35:00,app_open
E000854,C00107,2023-10-15 15:05:00,add_to_cart
E000855,C00107,2025-12-26 09:06:00,app_open
E000856,C00107,2025-12-08 11:01:00,search
E000857,C00108,2025-12-28 17:50:00,page_view
E000858,C00108,2024-12-11 13:13:00,page_view
E000859,C00108,2023-02-11 18:58:00,search
E000860,C00108,2024-06-04 18:07:00,page_view
E000861,C00108,2024-12-04 04:55:00,app_open
E000862,C00108,2025-03-30 14:37:00,add_to_cart
E000863,C00108,2023-05-27 10:32:00,app_open
E000864,C00108,2023-12-11 00:21:00,app_open
E000865,C00109,2023-08-19 05:22:00,page_view
E000866,C00109,2024-05-11 18:42:00,app_open
E000867,C00109,2024-05-14 17:11:00,page_view
E000868,C00109,2023-08-25 19:41:00,search
E000869,C00109,2023-05-27 16:23:00,page_view
E000870,C00109,2023-09-04 14:34:00,page_view
E000871,C00109,2025-08-17 20:43:00,app_open
E000872,C00109,2024-05-11 23:58:00,page_view
E000873,C00110,2024-10-04 14:06:00,page_view
E000874,C00110,2023-09-24 22:47:00,search
E000875,C00110,2023-10-22 04:44:00,add_to_cart
E000876,C00110,2025-04-09 18:37:00,search
E000877,C00110,2024-05-26 07:42:00,app_open
E000878,C00110,2023-01-05 11:20:00,add_to_cart
E000879,C00110,2023-05-02 16:34:00,page_view
E000880,C00110,2024-02-06 12:36:00,add_to_cart
E000881,C00111,2025-04-13 16:43:00,page_view
E000882,C00111,2024-06-22 06:57:00,page_view
E000883,C00111,2023-10-31 12:28:00,app_open
E000884,C00111,2023-08-17 11:55:00,page_view
E000885,C00111,2024-01-19 07:38:00,page_view
E000886,C00111,2024-01-16 03:47:00,app_open
E000887,C00111,2024-07-16 04:07:00,app_open
E000888,C00111,2023-05-26 01:20:00,search
E000889,C00112,2023-12-07 02:55:00,app_open
E000890,C00112,2025-03-13 09:17:00,page_view
E000891,C00112,2023-09-20 01:07:00,page_view
E000892,C00112,2025-08-12 00:45:00,add_to_cart
E000893,C00112,2024-01-10 18:55:00,search
E000894,C00112,2023-10-29 14:28:00,page_view
E000895,C00112,2025-06-28 14:10:00,app_open
E000896,C00112,2023-03-17 06:29:00,app_open
E000897,C00113,2025-10-11 17:55:00,add_to_cart
E000898,C00113,2024-03-18 23:17:00,page_view
E000899,C00113,2024-11-06 14:47:00,search
E000900,C00113,2023-03-22 01:21:00,search
E000901,C00113,2025-07-19 00:35:00,app_open
E000902,C00113,2024-08-02 19:30:00,app_open
E000903,C00113,2024-03-19 06:54:00,page_view
E000904,C00113,2025-04-14 02:44:00,page_view
E000905,C00114,2025-11-15 22:29:00,app_open
E000906,C00114,2025-08-08 19:58:00,app_open
E000907,C00114,2023-05-06 09:42:00,add_to_cart
E000908,C00114,2024-07-02 02:41:00,search
E000909,C00114,2024-04-30 22:09:00,search
E000910,C00114,2023-02-01 22:28:00,page_view
E000911,C00114,2025-05-15 18:14:00,app_open
E000912,C00114,2025-08-22 02:37:00,search
E000913,C00115,2024-12-08 19:31:00,app_open
E000914,C00115,2025-06-26 10:58:00,app_open
E000915,C00115,2023-06-23 05:29:00,add_to_cart
E000916,C00115,2024-03-10 19:54:00,add_to_cart
E000917,C00115,2025-07-12 22:33:00,page_view
E000918,C00115,2023-10-18 03:59:00,app_open
E000919,C00115,2024-07-21 10:50:00,search
E000920,C00115,2025-01-26 16:10:00,add_to_cart
E000921,C00116,2024-12-06 15:07:00,search
E000922,C00116,2024-04-05 02:21:00,search
E000923,C00116,2023-01-02 21:11:00,app_open
E000924,C00116,2024-01-29 03:02:00,app_open
E000925,C00116,2025-05-24 23:26:00,page_view
E000926,C00116,2025-11-08 22:17:00,app_open
E000927,C00116,2024-04-11 12:06:00,page_view
E000928,C00116,2024-07-01 14:41:00,page_view
E000929,C00117,2023-09-05 11:33:00,app_open
E000930,C00117,2024-03-15 16:11:00,page_view
E000931,C00117,2025-08-23 11:21:00,search
E000932,C00117,2024-12-18 23:30:00,app_open
E000933,C00117,2023-04-06 08:46:00,search
E000934,C00117,2024-03-08 21:11:00,page_view
E000935,C00117,2023-01-04 20:32:00,search
E000936,C00117,2024-02-03 00:10:00,app_open
E000937,C00118,2023-05-14 20:14:00,app_open
E000938,C00118,2024-07-16 04:58:00,add_to_cart
E000939,C00118,2024-04-07 20:22:00,search
E000940,C00118,2024-01-11 04:48:00,search
E000941,C00118,2023-07-14 05:39:00,search
E000942,C00118,2023-02-10 06:25:00,page_view
E000943,C00118,2023-07-05 03:59:00,page_view
E000944,C00118,2023-07-06 07:15:00,page_view
E000945,C00119,2023-11-10 17:46:00,app_open
E000946,C00119,2025-03-13 02:45:00,add_to_cart
E000947,C00119,2023-04-13 13:40:00,app_open
E000948,C00119,2023-10-25 20:26:00,search
E000949,C00119,2025-08-10 16:40:00,add_to_cart
E000950,C00119,2024-08-29 02:51:00,search
E000951,C00119,2023-08-30 19:23:00,add_to_cart
E000952,C00119,2024-09-03 14:25:00,search
E000953,C00120,2025-01-06 04:58:00,add_to_cart
E000954,C00120,2023-09-23 15:04:00,add_to_cart
E000955,C00120,2024-07-13 05:36:00,add_to_cart
E000956,C00120,2024-10-08 23:53:00,page_view
E000957,C00120,2024-04-23 11:06:00,page_view
E000958,C00120,2024-01-01 19:48:00,search
E000959,C00120,2025-07-13 06:38:00,page_view
E000960,C00120,2023-07-31 01:13:00,search
E000961,C00121,2025-02-17 19:05:00,add_to_cart
E000962,C00121,2023-03-29 10:39:00,app_open
E000963,C00121,2023-06-15 11:14:00,page_view
E000964,C00121,2025-10-22 01:20:00,search
E000965,C00121,2023-10-28 14:43:00,app_open
E000966,C00121,2025-12-30 06:18:00,search
E000967,C00121,2023-04-12 18:25:00,app_open
E000968,C00121,2023-06-22 20:00:00,search
E000969,C00122,2025-11-06 17:45:00,page_view
E000970,C00122,2023-03-28 15:01:00,add_to_cart
E000971,C00122,2025-10-04 08:09:00,add_to_cart
E000972,C00122,2024-06-22 02:54:00,search
E000973,C00122,2025-01-11 21:24:00,app_open
E000974,C00122,2024-07-01 16:36:00,app_open
E000975,C00122,2024-06-11 10:01:00,search
E000976,C00122,2025-10-23 03:50:00,page_view
E000977,C00123,2025-12-22 05:41:00,app_open
E000978,C00123,2024-11-22 17:23:00,app_open
E000979,C00123,2024-06-22 14:12:00,add_to_cart
E000980,C00123,2024-05-30 11:00:00,search
E000981,C00123,2023-10-08 22:14:00,app_open
E000982,C00123,2024-11-17 11:15:00,search
E000983,C00123,2025-01-22 22:21:00,search
E000984,C00123,2023-09-07 14:23:00,page_view
E000985,C00124,2023-03-31 11:51:00,add_to_cart
E000986,C00124,2025-09-27 01:00:00,page_view
E000987,C00124,2025-01-23 19:15:00,search
E000988,C00124,2024-02-15 10:15:00,page_view
E000989,C00124,2023-05-17 16:50:00,search
E000990,C00124,2024-05-01 09:33:00,add_to_cart
E000991,C00124,2023-08-07 11:11:00,add_to_cart
E000992,C00124,2024-05-27 17:44:00,app_open
E000993,C00125,2024-05-08 23:01:00,add_to_cart
E000994,C00125,2024-05-16 12:07:00,add_to_cart
E000995,C00125,2025-06-22 02:16:00,app_open
E000996,C00125,2024-06-22 11:18:00,page_view
E000997,C00125,2023-10-30 19:55:00,page_view
E000998,C00125,2023-03-29 08:28:00,app_open
E000999,C00125,2025-08-19 11:48:00,search
E001000,C00125,2023-05-21 18:31:00,page_view
E001001,C00126,2023-12-25 18:43:00,search
E001002,C00126,2023-11-26 13:35:00,search
E001003,C00126,2023-08-16 02:51:00,page_view
E001004,C00126,2023-10-18 03:17:00,search
E001005,C00126,2023-02-03 19:36:00,app_open
E001006,C00126,2024-08-26 17:27:00,add_to_cart
E001007,C00126,2024-03-19 13:38:00,add_to_cart
E001008,C00126,2025-10-19 18:09:00,add_to_cart
E001009,C00127,2025-01-29 01:16:00,add_to_cart
E001010,C00127,2023-03-11 05:19:00,app_open
E001011,C00127,2024-04-09 18:48:00,search
E001012,C00127,2025-12-12 06:53:00,page_view
E001013,C00127,2025-09-04 16:48:00,add_to_cart
E001014,C00127,2025-09-25 08:37:00,app_open
E001015,C00127,2023-07-29 08:54:00,search
E001016,C00127,2025-02-17 17:11:00,search
E001017,C00128,2024-07-03 17:11:00,search
E001018,C00128,2025-07-06 23:09:00,page_view
E001019,C00128,2024-11-27 21:43:00,app_open
E001020,C00128,2024-12-09 06:29:00,search
E001021,C00128,2023-01-19 14:40:00,add_to_cart
E001022,C00128,2023-06-27 20:15:00,search
E001023,C00128,2025-04-02 18:02:00,app_open
E001024,C00128,2023-11-05 12:22:00,add_to_cart
E001025,C00129,2025-09-26 12:08:00,add_to_cart
E001026,C00129,2025-02-22 02:42:00,add_to_cart
E001027,C00129,2024-02-20 01:46:00,app_open
E001028,C00129,2025-06-23 00:05:00,search
E001029,C00129,2025-04-08 10:09:00,app_open
E001030,C00129,2025-06-15 20:50:00,app_open
E001031,C00129,2025-06-03 00:48:00,search
E001032,C00129,2024-07-13 00:17:00,search
E001033,C00130,2025-06-26 05:53:00,page_view
E001034,C00130,2024-08-12 12:41:00,add_to_cart
E001035,C00130,2023-12-17 00:40:00,add_to_cart
E001036,C00130,2024-06-22 07:48:00,search
E001037,C00130,2024-03-24 06:08:00,search
E001038,C00130,2025-06-30 23:27:00,search
E001039,C00130,2025-03-16 19:07:00,search
E001040,C00130,2025-01-07 09:26:00,app_open
E001041,C00131,2023-02-08 04:02:00,page_view
E001042,C00131,2024-01-10 10:43:00,page_view
E001043,C00131,2023-10-08 12:01:00,page_view
E001044,C00131,2023-06-22 17:12:00,app_open
E001045,C00131,2023-10-28 02:18:00,add_to_cart
E001046,C00131,2025-11-22 23:27:00,search
E001047,C00131,2024-08-05 15:59:00,add_to_cart
E001048,C00131,2025-12-22 12:59:00,app_open
E001049,C00132,2023-08-30 13:17:00,add_to_cart
E001050,C00132,2023-02-12 05:20:00,app_open
E001051,C00132,2025-08-26 12:37:00,add_to_cart
E001052,C00132,2023-08-07 00:04:00,app_open
E001053,C00132,2023-06-23 02:46:00,app_open
E001054,C00132,2023-09-20 16:57:00,search
E001055,C00132,2025-03-19 19:46:00,add_to_cart
E001056,C00132,2024-02-10 00:15:00,search
E001057,C00133,2023-11-01 10:14:00,add_to_cart
E001058,C00133,2023-05-03 09:29:00,page_view
E001059,C00133,2024-02-24 06:24:00,search
E001060,C00133,2023-06-19 03:21:00,app_open
E001061,C00133,2023-03-24 22:48:00,app_open
E001062,C00133,2025-11-10 21:10:00,app_open
E001063,C00133,2024-08-07 00:09:00,add_to_cart
E001064,C00133,2024-06-03 01:32:00,search
E001065,C00134,2024-06-13 01:38:00,page_view
E001066,C00134,2025-06-23 17:37:00,search
E001067,C00134,2023-01-15 19:12:00,search
E001068,C00134,2023-06-03 09:23:00,add_to_cart
E001069,C00134,2025-02-23 09:40:00,app_open
E001070,C00134,2025-05-13 10:37:00,add_to_cart
E001071,C00134,2024-10-30 03:19:00,page_view
E001072,C00134,2025-07-05 07:16:00,app_open
E001073,C00135,2023-09-08 13:28:00,search
E001074,C00135,2024-08-11 16:35:00,add_to_cart
E001075,C00135,2025-04-24 19:06:00,page_view
E001076,C00135,2024-11-30 21:09:00,add_to_cart
E001077,C00135,2025-02-23 02:08:00,search
E001078,C00135,2023-09-03 09:36:00,page_view
E001079,C00135,2025-08-28 05:26:00,app_open
E001080,C00135,2025-02-19 14:24:00,page_view
E001081,C00136,2025-09-19 00:10:00,page_view
E001082,C00136,2025-04-03 23:38:00,add_to_cart
E001083,C00136,2023-10-10 23:33:00,page_view
E001084,C00136,2023-01-05 00:53:00,search
E001085,C00136,2023-02-18 05:27:00,add_to_cart
E001086,C00136,2025-10-29 04:06:00,app_open
E001087,C00136,2024-12-19 01:18:00,search
E001088,C00136,2023-12-09 16:04:00,page_view
E001089,C00137,2024-11-17 08:18:00,page_view
E001090,C00137,2024-03-24 14:41:00,app_open
E001091,C00137,2025-06-04 16:23:00,page_view
E001092,C00137,2025-07-14 06:41:00,add_to_cart
E001093,C00137,2023-06-22 06:23:00,search
E001094,C00137,2025-06-28 06:01:00,add_to_cart
E001095,C00137,2023-02-18 23:46:00,app_open
E001096,C00137,2024-02-12 11:49:00,search
E001097,C00138,2025-03-17 14:47:00,search
E001098,C00138,2025-10-06 00:46:00,app_open
E001099,C00138,2023-09-08 12:05:00,app_open
E001100,C00138,2023-05-04 13:58:00,page_view
E001101,C00138,2025-09-26 22:44:00,page_view
E001102,C00138,2023-08-18 13:53:00,page_view
E001103,C00138,2025-03-11 06:45:00,search
E001104,C00138,2023-11-12 15:15:00,app_open
E001105,C00139,2025-09-09 00:55:00,app_open
E001106,C00139,2023-08-31 19:22:00,app_open
E001107,C00139,2024-04-04 04:53:00,page_view
E001108,C00139,2024-07-18 10:44:00,search
E001109,C00139,2024-08-12 19:17:00,app_open
E001110,C00139,2024-04-03 16:45:00,app_open
E001111,C00139,2024-01-11 21:32:00,add_to_cart
E001112,C00139,2025-10-26 17:43:00,app_open
E001113,C00140,2023-12-26 11:24:00,page_view
E001114,C00140,2023-02-10 20:49:00,search
E001115,C00140,2023-05-22 11:53:00,add_to_cart
E001116,C00140,2024-11-15 09:50:00,app_open
E001117,C00140,2023-11-12 13:02:00,add_to_cart
E001118,C00140,2025-09-08 21:10:00,search
E001119,C00140,2023-02-02 11:25:00,page_view
E001120,C00140,2025-12-13 03:02:00,app_open
E001121,C00141,2025-10-08 11:14:00,search
E001122,C00141,2025-07-09 06:38:00,app_open
E001123,C00141,2025-11-05 22:53:00,search
E001124,C00141,2025-06-04 21:30:00,page_view
E001125,C00141,2024-02-07 21:11:00,search
E001126,C00141,2025-11-09 09:09:00,app_open
E001127,C00141,2024-01-13 05:20:00,search
E001128,C00141,2025-07-10 07:36:00,search
E001129,C00142,2025-12-20 04:40:00,add_to_cart
E001130,C00142,2023-03-26 21:35:00,add_to_cart
E001131,C00142,2024-08-03 04:48:00,page_view
E001132,C00142,2024-10-27 02:26:00,add_to_cart
E001133,C00142,2025-08-29 16:07:00,page_view
E001134,C00142,2023-05-03 16:11:00,add_to_cart
E001135,C00142,2024-03-26 05:08:00,page_view
E001136,C00142,2023-04-13 19:55:00,page_view
E001137,C00143,2023-08-19 01:07:00,search
E001138,C00143,2023-11-17 00:50:00,add_to_cart
E001139,C00143,2024-06-04 23:39:00,app_open
E001140,C00143,2023-01-09 11:57:00,search
E001141,C00143,2024-08-29 18:03:00,search
E001142,C00143,2024-02-11 12:59:00,search
E001143,C00143,2025-02-15 05:06:00,app_open
E001144,C00143,2025-12-03 06:16:00,page_view
E001145,C00144,2023-09-29 10:58:00,page_view
E001146,C00144,2025-02-06 03:32:00,app_open
E001147,C00144,2025-11-09 08:11:00,page_view
E001148,C00144,2025-10-29 02:07:00,search
E001149,C00144,2024-10-11 17:42:00,app_open
E001150,C00144,2024-03-13 12:29:00,add_to_cart
E001151,C00144,2025-11-12 21:43:00,app_open
E001152,C00144,2023-10-17 04:28:00,search
E001153,C00145,2024-06-29 15:52:00,add_to_cart
E001154,C00145,2025-03-29 06:15:00,add_to_cart
E001155,C00145,2024-07-15 01:45:00,add_to_cart
E001156,C00145,2024-02-02 06:58:00,page_view
E001157,C00145,2025-02-28 14:35:00,page_view
E001158,C00145,2023-11-08 14:21:00,search
E001159,C00145,2025-05-10 08:26:00,app_open
E001160,C00145,2025-03-04 12:57:00,search
E001161,C00146,2025-04-05 05:25:00,page_view
E001162,C00146,2023-08-18 10:11:00,add_to_cart
E001163,C00146,2024-04-24 07:14:00,app_open
E001164,C00146,2023-01-30 15:57:00,add_to_cart
E001165,C00146,2023-07-14 22:29:00,search
E001166,C00146,2024-09-07 05:52:00,search
E001167,C00146,2024-02-02 20:21:00,page_view
E001168,C00146,2023-09-08 03:06:00,add_to_cart
E001169,C00147,2025-09-08 20:16:00,app_open
E001170,C00147,2025-03-29 20:36:00,add_to_cart
E001171,C00147,2023-10-28 08:20:00,page_view
E001172,C00147,2025-06-24 03:06:00,add_to_cart
E001173,C00147,2024-12-31 06:24:00,search
E001174,C00147,2025-04-23 07:15:00,search
E001175,C00147,2025-12-17 20:08:00,page_view
E001176,C00147,2023-10-02 23:53:00,app_open
E001177,C00148,2024-10-23 06:26:00,add_to_cart
E001178,C00148,2023-05-02 05:03:00,search
E001179,C00148,2024-05-03 06:50:00,page_view
E001180,C00148,2024-10-23 15:24:00,page_view
E001181,C00148,2025-07-27 06:43:00,add_to_cart
E001182,C00148,2025-02-27 16:47:00,page_view
E001183,C00148,2024-12-29 13:47:00,add_to_cart
E001184,C00148,2023-06-30 12:35:00,add_to_cart
E001185,C00149,2025-11-13 02:24:00,app_open
E001186,C00149,2024-03-19 15:04:00,page_view
E001187,C00149,2025-06-12 05:59:00,add_to_cart
E001188,C00149,2024-04-09 22:17:00,app_open
E001189,C00149,2025-09-03 05:03:00,page_view
E001190,C00149,2023-09-03 06:04:00,page_view
E001191,C00149,2023-11-02 23:19:00,app_open
E001192,C00149,2023-07-01 07:28:00,add_to_cart
E001193,C00150,2024-03-09 05:59:00,search
E001194,C00150,2023-09-15 16:07:00,search
E001195,C00150,2025-02-10 05:41:00,page_view
E001196,C00150,2023-08-25 19:08:00,page_view
E001197,C00150,2024-09-17 11:32:00,page_view
E001198,C00150,2024-12-18 18:39:00,search
E001199,C00150,2025-07-23 10:14:00,add_to_cart
E001200,C00150,2023-09-20 13:43:00,add_to_cart
E001201,C00151,2025-01-31 04:15:00,search
E001202,C00151,2024-08-24 11:40:00,add_to_cart
E001203,C00151,2023-08-23 20:03:00,page_view
E001204,C00151,2024-08-07 20:22:00,add_to_cart
E001205,C00151,2023-06-05 01:18:00,page_view
E001206,C00151,2024-12-08 15:12:00,search
E001207,C00151,2024-12-12 02:45:00,add_to_cart
E001208,C00151,2023-12-27 07:23:00,search
E001209,C00152,2024-12-27 20:08:00,app_open
E001210,C00152,2025-10-23 22:38:00,app_open
E001211,C00152,2023-06-19 04:40:00,app_open
E001212,C00152,2024-03-19 17:12:00,search
E001213,C00152,2023-08-24 07:48:00,add_to_cart
E001214,C00152,2023-11-16 07:32:00,search
E001215,C00152,2025-04-09 03:42:00,page_view
E001216,C00152,2024-06-25 22:00:00,page_view
E001217,C00153,2023-08-02 18:16:00,page_view
E001218,C00153,2025-09-05 01:41:00,page_view
E001219,C00153,2025-07-05 07:16:00,page_view
E001220,C00153,2024-09-27 05:14:00,add_to_cart
E001221,C00153,2025-03-23 12:43:00,add_to_cart
E001222,C00153,2024-09-17 00:12:00,search
E001223,C00153,2024-07-07 17:56:00,add_to_cart
E001224,C00153,2024-10-13 09:18:00,page_view
E001225,C00154,2024-12-06 07:42:00,search
E001226,C00154,2024-01-17 07:08:00,add_to_cart
E001227,C00154,2024-02-22 14:42:00,app_open
E001228,C00154,2023-06-08 04:59:00,search
E001229,C00154,2025-09-28 12:12:00,search
E001230,C00154,2023-05-20 16:27:00,app_open
E001231,C00154,2025-01-02 04:40:00,add_to_cart
E001232,C00154,2023-07-14 05:35:00,page_view
E001233,C00155,2025-08-04 19:09:00,add_to_cart
E001234,C00155,2023-12-14 07:03:00,search
E001235,C00155,2025-11-06 12:37:00,page_view
E001236,C00155,2025-06-11 13:40:00,app_open
E001237,C00155,2025-11-07 16:49:00,add_to_cart
E001238,C00155,2023-08-20 06:50:00,add_to_cart
E001239,C00155,2024-12-29 13:18:00,page_view
E001240,C00155,2023-02-07 05:52:00,search
E001241,C00156,2024-08-15 06:46:00,app_open
E001242,C00156,2025-07-19 17:58:00,app_open
E001243,C00156,2023-05-11 19:45:00,add_to_cart
E001244,C00156,2025-01-05 09:19:00,app_open
E001245,C00156,2024-09-15 05:22:00,search
E001246,C00156,2025-02-19 20:00:00,search
E001247,C00156,2024-07-29 14:26:00,page_view
E001248,C00156,2023-01-07 23:35:00,app_open
E001249,C00157,2023-10-15 04:55:00,page_view
E001250,C00157,2025-04-01 18:59:00,add_to_cart
E001251,C00157,2025-07-17 11:02:00,app_open
E001252,C00157,2024-10-23 04:26:00,page_view
E001253,C00157,2023-06-21 13:26:00,add_to_cart
E001254,C00157,2024-02-13 16:53:00,page_view
E001255,C00157,2023-05-17 13:33:00,search
E001256,C00157,2023-07-03 14:31:00,add_to_cart
E001257,C00158,2024-07-04 17:22:00,add_to_cart
E001258,C00158,2023-07-13 23:25:00,search
E001259,C00158,2024-10-09 14:38:00,page_view
E001260,C00158,2025-09-22 02:18:00,page_view
E001261,C00158,2024-02-05 18:54:00,page_view
E001262,C00158,2025-05-31 01:40:00,page_view
E001263,C00158,2025-03-06 01:14:00,search
E001264,C00158,2023-11-16 04:25:00,app_open
E001265,C00159,2023-07-20 08:12:00,add_to_cart
E001266,C00159,2025-07-11 21:47:00,search
E001267,C00159,2023-10-30 02:03:00,app_open
E001268,C00159,2024-10-16 06:56:00,search
E001269,C00159,2024-11-02 14:25:00,page_view
E001270,C00159,2023-01-26 06:39:00,app_open
E001271,C00159,2023-06-08 22:33:00,page_view
E001272,C00159,2024-01-01 12:28:00,add_to_cart
E001273,C00160,2025-03-08 11:58:00,add_to_cart
E001274,C00160,2024-09-04 20:22:00,app_open
E001275,C00160,2023-03-02 16:17:00,app_open
E001276,C00160,2023-09-15 13:22:00,search
E001277,C00160,2024-09-20 09:08:00,page_view
E001278,C00160,2023-08-09 16:32:00,page_view
E001279,C00160,2023-01-28 01:55:00,app_open
E001280,C00160,2023-01-22 10:43:00,add_to_cart
E001281,C00161,2023-10-27 22:48:00,search
E001282,C00161,2024-04-18 12:48:00,app_open
E001283,C00161,2023-08-19 13:08:00,search
E001284,C00161,2023-06-28 08:28:00,search
E001285,C00161,2025-03-03 14:50:00,add_to_cart
E001286,C00161,2023-04-28 02:58:00,search
E001287,C00161,2024-04-19 21:36:00,add_to_cart
E001288,C00161,2023-01-08 15:04:00,page_view
E001289,C00162,2024-09-04 15:26:00,page_view
E001290,C00162,2023-01-09 02:45:00,app_open
E001291,C00162,2024-12-24 22:03:00,search
E001292,C00162,2023-02-27 22:11:00,app_open
E001293,C00162,2023-07-25 18:39:00,search
E001294,C00162,2023-03-21 11:36:00,app_open
E001295,C00162,2025-07-02 13:53:00,search
E001296,C00162,2023-11-14 11:09:00,add_to_cart
E001297,C00163,2023-02-06 04:31:00,app_open
E001298,C00163,2024-02-26 05:08:00,add_to_cart
E001299,C00163,2024-06-05 10:44:00,app_open
E001300,C00163,2025-05-15 22:49:00,add_to_cart
E001301,C00163,2025-03-06 23:41:00,search
E001302,C00163,2024-03-04 01:30:00,app_open
E001303,C00163,2025-07-06 15:18:00,add_to_cart
E001304,C00163,2025-06-29 18:38:00,app_open
E001305,C00164,2024-08-08 21:41:00,search
E001306,C00164,2025-03-13 00:21:00,app_open
E001307,C00164,2025-09-15 03:06:00,app_open
E001308,C00164,2025-07-14 02:39:00,app_open
E001309,C00164,2024-06-24 07:54:00,search
E001310,C00164,2024-01-15 09:23:00,search
E001311,C00164,2023-03-22 14:28:00,search
E001312,C00164,2023-10-20 16:12:00,app_open
E001313,C00165,2025-05-30 18:57:00,search
E001314,C00165,2025-06-16 08:51:00,app_open
E001315,C00165,2024-03-20 08:09:00,app_open
E001316,C00165,2023-12-11 17:30:00,app_open
E001317,C00165,2024-07-13 22:08:00,add_to_cart
E001318,C00165,2024-04-15 01:58:00,page_view
E001319,C00165,2023-06-30 13:10:00,page_view
E001320,C00165,2023-05-07 03:49:00,search
E001321,C00166,2024-08-13 21:27:00,add_to_cart
E001322,C00166,2023-08-09 21:46:00,page_view
E001323,C00166,2023-10-01 21:52:00,search
E001324,C00166,2025-02-24 23:33:00,add_to_cart
E001325,C00166,2025-06-30 21:25:00,search
E001326,C00166,2025-02-15 20:40:00,page_view
E001327,C00166,2025-06-17 20:15:00,page_view
E001328,C00166,2023-05-24 03:15:00,app_open
E001329,C00167,2025-08-10 11:08:00,search
E001330,C00167,2023-03-12 20:32:00,page_view
E001331,C00167,2023-10-31 17:39:00,page_view
E001332,C00167,2024-04-18 03:25:00,search
E001333,C00167,2025-10-31 13:09:00,add_to_cart
E001334,C00167,2025-05-06 14:50:00,page_view
E001335,C00167,2024-09-13 00:21:00,search
E001336,C00167,2025-09-21 08:19:00,page_view
E001337,C00168,2025-12-02 16:00:00,app_open
E001338,C00168,2023-06-17 21:24:00,add_to_cart
E001339,C00168,2025-11-23 22:22:00,app_open
E001340,C00168,2024-03-28 08:10:00,app_open
E001341,C00168,2024-04-12 23:00:00,search
E001342,C00168,2025-03-12 01:07:00,app_open
E001343,C00168,2025-07-02 03:27:00,app_open
E001344,C00168,2023-03-18 13:07:00,app_open
E001345,C00169,2025-07-29 11:37:00,page_view
E001346,C00169,2025-03-17 06:09:00,app_open
E001347,C00169,2024-10-31 11:12:00,app_open
E001348,C00169,2024-02-18 17:19:00,add_to_cart
E001349,C00169,2023-08-27 12:31:00,page_view
E001350,C00169,2024-03-01 10:31:00,add_to_cart
E001351,C00169,2025-04-20 01:06:00,app_open
E001352,C00169,2025-08-31 16:50:00,page_view
E001353,C00170,2025-01-16 12:59:00,search
E001354,C00170,2023-09-05 07:12:00,add_to_cart
E001355,C00170,2023-01-06 01:05:00,page_view
E001356,C00170,2023-01-05 03:54:00,search
E001357,C00170,2023-04-29 15:06:00,search
E001358,C00170,2025-06-21 20:41:00,page_view
E001359,C00170,2023-07-14 03:09:00,app_open
E001360,C00170,2024-06-29 14:59:00,page_view
E001361,C00171,2025-08-07 12:43:00,search
E001362,C00171,2023-10-20 10:55:00,page_view
E001363,C00171,2025-10-27 20:46:00,app_open
E001364,C00171,2023-01-16 08:50:00,search
E001365,C00171,2023-12-19 01:17:00,search
E001366,C00171,2023-12-17 03:08:00,add_to_cart
E001367,C00171,2023-08-09 14:18:00,search
E001368,C00171,2023-01-10 21:44:00,add_to_cart
E001369,C00172,2024-07-28 09:31:00,page_view
E001370,C00172,2023-11-09 16:12:00,app_open
E001371,C00172,2025-02-20 03:53:00,search
E001372,C00172,2025-03-17 09:57:00,app_open
E001373,C00172,2025-05-10 09:18:00,app_open
E001374,C00172,2023-09-20 19:22:00,app_open
E001375,C00172,2025-04-28 19:44:00,add_to_cart
E001376,C00172,2025-04-29 23:23:00,page_view
E001377,C00173,2024-12-29 07:43:00,app_open
E001378,C00173,2025-12-16 04:16:00,app_open
E001379,C00173,2024-08-15 10:04:00,add_to_cart
E001380,C00173,2023-04-05 03:00:00,page_view
E001381,C00173,2023-10-02 13:39:00,add_to_cart
E001382,C00173,2024-02-16 22:38:00,add_to_cart
E001383,C00173,2023-07-21 16:28:00,search
E001384,C00173,2024-02-08 14:38:00,app_open
E001385,C00174,2023-01-26 13:44:00,search
E001386,C00174,2023-06-29 22:19:00,add_to_cart
E001387,C00174,2024-11-27 23:15:00,search
E001388,C00174,2025-06-29 23:38:00,add_to_cart
E001389,C00174,2023-11-23 01:26:00,app_open
E001390,C00174,2025-04-17 04:00:00,search
E001391,C00174,2023-08-17 13:49:00,add_to_cart
E001392,C00174,2024-04-13 20:12:00,page_view
E001393,C00175,2024-07-07 02:52:00,app_open
E001394,C00175,2024-09-06 19:23:00,app_open
E001395,C00175,2024-03-10 05:08:00,add_to_cart
E001396,C00175,2023-11-09 11:33:00,page_view
E001397,C00175,2025-04-29 04:10:00,add_to_cart
E001398,C00175,2025-10-05 23:02:00,page_view
E001399,C00175,2023-10-18 22:27:00,app_open
E001400,C00175,2025-07-08 06:32:00,app_open
E001401,C00176,2025-02-02 03:20:00,page_view
E001402,C00176,2024-06-13 03:16:00,app_open
E001403,C00176,2025-06-17 16:17:00,search
E001404,C00176,2024-09-02 04:25:00,page_view
E001405,C00176,2025-10-01 00:58:00,page_view
E001406,C00176,2023-07-28 00:59:00,app_open
E001407,C00176,2025-02-08 00:43:00,page_view
E001408,C00176,2023-07-16 07:36:00,app_open
E001409,C00177,2024-06-28 08:17:00,page_view
E001410,C00177,2024-10-13 00:44:00,app_open
E001411,C00177,2025-05-24 09:03:00,search
E001412,C00177,2025-05-15 08:51:00,page_view
E001413,C00177,2023-04-08 03:39:00,page_view
E001414,C00177,2025-01-22 05:48:00,page_view
E001415,C00177,2023-06-18 01:14:00,page_view
E001416,C00177,2025-03-15 05:42:00,search
E001417,C00178,2024-12-14 12:04:00,search
E001418,C00178,2024-09-22 23:33:00,add_to_cart
E001419,C00178,2025-10-05 05:04:00,page_view
E001420,C00178,2023-11-12 19:08:00,page_view
E001421,C00178,2024-11-09 00:24:00,app_open
E001422,C00178,2025-11-05 18:55:00,search
E001423,C00178,2025-09-20 02:41:00,app_open
E001424,C00178,2025-02-04 19:43:00,page_view
E001425,C00179,2023-04-29 06:14:00,page_view
E001426,C00179,2024-09-05 00:12:00,add_to_cart
E001427,C00179,2024-12-28 09:55:00,page_view
E001428,C00179,2023-12-11 10:31:00,app_open
E001429,C00179,2024-12-22 12:16:00,search
E001430,C00179,2024-08-24 16:12:00,page_view
E001431,C00179,2023-06-22 21:03:00,search
E001432,C00179,2024-10-02 06:11:00,add_to_cart
E001433,C00180,2023-05-07 02:49:00,app_open
E001434,C00180,2024-01-12 03:19:00,search
E001435,C00180,2023-01-28 05:17:00,search
E001436,C00180,2025-03-14 07:18:00,page_view
E001437,C00180,2023-07-24 05:45:00,add_to_cart
E001438,C00180,2024-02-17 11:32:00,search
E001439,C00180,2025-06-26 03:54:00,page_view
E001440,C00180,2023-04-28 20:51:00,search
E001441,C00181,2024-02-03 07:50:00,add_to_cart
E001442,C00181,2023-03-02 12:32:00,search
E001443,C00181,2023-06-02 13:39:00,add_to_cart
E001444,C00181,2025-02-28 08:44:00,add_to_cart
E001445,C00181,2025-04-22 10:22:00,search
E001446,C00181,2023-11-18 21:03:00,page_view
E001447,C00181,2024-09-29 14:10:00,search
E001448,C00181,2024-01-24 17:26:00,page_view
E001449,C00182,2025-09-05 17:32:00,page_view
E001450,C00182,2024-06-18 20:34:00,page_view
E001451,C00182,2025-07-21 09:54:00,app_open
E001452,C00182,2024-11-30 22:18:00,add_to_cart
E001453,C00182,2024-10-24 17:00:00,page_view
E001454,C00182,2025-10-19 18:24:00,search
E001455,C00182,2024-09-13 15:03:00,page_view
E001456,C00182,2025-12-17 12:12:00,search
E001457,C00183,2024-05-19 20:59:00,search
E001458,C00183,2025-04-03 20:58:00,app_open
E001459,C00183,2023-02-16 17:16:00,page_view
E001460,C00183,2023-09-08 04:15:00,page_view
E001461,C00183,2024-08-09 07:02:00,app_open
E001462,C00183,2023-11-09 03:18:00,add_to_cart
E001463,C00183,2024-04-01 21:56:00,search
E001464,C00183,2025-03-24 02:03:00,add_to_cart
E001465,C00184,2025-07-07 10:14:00,add_to_cart
E001466,C00184,2024-12-20 14:19:00,add_to_cart
E001467,C00184,2024-06-20 17:22:00,search
E001468,C00184,2024-06-20 00:24:00,app_open
E001469,C00184,2025-08-10 09:37:00,app_open
E001470,C00184,2024-02-28 22:52:00,app_open
E001471,C00184,2023-07-16 17:52:00,search
E001472,C00184,2024-12-30 01:20:00,page_view
E001473,C00185,2024-01-02 04:19:00,add_to_cart
E001474,C00185,2025-11-03 09:02:00,search
E001475,C00185,2024-07-15 16:57:00,page_view
E001476,C00185,2025-06-30 09:52:00,search
E001477,C00185,2025-09-12 01:28:00,add_to_cart
E001478,C00185,2023-09-20 19:54:00,app_open
E001479,C00185,2025-11-04 11:28:00,add_to_cart
E001480,C00185,2024-09-18 06:39:00,search
E001481,C00186,2024-02-11 22:58:00,app_open
E001482,C00186,2024-09-20 17:49:00,page_view
E001483,C00186,2023-12-08 11:42:00,app_open
E001484,C00186,2024-01-15 12:17:00,search
E001485,C00186,2023-05-11 02:41:00,search
E001486,C00186,2023-12-10 03:51:00,app_open
E001487,C00186,2025-12-22 16:56:00,page_view
E001488,C00186,2025-08-07 14:26:00,search
E001489,C00187,2025-05-18 11:20:00,search
E001490,C00187,2024-11-24 22:24:00,page_view
E001491,C00187,2024-04-14 15:30:00,search
E001492,C00187,2023-12-06 23:02:00,app_open
E001493,C00187,2025-01-18 23:03:00,search
E001494,C00187,2024-02-29 02:58:00,page_view
E001495,C00187,2025-10-12 04:01:00,add_to_cart
E001496,C00187,2023-03-30 12:48:00,app_open
E001497,C00188,2025-11-17 09:45:00,add_to_cart
E001498,C00188,2025-08-04 19:19:00,app_open
E001499,C00188,2024-06-02 14:32:00,add_to_cart
E001500,C00188,2023-02-22 17:49:00,search
E001501,C00188,2024-12-20 00:33:00,add_to_cart
E001502,C00188,2024-01-11 14:16:00,search
E001503,C00188,2023-11-23 05:46:00,search
E001504,C00188,2024-05-04 14:06:00,app_open
E001505,C00189,2023-05-30 06:02:00,add_to_cart
E001506,C00189,2025-11-14 06:48:00,page_view
E001507,C00189,2023-01-07 01:12:00,add_to_cart
E001508,C00189,2023-06-01 09:45:00,search
E001509,C00189,2024-09-09 18:53:00,add_to_cart
E001510,C00189,2023-04-09 16:49:00,page_view
E001511,C00189,2024-06-28 19:48:00,page_view
E001512,C00189,2024-11-04 23:40:00,add_to_cart
E001513,C00190,2024-03-05 08:29:00,app_open
E001514,C00190,2023-07-08 17:16:00,search
E001515,C00190,2023-12-30 20:17:00,app_open
E001516,C00190,2023-03-20 14:40:00,page_view
E001517,C00190,2024-03-26 16:28:00,page_view
E001518,C00190,2025-07-27 17:27:00,app_open
E001519,C00190,2025-06-21 15:22:00,app_open
E001520,C00190,2024-08-16 17:13:00,add_to_cart
E001521,C00191,2024-12-07 18:33:00,search
E001522,C00191,2025-02-19 00:46:00,add_to_cart
E001523,C00191,2024-06-20 04:38:00,app_open
E001524,C00191,2024-05-04 16:40:00,search
E001525,C00191,2025-12-25 06:40:00,add_to_cart
E001526,C00191,2024-09-23 23:20:00,page_view
E001527,C00191,2025-02-03 13:32:00,search
E001528,C00191,2025-05-31 00:18:00,app_open
E001529,C00192,2024-10-05 08:01:00,search
E001530,C00192,2024-04-24 14:07:00,page_view
E001531,C00192,2025-10-15 05:07:00,add_to_cart
E001532,C00192,2023-02-20 14:45:00,app_open
E001533,C00192,2025-12-10 00:30:00,page_view
E001534,C00192,2024-06-28 11:46:00,page_view
E001535,C00192,2023-10-31 20:30:00,search
E001536,C00192,2024-03-06 04:01:00,page_view
E001537,C00193,2023-11-17 05:28:00,search
E001538,C00193,2024-07-25 16:16:00,search
E001539,C00193,2025-06-07 18:54:00,page_view
E001540,C00193,2023-12-06 00:14:00,app_open
E001541,C00193,2025-12-15 19:52:00,page_view
E001542,C00193,2025-08-22 20:43:00,app_open
E001543,C00193,2024-05-07 17:28:00,add_to_cart
E001544,C00193,2023-05-03 02:31:00,page_view
E001545,C00194,2025-12-03 14:11:00,add_to_cart
E001546,C00194,2023-02-11 02:49:00,page_view
E001547,C00194,2023-11-04 02:36:00,page_view
E001548,C00194,2025-01-18 05:05:00,add_to_cart
E001549,C00194,2024-01-07 23:25:00,add_to_cart
E001550,C00194,2024-11-09 07:03:00,page_view
E001551,C00194,2023-09-22 02:38:00,search
E001552,C00194,2024-01-23 14:41:00,search
E001553,C00195,2025-05-10 04:02:00,page_view
E001554,C00195,2023-12-07 23:46:00,add_to_cart
E001555,C00195,2024-06-12 09:39:00,add_to_cart
E001556,C00195,2024-06-02 20:54:00,search
E001557,C00195,2025-07-11 20:33:00,page_view
E001558,C00195,2023-07-14 06:28:00,add_to_cart
E001559,C00195,2023-02-10 07:50:00,page_view
E001560,C00195,2024-04-30 00:59:00,page_view
E001561,C00196,2025-08-30 05:27:00,app_open
E001562,C00196,2025-10-09 22:40:00,page_view
E001563,C00196,2023-08-10 09:57:00,page_view
E001564,C00196,2023-05-18 01:00:00,app_open
E001565,C00196,2023-05-22 03:15:00,search
E001566,C00196,2024-05-23 12:40:00,add_to_cart
E001567,C00196,2025-08-25 21:05:00,search
E001568,C00196,2025-04-18 15:28:00,add_to_cart
E001569,C00197,2024-12-24 07:35:00,page_view
E001570,C00197,2024-10-07 07:35:00,add_to_cart
E001571,C00197,2025-07-10 14:57:00,add_to_cart
E001572,C00197,2025-11-26 11:39:00,add_to_cart
E001573,C00197,2024-07-29 07:52:00,page_view
E001574,C00197,2023-10-07 17:19:00,page_view
E001575,C00197,2024-12-05 19:06:00,page_view
E001576,C00197,2025-04-02 00:40:00,app_open
E001577,C00198,2023-08-08 13:33:00,page_view
E001578,C00198,2025-04-17 17:40:00,search
E001579,C00198,2025-08-19 10:42:00,app_open
E001580,C00198,2025-06-17 22:19:00,search
E001581,C00198,2025-11-01 15:42:00,app_open
E001582,C00198,2023-12-25 14:14:00,search
E001583,C00198,2024-03-02 23:10:00,app_open
E001584,C00198,2025-10-28 02:54:00,page_view
E001585,C00199,2023-10-03 16:19:00,app_open
E001586,C00199,2023-06-17 04:34:00,page_view
E001587,C00199,2025-05-16 04:18:00,app_open
E001588,C00199,2023-12-17 06:38:00,search
E001589,C00199,2023-07-10 00:20:00,search
E001590,C00199,2023-11-17 10:35:00,add_to_cart
E001591,C00199,2023-06-26 12:40:00,search
E001592,C00199,2023-01-08 18:39:00,app_open
E001593,C00200,2023-12-10 17:19:00,app_open
E001594,C00200,2025-07-28 05:40:00,search
E001595,C00200,2023-11-29 08:48:00,app_open
E001596,C00200,2024-01-17 05:00:00,search
E001597,C00200,2024-09-03 12:10:00,search
E001598,C00200,2025-02-04 06:52:00,page_view
E001599,C00200,2025-09-19 16:12:00,add_to_cart
E001600,C00200,2025-04-02 01:55:00,search
E001601,C00201,2023-11-09 21:03:00,search
E001602,C00201,2023-12-06 13:13:00,app_open
E001603,C00201,2025-05-03 21:25:00,page_view
E001604,C00201,2025-11-01 16:37:00,page_view
E001605,C00201,2024-11-21 01:31:00,page_view
E001606,C00201,2023-06-15 18:43:00,page_view
E001607,C00201,2023-11-09 06:36:00,search
E001608,C00201,2025-11-13 00:45:00,add_to_cart
E001609,C00202,2023-03-31 11:31:00,search
E001610,C00202,2024-04-09 02:45:00,app_open
E001611,C00202,2024-09-07 05:15:00,page_view
E001612,C00202,2024-08-07 16:23:00,search
E001613,C00202,2024-08-24 17:44:00,app_open
E001614,C00202,2025-06-27 10:55:00,page_view
E001615,C00202,2024-01-08 13:44:00,page_view
E001616,C00202,2023-07-28 02:57:00,add_to_cart
E001617,C00203,2023-06-08 11:35:00,app_open
E001618,C00203,2024-01-02 22:24:00,search
E001619,C00203,2025-12-26 09:02:00,app_open
E001620,C00203,2023-10-21 09:19:00,add_to_cart
E001621,C00203,2025-10-24 16:30:00,app_open
E001622,C00203,2024-08-16 05:42:00,search
E001623,C00203,2023-03-14 21:12:00,page_view
E001624,C00203,2023-06-23 14:12:00,search
E001625,C00204,2025-04-05 19:35:00,search
E001626,C00204,2025-01-28 12:05:00,search
E001627,C00204,2024-09-19 20:03:00,add_to_cart
E001628,C00204,2024-09-20 11:20:00,add_to_cart
E001629,C00204,2024-06-24 17:40:00,page_view
E001630,C00204,2025-12-20 08:26:00,app_open
E001631,C00204,2025-04-23 07:42:00,page_view
E001632,C00204,2023-09-21 22:38:00,search
E001633,C00205,2023-04-10 11:24:00,add_to_cart
E001634,C00205,2023-05-21 23:45:00,add_to_cart
E001635,C00205,2023-01-25 02:40:00,search
E001636,C00205,2023-04-16 05:44:00,app_open
E001637,C00205,2024-07-25 19:52:00,app_open
E001638,C00205,2023-10-28 11:35:00,search
E001639,C00205,2023-01-20 02:59:00,add_to_cart
E001640,C00205,2024-05-05 05:39:00,app_open
E001641,C00206,2025-03-15 19:30:00,page_view
E001642,C00206,2023-01-19 13:58:00,app_open
E001643,C00206,2024-10-28 17:02:00,add_to_cart
E001644,C00206,2023-05-26 13:59:00,page_view
E001645,C00206,2023-10-27 09:00:00,search
E001646,C00206,2024-12-20 00:49:00,search
E001647,C00206,2024-02-05 12:17:00,app_open
E001648,C00206,2023-08-23 20:06:00,app_open
E001649,C00207,2023-06-21 06:57:00,app_open
E001650,C00207,2025-06-22 18:02:00,page_view
E001651,C00207,2025-04-27 07:51:00,add_to_cart
E001652,C00207,2024-10-16 23:08:00,add_to_cart
E001653,C00207,2024-02-15 10:47:00,search
E001654,C00207,2025-04-29 06:17:00,app_open
E001655,C00207,2024-07-09 02:10:00,search
E001656,C00207,2024-07-06 16:23:00,add_to_cart
E001657,C00208,2024-03-28 12:47:00,add_to_cart
E001658,C00208,2025-04-14 21:21:00,add_to_cart
E001659,C00208,2025-12-10 05:09:00,app_open
E001660,C00208,2023-07-22 07:14:00,page_view
E001661,C00208,2023-11-18 19:49:00,page_view
E001662,C00208,2023-09-16 03:20:00,page_view
E001663,C00208,2023-01-07 17:36:00,add_to_cart
E001664,C00208,2023-03-01 04:18:00,search
E001665,C00209,2025-03-07 12:46:00,page_view
E001666,C00209,2023-01-21 01:32:00,app_open
E001667,C00209,2023-03-21 06:11:00,page_view
E001668,C00209,2025-05-27 16:31:00,app_open
E001669,C00209,2025-06-03 00:47:00,search
E001670,C00209,2023-11-11 00:14:00,search
E001671,C00209,2024-10-15 07:02:00,page_view
E001672,C00209,2025-07-28 21:37:00,app_open
E001673,C00210,2025-03-02 02:50:00,app_open
E001674,C00210,2023-05-10 07:11:00,page_view
E001675,C00210,2025-01-23 20:45:00,app_open
E001676,C00210,2023-09-29 21:11:00,app_open
E001677,C00210,2025-04-09 17:27:00,search
E001678,C00210,2023-11-17 18:57:00,search
E001679,C00210,2025-03-15 15:51:00,add_to_cart
E001680,C00210,2025-10-23 12:05:00,add_to_cart
E001681,C00211,2023-03-12 20:20:00,app_open
E001682,C00211,2024-11-19 22:20:00,app_open
E001683,C00211,2025-05-31 21:04:00,search
E001684,C00211,2024-09-30 08:20:00,add_to_cart
E001685,C00211,2025-08-14 03:44:00,search
E001686,C00211,2025-06-05 00:39:00,add_to_cart
E001687,C00211,2025-06-17 08:16:00,add_to_cart
E001688,C00211,2023-07-31 07:38:00,search
E001689,C00212,2023-02-15 22:54:00,add_to_cart
E001690,C00212,2025-07-22 20:30:00,add_to_cart
E001691,C00212,2025-08-23 02:07:00,add_to_cart
E001692,C00212,2025-02-26 20:08:00,search
E001693,C00212,2024-05-09 03:26:00,add_to_cart
E001694,C00212,2024-07-03 08:22:00,app_open
E001695,C00212,2025-07-26 00:13:00,search
E001696,C00212,2023-09-26 14:20:00,page_view
E001697,C00213,2025-04-13 15:32:00,search
E001698,C00213,2025-03-07 17:40:00,page_view
E001699,C00213,2025-07-16 03:08:00,search
E001700,C00213,2023-03-30 04:25:00,add_to_cart
E001701,C00213,2023-02-09 07:12:00,add_to_cart
E001702,C00213,2024-12-28 19:02:00,search
E001703,C00213,2025-12-25 00:24:00,add_to_cart
E001704,C00213,2023-03-03 12:32:00,search
E001705,C00214,2025-02-24 06:18:00,page_view
E001706,C00214,2024-01-26 10:24:00,app_open
E001707,C00214,2023-06-19 00:20:00,search
E001708,C00214,2023-12-27 09:47:00,search
E001709,C00214,2025-05-30 08:50:00,add_to_cart
E001710,C00214,2024-11-06 19:50:00,page_view
E001711,C00214,2023-11-25 19:07:00,search
E001712,C00214,2025-04-17 07:32:00,add_to_cart
E001713,C00215,2025-01-14 13:32:00,app_open
E001714,C00215,2025-05-23 13:32:00,add_to_cart
E001715,C00215,2024-10-28 23:36:00,search
E001716,C00215,2024-04-18 12:34:00,app_open
E001717,C00215,2023-12-26 08:20:00,page_view
E001718,C00215,2023-06-26 18:20:00,page_view
E001719,C00215,2024-01-18 05:29:00,search
E001720,C00215,2023-11-15 15:03:00,page_view
E001721,C00216,2025-02-27 16:00:00,search
E001722,C00216,2023-07-17 09:23:00,app_open
E001723,C00216,2023-11-26 00:37:00,search
E001724,C00216,2025-08-14 22:47:00,page_view
E001725,C00216,2024-06-10 11:26:00,add_to_cart
E001726,C00216,2023-01-18 04:01:00,add_to_cart
E001727,C00216,2025-10-07 08:23:00,add_to_cart
E001728,C00216,2024-11-20 12:43:00,page_view
E001729,C00217,2023-04-14 00:24:00,page_view
E001730,C00217,2024-09-04 20:26:00,add_to_cart
E001731,C00217,2023-05-17 10:32:00,search
E001732,C00217,2024-10-07 16:56:00,add_to_cart
E001733,C00217,2024-03-20 14:18:00,add_to_cart
E001734,C00217,2025-05-11 21:32:00,page_view
E001735,C00217,2024-07-23 15:33:00,search
E001736,C00217,2025-10-14 13:06:00,page_view
E001737,C00218,2023-10-25 00:32:00,add_to_cart
E001738,C00218,2025-03-10 17:51:00,search
E001739,C00218,2024-05-28 18:04:00,search
E001740,C00218,2024-05-13 06:09:00,search
E001741,C00218,2025-04-08 13:32:00,search
E001742,C00218,2024-02-17 13:41:00,search
E001743,C00218,2023-12-21 03:01:00,page_view
E001744,C00218,2024-01-19 01:02:00,search
E001745,C00219,2023-01-10 07:18:00,add_to_cart
E001746,C00219,2025-02-28 12:55:00,page_view
E001747,C00219,2023-12-17 13:53:00,search
E001748,C00219,2024-07-04 08:06:00,add_to_cart
E001749,C00219,2024-08-12 04:53:00,app_open
E001750,C00219,2023-07-21 21:27:00,search
E001751,C00219,2023-07-25 20:08:00,add_to_cart
E001752,C00219,2025-11-16 00:57:00,page_view
E001753,C00220,2024-03-29 21:10:00,page_view
E001754,C00220,2025-01-07 12:10:00,page_view
E001755,C00220,2023-02-26 11:15:00,app_open
E001756,C00220,2025-06-03 07:55:00,page_view
E001757,C00220,2024-10-15 22:09:00,app_open
E001758,C00220,2024-07-02 16:38:00,add_to_cart
E001759,C00220,2025-05-14 11:39:00,page_view
E001760,C00220,2023-11-14 12:09:00,app_open
E001761,C00221,2024-08-25 04:05:00,app_open
E001762,C00221,2024-03-29 17:48:00,app_open
E001763,C00221,2025-11-20 08:56:00,search
E001764,C00221,2024-03-19 16:09:00,add_to_cart
E001765,C00221,2023-02-23 11:54:00,add_to_cart
E001766,C00221,2025-03-21 12:23:00,page_view
E001767,C00221,2024-05-03 18:49:00,app_open
E001768,C00221,2025-12-20 02:11:00,add_to_cart
E001769,C00222,2024-07-03 15:32:00,app_open
E001770,C00222,2025-08-21 04:12:00,page_view
E001771,C00222,2025-06-21 17:58:00,add_to_cart
E001772,C00222,2024-03-17 16:27:00,search
E001773,C00222,2024-12-11 12:06:00,add_to_cart
E001774,C00222,2023-04-23 21:19:00,search
E001775,C00222,2025-01-16 18:41:00,add_to_cart
E001776,C00222,2024-01-23 18:55:00,app_open
E001777,C00223,2023-12-20 14:24:00,page_view
E001778,C00223,2023-10-23 08:10:00,page_view
E001779,C00223,2024-02-12 07:18:00,search
E001780,C00223,2024-08-02 00:38:00,page_view
E001781,C00223,2023-02-10 23:55:00,add_to_cart
E001782,C00223,2023-05-29 02:31:00,add_to_cart
E001783,C00223,2025-12-02 19:29:00,app_open
E001784,C00223,2024-05-06 22:08:00,add_to_cart
E001785,C00224,2025-02-01 07:55:00,app_open
E001786,C00224,2025-04-09 21:39:00,app_open
E001787,C00224,2024-01-05 15:19:00,app_open
E001788,C00224,2024-01-31 21:31:00,add_to_cart
E001789,C00224,2024-01-12 10:35:00,app_open
E001790,C00224,2023-04-12 10:42:00,add_to_cart
E001791,C00224,2025-11-29 23:39:00,app_open
E001792,C00224,2023-12-21 02:20:00,add_to_cart
E001793,C00225,2024-01-26 03:38:00,search
E001794,C00225,2024-03-15 23:19:00,search
E001795,C00225,2023-06-01 03:09:00,add_to_cart
E001796,C00225,2023-08-22 03:10:00,add_to_cart
E001797,C00225,2023-10-14 18:17:00,app_open
E001798,C00225,2025-03-13 03:44:00,app_open
E001799,C00225,2023-06-16 15:25:00,add_to_cart
E001800,C00225,2025-06-14 05:24:00,app_open
E001801,C00226,2023-10-26 11:50:00,page_view
E001802,C00226,2023-06-19 17:29:00,app_open
E001803,C00226,2024-04-10 06:18:00,search
E001804,C00226,2024-08-15 04:18:00,page_view
E001805,C00226,2025-12-17 15:27:00,page_view
E001806,C00226,2025-10-21 02:23:00,page_view
E001807,C00226,2025-12-21 23:41:00,add_to_cart
E001808,C00226,2024-05-05 12:31:00,add_to_cart
E001809,C00227,2023-05-25 01:08:00,app_open
E001810,C00227,2024-09-09 22:18:00,add_to_cart
E001811,C00227,2025-07-15 00:07:00,add_to_cart
E001812,C00227,2023-05-12 06:37:00,search
E001813,C00227,2024-08-19 13:18:00,page_view
E001814,C00227,2025-12-07 19:21:00,page_view
E001815,C00227,2024-11-11 10:15:00,add_to_cart
E001816,C00227,2025-09-16 00:42:00,search
E001817,C00228,2024-04-02 01:34:00,add_to_cart
E001818,C00228,2025-07-07 07:56:00,add_to_cart
E001819,C00228,2024-11-21 03:52:00,app_open
E001820,C00228,2023-08-04 16:30:00,app_open
E001821,C00228,2024-06-21 04:18:00,page_view
E001822,C00228,2025-12-10 22:59:00,app_open
E001823,C00228,2025-03-30 16:04:00,app_open
E001824,C00228,2024-02-07 02:10:00,search
E001825,C00229,2024-12-16 01:12:00,page_view
E001826,C00229,2025-02-28 12:31:00,add_to_cart
E001827,C00229,2025-02-06 15:49:00,search
E001828,C00229,2024-10-19 04:54:00,page_view
E001829,C00229,2025-09-23 01:15:00,app_open
E001830,C00229,2023-04-03 19:14:00,page_view
E001831,C00229,2025-01-13 23:13:00,add_to_cart
E001832,C00229,2024-11-13 21:49:00,search
E001833,C00230,2025-01-10 08:30:00,add_to_cart
E001834,C00230,2024-05-11 14:17:00,page_view
E001835,C00230,2024-08-23 14:37:00,add_to_cart
E001836,C00230,2025-11-07 11:18:00,page_view
E001837,C00230,2025-05-19 00:41:00,add_to_cart
E001838,C00230,2023-02-04 15:36:00,page_view
E001839,C00230,2025-08-26 05:53:00,app_open
E001840,C00230,2023-07-15 09:55:00,page_view
E001841,C00231,2025-03-20 14:42:00,search
E001842,C00231,2024-07-04 07:01:00,app_open
E001843,C00231,2023-03-25 07:00:00,app_open
E001844,C00231,2024-01-13 06:02:00,add_to_cart
E001845,C00231,2023-07-13 14:57:00,search
E001846,C00231,2024-12-03 10:21:00,add_to_cart
E001847,C00231,2023-05-10 04:36:00,page_view
E001848,C00231,2024-08-17 06:06:00,search
E001849,C00232,2024-02-11 01:36:00,page_view
E001850,C00232,2024-10-02 11:02:00,page_view
E001851,C00232,2023-05-30 16:56:00,search
E001852,C00232,2024-05-11 04:05:00,page_view
E001853,C00232,2025-03-20 22:50:00,search
E001854,C00232,2025-12-02 06:29:00,page_view
E001855,C00232,2023-04-26 13:15:00,add_to_cart
E001856,C00232,2025-01-16 13:41:00,search
E001857,C00233,2025-04-29 05:46:00,search
E001858,C00233,2024-08-28 22:27:00,add_to_cart
E001859,C00233,2025-02-23 16:39:00,add_to_cart
E001860,C00233,2024-09-18 20:21:00,search
E001861,C00233,2025-01-05 08:35:00,add_to_cart
E001862,C00233,2025-04-02 08:53:00,app_open
E001863,C00233,2025-02-27 04:39:00,app_open
E001864,C00233,2023-06-12 06:20:00,page_view
E001865,C00234,2025-02-21 21:26:00,page_view
E001866,C00234,2024-03-02 04:53:00,app_open
E001867,C00234,2025-04-17 04:34:00,add_to_cart
E001868,C00234,2025-09-02 09:55:00,app_open
E001869,C00234,2023-02-15 02:13:00,page_view
E001870,C00234,2023-01-12 20:33:00,add_to_cart
E001871,C00234,2025-02-09 18:47:00,add_to_cart
E001872,C00234,2024-01-07 02:24:00,app_open
E001873,C00235,2024-06-18 22:20:00,add_to_cart
E001874,C00235,2023-03-28 18:53:00,page_view
E001875,C00235,2024-05-20 17:23:00,page_view
E001876,C00235,2024-08-16 06:28:00,app_open
E001877,C00235,2025-10-02 16:50:00,page_view
E001878,C00235,2024-05-18 17:46:00,search
E001879,C00235,2023-10-23 08:44:00,add_to_cart
E001880,C00235,2023-06-26 15:08:00,app_open
E001881,C00236,2025-11-04 16:24:00,app_open
E001882,C00236,2024-01-31 21:59:00,app_open
E001883,C00236,2025-12-08 23:26:00,app_open
E001884,C00236,2025-09-16 10:59:00,page_view
E001885,C00236,2025-02-28 01:37:00,search
E001886,C00236,2024-06-30 15:27:00,search
E001887,C00236,2023-04-13 17:14:00,search
E001888,C00236,2023-01-30 01:21:00,app_open
E001889,C00237,2023-01-13 06:19:00,add_to_cart
E001890,C00237,2025-06-19 09:38:00,add_to_cart
E001891,C00237,2023-01-28 18:59:00,app_open
E001892,C00237,2024-04-13 23:42:00,app_open
E001893,C00237,2023-02-12 10:13:00,search
E001894,C00237,2023-11-08 03:40:00,app_open
E001895,C00237,2024-06-27 16:08:00,page_view
E001896,C00237,2024-07-10 10:24:00,add_to_cart
E001897,C00238,2025-06-23 19:55:00,page_view
E001898,C00238,2023-03-28 04:36:00,app_open
E001899,C00238,2025-03-12 23:52:00,page_view
E001900,C00238,2023-06-26 18:08:00,search
E001901,C00238,2025-04-01 01:13:00,page_view
E001902,C00238,2025-11-03 08:47:00,app_open
E001903,C00238,2023-12-27 00:45:00,add_to_cart
E001904,C00238,2023-05-29 16:48:00,search
E001905,C00239,2024-01-26 06:34:00,app_open
E001906,C00239,2025-05-30 16:41:00,add_to_cart
E001907,C00239,2023-01-24 18:11:00,add_to_cart
E001908,C00239,2024-05-25 04:37:00,app_open
E001909,C00239,2023-10-19 23:46:00,app_open
E001910,C00239,2023-12-13 03:26:00,add_to_cart
E001911,C00239,2024-10-20 19:29:00,add_to_cart
E001912,C00239,2023-02-02 07:00:00,add_to_cart
E001913,C00240,2023-09-12 07:54:00,app_open
E001914,C00240,2025-07-15 08:18:00,page_view
E001915,C00240,2023-02-12 19:04:00,app_open
E001916,C00240,2023-09-27 04:40:00,app_open
E001917,C00240,2025-03-05 09:42:00,search
E001918,C00240,2025-06-14 02:47:00,search
E001919,C00240,2023-11-13 06:39:00,add_to_cart
E001920,C00240,2025-04-02 04:21:00,app_open
E001921,C00241,2025-09-02 14:24:00,add_to_cart
E001922,C00241,2025-09-23 05:05:00,app_open
E001923,C00241,2025-04-18 07:18:00,search
E001924,C00241,2024-11-20 03:55:00,search
E001925,C00241,2025-02-13 16:50:00,add_to_cart
E001926,C00241,2024-01-24 18:16:00,app_open
E001927,C00241,2024-09-25 04:32:00,page_view
E001928,C00241,2024-09-26 05:11:00,page_view
E001929,C00242,2023-04-11 00:44:00,add_to_cart
E001930,C00242,2025-12-20 22:13:00,app_open
E001931,C00242,2024-05-02 04:35:00,search
E001932,C00242,2024-06-02 22:00:00,page_view
E001933,C00242,2023-05-12 06:49:00,add_to_cart
E001934,C00242,2025-05-20 11:49:00,app_open
E001935,C00242,2025-10-04 20:21:00,page_view
E001936,C00242,2024-10-21 05:57:00,add_to_cart
E001937,C00243,2023-12-20 16:38:00,search
E001938,C00243,2023-07-26 06:01:00,app_open
E001939,C00243,2024-10-21 12:29:00,search
E001940,C00243,2024-05-18 02:32:00,app_open
E001941,C00243,2025-04-12 10:45:00,app_open
E001942,C00243,2023-04-23 11:51:00,app_open
E001943,C00243,2025-07-13 15:35:00,search
E001944,C00243,2024-08-04 05:27:00,app_open
E001945,C00244,2025-09-09 01:20:00,app_open
E001946,C00244,2024-05-27 14:15:00,page_view
E001947,C00244,2024-07-24 19:31:00,app_open
E001948,C00244,2025-01-18 07:12:00,search
E001949,C00244,2023-10-05 11:56:00,page_view
E001950,C00244,2023-01-31 16:45:00,search
E001951,C00244,2024-06-04 18:47:00,page_view
E001952,C00244,2023-08-21 15:44:00,add_to_cart
E001953,C00245,2023-08-05 16:33:00,search
E001954,C00245,2023-06-24 00:53:00,add_to_cart
E001955,C00245,2023-11-12 12:19:00,app_open
E001956,C00245,2024-02-03 23:10:00,page_view
E001957,C00245,2024-05-08 00:01:00,search
E001958,C00245,2025-12-12 19:35:00,search
E001959,C00245,2023-12-28 06:51:00,page_view
E001960,C00245,2023-06-29 02:32:00,page_view
E001961,C00246,2025-05-11 00:00:00,add_to_cart
E001962,C00246,2023-06-01 06:58:00,search
E001963,C00246,2024-04-26 07:10:00,app_open
E001964,C00246,2024-12-18 17:23:00,app_open
E001965,C00246,2024-06-25 19:42:00,search
E001966,C00246,2023-08-12 20:54:00,search
E001967,C00246,2024-03-25 17:02:00,search
E001968,C00246,2025-12-15 03:14:00,add_to_cart
E001969,C00247,2024-04-06 10:04:00,add_to_cart
E001970,C00247,2025-10-12 02:00:00,add_to_cart
E001971,C00247,2023-04-18 12:42:00,app_open
E001972,C00247,2023-10-09 15:49:00,search
E001973,C00247,2023-08-05 21:17:00,add_to_cart
E001974,C00247,2023-04-01 08:06:00,search
E001975,C00247,2024-10-10 15:17:00,app_open
E001976,C00247,2023-11-12 07:28:00,add_to_cart
E001977,C00248,2025-11-26 08:18:00,app_open
E001978,C00248,2025-10-04 23:24:00,app_open
E001979,C00248,2024-02-08 20:41:00,app_open
E001980,C00248,2025-08-06 08:09:00,add_to_cart
E001981,C00248,2025-03-22 18:21:00,search
E001982,C00248,2024-09-06 01:18:00,page_view
E001983,C00248,2025-05-12 06:21:00,add_to_cart
E001984,C00248,2025-11-17 14:07:00,search
E001985,C00249,2023-05-19 09:50:00,add_to_cart
E001986,C00249,2024-06-24 18:56:00,search
E001987,C00249,2023-05-23 01:24:00,page_view
E001988,C00249,2025-08-08 19:16:00,page_view
E001989,C00249,2023-12-27 02:54:00,add_to_cart
E001990,C00249,2025-10-01 17:42:00,page_view
E001991,C00249,2024-08-15 10:49:00,add_to_cart
E001992,C00249,2023-04-26 20:27:00,app_open
E001993,C00250,2024-08-14 16:15:00,app_open
E001994,C00250,2025-06-30 09:10:00,page_view
E001995,C00250,2025-09-06 10:10:00,page_view
E001996,C00250,2023-11-11 02:13:00,app_open
E001997,C00250,2023-07-04 22:18:00,search
E001998,C00250,2023-05-28 22:42:00,page_view
E001999,C00250,2023-01-19 19:16:00,app_open
E002000,C00250,2023-02-14 09:49:00,search
E002001,C00251,2025-12-23 07:05:00,add_to_cart
E002002,C00251,2024-05-01 07:37:00,add_to_cart
E002003,C00251,2025-10-15 08:26:00,page_view
E002004,C00251,2025-12-02 10:57:00,app_open
E002005,C00251,2023-04-15 21:14:00,page_view
E002006,C00251,2025-03-01 03:16:00,app_open
E002007,C00251,2024-08-09 19:17:00,page_view
E002008,C00251,2023-12-01 07:06:00,search
E002009,C00252,2025-08-23 09:38:00,search
E002010,C00252,2023-06-28 20:55:00,add_to_cart
E002011,C00252,2023-04-11 13:22:00,add_to_cart
E002012,C00252,2023-02-21 16:08:00,add_to_cart
E002013,C00252,2024-08-21 12:00:00,search
E002014,C00252,2024-07-28 22:44:00,page_view
E002015,C00252,2023-11-03 11:43:00,search
E002016,C00252,2024-09-20 03:11:00,search
E002017,C00253,2023-02-17 06:04:00,app_open
E002018,C00253,2024-01-28 18:33:00,page_view
E002019,C00253,2023-05-01 01:08:00,app_open
E002020,C00253,2025-12-09 22:42:00,search
E002021,C00253,2025-07-31 01:01:00,app_open
E002022,C00253,2024-07-12 06:01:00,app_open
E002023,C00253,2025-07-29 01:35:00,search
E002024,C00253,2024-10-23 03:40:00,app_open
E002025,C00254,2024-12-26 23:25:00,app_open
E002026,C00254,2023-11-05 09:30:00,add_to_cart
E002027,C00254,2023-05-30 12:28:00,app_open
E002028,C00254,2025-09-18 19:19:00,page_view
E002029,C00254,2025-04-03 22:19:00,add_to_cart
E002030,C00254,2023-08-06 15:00:00,add_to_cart
E002031,C00254,2024-11-29 15:01:00,add_to_cart
E002032,C00254,2023-04-18 20:57:00,app_open
E002033,C00255,2024-05-24 19:07:00,search
E002034,C00255,2023-10-04 22:55:00,search
E002035,C00255,2025-12-09 17:14:00,search
E002036,C00255,2024-10-19 08:30:00,add_to_cart
E002037,C00255,2023-01-31 13:14:00,add_to_cart
E002038,C00255,2025-11-24 05:22:00,app_open
E002039,C00255,2025-04-02 00:38:00,page_view
E002040,C00255,2024-09-03 09:10:00,add_to_cart
E002041,C00256,2024-08-08 06:11:00,app_open
E002042,C00256,2025-09-30 04:46:00,page_view
E002043,C00256,2024-09-15 22:29:00,search
E002044,C00256,2025-02-01 00:14:00,add_to_cart
E002045,C00256,2024-11-05 09:50:00,app_open
E002046,C00256,2024-11-29 18:02:00,page_view
E002047,C00256,2024-04-15 06:31:00,page_view
E002048,C00256,2025-08-09 07:05:00,add_to_cart
E002049,C00257,2025-09-11 07:51:00,page_view
E002050,C00257,2024-04-23 17:14:00,add_to_cart
E002051,C00257,2023-03-23 07:39:00,page_view
E002052,C00257,2024-03-05 20:14:00,add_to_cart
E002053,C00257,2023-09-30 23:24:00,page_view
E002054,C00257,2024-02-28 11:22:00,add_to_cart
E002055,C00257,2023-05-04 07:21:00,add_to_cart
E002056,C00257,2024-11-27 19:36:00,search
E002057,C00258,2024-03-21 09:44:00,add_to_cart
E002058,C00258,2023-06-25 13:04:00,add_to_cart
E002059,C00258,2025-11-19 12:48:00,add_to_cart
E002060,C00258,2025-04-16 21:48:00,app_open
E002061,C00258,2025-09-20 07:20:00,app_open
E002062,C00258,2023-11-07 01:28:00,search
E002063,C00258,2023-01-24 22:25:00,search
E002064,C00258,2023-07-27 16:10:00,add_to_cart
E002065,C00259,2023-04-29 15:20:00,app_open
E002066,C00259,2025-09-19 15:20:00,search
E002067,C00259,2023-11-27 17:33:00,page_view
E002068,C00259,2023-11-24 14:19:00,app_open
E002069,C00259,2023-10-07 23:46:00,app_open
E002070,C00259,2024-05-05 11:48:00,app_open
E002071,C00259,2023-12-07 22:43:00,page_view
E002072,C00259,2025-10-15 06:27:00,page_view
E002073,C00260,2023-01-09 09:15:00,app_open
E002074,C00260,2025-11-06 08:14:00,page_view
E002075,C00260,2023-04-23 14:11:00,app_open
E002076,C00260,2024-04-07 18:09:00,app_open
E002077,C00260,2024-09-08 07:41:00,add_to_cart
E002078,C00260,2025-01-26 02:45:00,search
E002079,C00260,2025-11-22 12:02:00,page_view
E002080,C00260,2023-03-31 13:03:00,page_view
E002081,C00261,2023-11-20 14:55:00,app_open
E002082,C00261,2024-11-05 14:40:00,search
E002083,C00261,2023-08-31 12:06:00,search
E002084,C00261,2024-09-07 07:37:00,search
E002085,C00261,2023-03-27 15:23:00,search
E002086,C00261,2023-07-04 07:46:00,app_open
E002087,C00261,2023-06-24 15:01:00,search
E002088,C00261,2023-07-30 08:55:00,app_open
E002089,C00262,2024-01-01 23:52:00,add_to_cart
E002090,C00262,2023-03-02 13:38:00,app_open
E002091,C00262,2023-06-23 05:13:00,add_to_cart
E002092,C00262,2025-06-09 15:16:00,app_open
E002093,C00262,2024-10-28 14:26:00,app_open
E002094,C00262,2024-04-27 15:23:00,page_view
E002095,C00262,2023-08-22 02:52:00,page_view
E002096,C00262,2023-06-17 05:41:00,search
E002097,C00263,2023-08-17 19:13:00,app_open
E002098,C00263,2025-02-09 12:50:00,add_to_cart
E002099,C00263,2024-10-08 01:30:00,search
E002100,C00263,2023-11-08 02:25:00,page_view
E002101,C00263,2025-06-10 01:06:00,search
E002102,C00263,2024-07-27 10:27:00,search
E002103,C00263,2024-06-15 12:54:00,page_view
E002104,C00263,2023-10-02 07:18:00,app_open
E002105,C00264,2024-12-22 09:04:00,page_view
E002106,C00264,2024-05-13 13:00:00,search
E002107,C00264,2023-12-28 20:23:00,search
E002108,C00264,2024-09-27 20:22:00,add_to_cart
E002109,C00264,2025-12-21 10:28:00,page_view
E002110,C00264,2023-01-14 18:51:00,app_open
E002111,C00264,2024-07-16 07:43:00,add_to_cart
E002112,C00264,2025-05-11 02:38:00,page_view
E002113,C00265,2023-01-22 20:26:00,add_to_cart
E002114,C00265,2023-10-09 06:43:00,page_view
E002115,C00265,2025-06-18 06:51:00,search
E002116,C00265,2024-01-29 06:03:00,search
E002117,C00265,2025-08-13 14:07:00,page_view
E002118,C00265,2024-08-10 20:17:00,page_view
E002119,C00265,2025-04-18 18:53:00,add_to_cart
E002120,C00265,2023-08-16 03:03:00,search
E002121,C00266,2024-12-05 07:29:00,add_to_cart
E002122,C00266,2023-02-21 14:30:00,add_to_cart
E002123,C00266,2024-01-03 05:29:00,add_to_cart
E002124,C00266,2025-10-31 00:15:00,app_open
E002125,C00266,2023-07-07 05:48:00,page_view
E002126,C00266,2023-03-14 12:33:00,search
E002127,C00266,2023-04-17 13:29:00,search
E002128,C00266,2023-03-04 17:16:00,search
E002129,C00267,2024-07-02 13:06:00,search
E002130,C00267,2025-12-21 21:54:00,search
E002131,C00267,2024-12-02 12:05:00,search
E002132,C00267,2025-06-17 14:23:00,search
E002133,C00267,2024-04-24 11:54:00,app_open
E002134,C00267,2025-04-11 05:24:00,app_open
E002135,C00267,2024-04-27 14:49:00,app_open
E002136,C00267,2025-02-23 11:49:00,page_view
E002137,C00268,2023-08-11 08:47:00,page_view
E002138,C00268,2025-01-31 06:44:00,page_view
E002139,C00268,2024-12-01 10:14:00,search
E002140,C00268,2025-09-03 10:34:00,add_to_cart
E002141,C00268,2023-11-09 05:45:00,add_to_cart
E002142,C00268,2024-03-23 02:21:00,search
E002143,C00268,2024-07-10 01:19:00,add_to_cart
E002144,C00268,2024-07-24 07:05:00,add_to_cart
E002145,C00269,2023-05-20 20:19:00,page_view
E002146,C00269,2024-07-24 18:30:00,app_open
E002147,C00269,2023-06-08 13:10:00,page_view
E002148,C00269,2025-05-25 19:54:00,app_open
E002149,C00269,2025-09-07 18:14:00,app_open
E002150,C00269,2024-12-06 18:31:00,search
E002151,C00269,2024-05-06 01:40:00,add_to_cart
E002152,C00269,2024-11-06 13:21:00,search
E002153,C00270,2023-06-19 18:50:00,search
E002154,C00270,2025-01-17 22:29:00,add_to_cart
E002155,C00270,2024-12-31 21:00:00,add_to_cart
E002156,C00270,2024-12-06 11:31:00,app_open
E002157,C00270,2025-06-05 15:09:00,add_to_cart
E002158,C00270,2023-01-15 16:47:00,page_view
E002159,C00270,2024-09-25 04:30:00,page_view
E002160,C00270,2023-03-27 20:27:00,search
E002161,C00271,2025-09-28 22:23:00,search
E002162,C00271,2024-09-01 19:47:00,app_open
E002163,C00271,2024-06-09 20:03:00,page_view
E002164,C00271,2023-07-05 15:01:00,add_to_cart
E002165,C00271,2025-07-02 06:01:00,app_open
E002166,C00271,2023-11-15 23:58:00,page_view
E002167,C00271,2023-12-25 16:47:00,page_view
E002168,C00271,2025-12-19 11:00:00,search
E002169,C00272,2025-05-06 06:53:00,app_open
E002170,C00272,2024-09-28 13:10:00,app_open
E002171,C00272,2024-03-01 00:02:00,app_open
E002172,C00272,2023-10-25 20:14:00,page_view
E002173,C00272,2024-03-16 20:52:00,add_to_cart
E002174,C00272,2024-05-10 01:43:00,search
E002175,C00272,2023-11-01 16:10:00,add_to_cart
E002176,C00272,2025-06-19 01:51:00,search
E002177,C00273,2024-05-15 20:50:00,search
E002178,C00273,2023-12-09 02:12:00,search
E002179,C00273,2023-11-11 19:29:00,add_to_cart
E002180,C00273,2025-03-21 18:01:00,page_view
E002181,C00273,2024-11-12 19:26:00,search
E002182,C00273,2024-05-19 17:01:00,add_to_cart
E002183,C00273,2023-08-16 18:57:00,app_open
E002184,C00273,2025-08-13 17:49:00,page_view
E002185,C00274,2025-02-02 10:59:00,app_open
E002186,C00274,2025-01-23 16:45:00,app_open
E002187,C00274,2023-12-11 18:27:00,app_open
E002188,C00274,2023-09-21 21:57:00,search
E002189,C00274,2025-08-26 23:01:00,app_open
E002190,C00274,2025-01-10 15:34:00,add_to_cart
E002191,C00274,2025-02-17 00:35:00,add_to_cart
E002192,C00274,2024-03-12 23:13:00,app_open
E002193,C00275,2024-09-06 03:27:00,page_view
E002194,C00275,2024-04-26 21:40:00,app_open
E002195,C00275,2023-02-07 07:18:00,app_open
E002196,C00275,2023-03-17 14:53:00,add_to_cart
E002197,C00275,2025-04-16 12:08:00,search
E002198,C00275,2024-05-22 06:40:00,search
E002199,C00275,2024-09-01 17:28:00,page_view
E002200,C00275,2023-11-26 00:00:00,search
E002201,C00276,2023-12-12 07:06:00,page_view
E002202,C00276,2023-04-03 07:58:00,add_to_cart
E002203,C00276,2023-06-29 05:45:00,app_open
E002204,C00276,2025-03-06 16:47:00,page_view
E002205,C00276,2024-11-21 14:55:00,app_open
E002206,C00276,2024-04-12 03:23:00,page_view
E002207,C00276,2023-01-25 03:49:00,search
E002208,C00276,2024-09-15 02:14:00,add_to_cart
E002209,C00277,2025-08-13 19:41:00,search
E002210,C00277,2023-11-02 18:09:00,page_view
E002211,C00277,2025-12-09 00:32:00,app_open
E002212,C00277,2023-05-20 01:02:00,app_open
E002213,C00277,2023-04-03 07:15:00,add_to_cart
E002214,C00277,2023-12-22 17:48:00,add_to_cart
E002215,C00277,2024-04-28 01:20:00,add_to_cart
E002216,C00277,2023-08-08 07:54:00,add_to_cart
E002217,C00278,2024-07-25 02:56:00,add_to_cart
E002218,C00278,2025-08-16 07:29:00,add_to_cart
E002219,C00278,2024-05-27 09:38:00,page_view
E002220,C00278,2023-02-16 02:34:00,add_to_cart
E002221,C00278,2023-05-17 16:43:00,add_to_cart
E002222,C00278,2025-11-23 19:07:00,app_open
E002223,C00278,2023-04-04 03:20:00,app_open
E002224,C00278,2023-11-24 14:24:00,app_open
E002225,C00279,2025-03-23 22:44:00,page_view
E002226,C00279,2024-09-28 19:58:00,page_view
E002227,C00279,2024-08-30 23:55:00,page_view
E002228,C00279,2025-09-21 17:08:00,page_view
E002229,C00279,2024-06-08 19:13:00,page_view
E002230,C00279,2023-04-19 17:44:00,app_open
E002231,C00279,2025-10-09 02:17:00,add_to_cart
E002232,C00279,2023-01-26 12:47:00,page_view
E002233,C00280,2023-05-07 12:00:00,search
E002234,C00280,2025-04-25 23:19:00,add_to_cart
E002235,C00280,2025-09-07 08:54:00,page_view
E002236,C00280,2025-04-09 12:03:00,search
E002237,C00280,2025-07-08 06:36:00,add_to_cart
E002238,C00280,2025-01-13 10:50:00,add_to_cart
E002239,C00280,2024-03-04 15:14:00,page_view
E002240,C00280,2024-03-06 00:15:00,page_view
E002241,C00281,2025-11-21 06:49:00,app_open
E002242,C00281,2024-10-21 19:50:00,page_view
E002243,C00281,2024-09-19 09:27:00,add_to_cart
E002244,C00281,2023-07-29 20:44:00,app_open
E002245,C00281,2025-04-10 10:07:00,search
E002246,C00281,2024-11-25 23:38:00,search
E002247,C00281,2025-06-15 09:48:00,add_to_cart
E002248,C00281,2024-02-26 08:52:00,app_open
E002249,C00282,2025-05-30 01:09:00,add_to_cart
E002250,C00282,2025-10-04 03:31:00,add_to_cart
E002251,C00282,2023-07-26 13:24:00,app_open
E002252,C00282,2023-02-07 11:27:00,app_open
E002253,C00282,2025-10-28 22:19:00,add_to_cart
E002254,C00282,2024-11-03 10:42:00,search
E002255,C00282,2025-10-18 17:57:00,add_to_cart
E002256,C00282,2025-02-08 13:42:00,add_to_cart
E002257,C00283,2023-12-28 23:13:00,page_view
E002258,C00283,2025-07-12 03:00:00,page_view
E002259,C00283,2023-02-05 20:14:00,add_to_cart
E002260,C00283,2025-10-22 18:25:00,page_view
E002261,C00283,2024-07-31 23:35:00,add_to_cart
E002262,C00283,2023-12-20 07:52:00,search
E002263,C00283,2024-01-05 21:37:00,app_open
E002264,C00283,2025-06-06 11:57:00,search
E002265,C00284,2024-08-08 01:17:00,add_to_cart
E002266,C00284,2025-03-11 20:20:00,page_view
E002267,C00284,2023-11-06 01:34:00,app_open
E002268,C00284,2024-03-03 16:47:00,add_to_cart
E002269,C00284,2025-04-21 22:04:00,page_view
E002270,C00284,2023-01-22 14:33:00,app_open
E002271,C00284,2025-03-02 16:51:00,page_view
E002272,C00284,2024-05-01 12:20:00,app_open
E002273,C00285,2023-05-12 21:36:00,page_view
E002274,C00285,2025-12-05 22:04:00,app_open
E002275,C00285,2023-10-20 05:52:00,page_view
E002276,C00285,2024-08-08 16:15:00,add_to_cart
E002277,C00285,2024-12-11 20:53:00,app_open
E002278,C00285,2023-06-20 20:55:00,app_open
E002279,C00285,2023-11-08 12:56:00,search
E002280,C00285,2023-08-20 07:18:00,add_to_cart
E002281,C00286,2024-11-25 10:52:00,app_open
E002282,C00286,2023-06-12 12:53:00,search
E002283,C00286,2024-04-21 13:32:00,add_to_cart
E002284,C00286,2024-04-19 04:09:00,search
E002285,C00286,2025-08-22 21:27:00,app_open
E002286,C00286,2023-08-17 17:17:00,page_view
E002287,C00286,2025-10-29 23:56:00,search
E002288,C00286,2025-04-28 07:33:00,search
E002289,C00287,2024-04-10 03:43:00,search
E002290,C00287,2025-04-22 03:02:00,page_view
E002291,C00287,2023-10-19 17:29:00,add_to_cart
E002292,C00287,2023-10-19 10:24:00,page_view
E002293,C00287,2025-12-30 12:29:00,app_open
E002294,C00287,2023-03-21 11:36:00,app_open
E002295,C00287,2024-01-25 23:44:00,page_view
E002296,C00287,2025-03-06 12:10:00,app_open
E002297,C00288,2024-05-21 03:24:00,app_open
E002298,C00288,2025-03-14 12:09:00,app_open
E002299,C00288,2025-01-14 20:31:00,add_to_cart
E002300,C00288,2025-07-31 04:54:00,page_view
E002301,C00288,2024-01-09 16:40:00,add_to_cart
E002302,C00288,2025-01-12 19:08:00,app_open
E002303,C00288,2024-09-09 05:54:00,add_to_cart
E002304,C00288,2025-07-11 07:52:00,app_open
E002305,C00289,2025-09-02 13:32:00,app_open
E002306,C00289,2023-03-19 01:17:00,search
E002307,C00289,2023-06-08 06:21:00,add_to_cart
E002308,C00289,2025-07-03 16:31:00,add_to_cart
E002309,C00289,2025-03-24 08:48:00,search
E002310,C00289,2023-06-22 07:45:00,add_to_cart
E002311,C00289,2024-09-15 07:07:00,add_to_cart
E002312,C00289,2025-07-11 05:18:00,app_open
E002313,C00290,2024-10-06 06:21:00,page_view
E002314,C00290,2025-10-08 20:05:00,search
E002315,C00290,2025-05-05 15:45:00,page_view
E002316,C00290,2024-09-11 11:58:00,app_open
E002317,C00290,2024-06-03 10:14:00,app_open
E002318,C00290,2025-06-22 22:59:00,page_view
E002319,C00290,2023-10-08 20:21:00,app_open
E002320,C00290,2024-10-05 00:37:00,search
E002321,C00291,2024-05-28 20:14:00,search
E002322,C00291,2024-12-21 20:20:00,add_to_cart
E002323,C00291,2024-10-18 21:34:00,search
E002324,C00291,2023-09-04 23:48:00,app_open
E002325,C00291,2024-05-31 06:07:00,add_to_cart
E002326,C00291,2025-06-29 00:58:00,app_open
E002327,C00291,2025-12-27 03:48:00,page_view
E002328,C00291,2025-05-31 16:59:00,page_view
E002329,C00292,2023-12-31 20:11:00,search
E002330,C00292,2023-03-27 06:21:00,add_to_cart
E002331,C00292,2023-04-20 09:12:00,page_view
E002332,C00292,2023-07-10 00:00:00,page_view
E002333,C00292,2023-08-30 07:41:00,add_to_cart
E002334,C00292,2025-05-07 01:24:00,add_to_cart
E002335,C00292,2023-02-28 02:10:00,page_view
E002336,C00292,2025-04-02 22:44:00,page_view
E002337,C00293,2023-05-09 21:40:00,app_open
E002338,C00293,2024-05-17 20:03:00,app_open
E002339,C00293,2024-02-14 11:13:00,search
E002340,C00293,2024-11-28 15:19:00,app_open
E002341,C00293,2024-05-19 05:24:00,add_to_cart
E002342,C00293,2024-05-13 15:34:00,search
E002343,C00293,2024-06-14 17:49:00,search
E002344,C00293,2024-10-17 00:06:00,app_open
E002345,C00294,2025-09-23 15:24:00,search
E002346,C00294,2024-10-04 04:47:00,page_view
E002347,C00294,2024-04-13 12:24:00,search
E002348,C00294,2023-08-25 05:26:00,add_to_cart
E002349,C00294,2023-01-17 22:20:00,app_open
E002350,C00294,2023-05-02 11:19:00,search
E002351,C00294,2023-01-09 15:37:00,page_view
E002352,C00294,2025-05-23 16:24:00,app_open
E002353,C00295,2024-03-24 15:26:00,search
E002354,C00295,2023-08-09 11:33:00,page_view
E002355,C00295,2023-11-25 12:13:00,page_view
E002356,C00295,2023-02-06 21:02:00,add_to_cart
E002357,C00295,2024-07-23 23:04:00,add_to_cart
E002358,C00295,2023-11-03 22:05:00,app_open
E002359,C00295,2024-03-30 13:32:00,app_open
E002360,C00295,2024-12-19 10:39:00,page_view
E002361,C00296,2023-04-27 05:01:00,search
E002362,C00296,2023-03-21 19:18:00,add_to_cart
E002363,C00296,2025-12-21 15:53:00,app_open
E002364,C00296,2023-05-20 15:01:00,add_to_cart
E002365,C00296,2025-12-14 03:18:00,app_open
E002366,C00296,2023-12-11 00:19:00,app_open
E002367,C00296,2025-07-27 21:00:00,app_open
E002368,C00296,2025-09-24 00:22:00,page_view
E002369,C00297,2025-08-08 11:37:00,search
E002370,C00297,2025-01-18 14:37:00,search
E002371,C00297,2025-10-04 17:47:00,add_to_cart
E002372,C00297,2025-03-29 22:57:00,app_open
E002373,C00297,2023-01-18 03:50:00,search
E002374,C00297,2024-11-16 03:50:00,app_open
E002375,C00297,2024-10-25 20:58:00,app_open
E002376,C00297,2023-07-14 15:44:00,page_view
E002377,C00298,2024-04-05 13:42:00,add_to_cart
E002378,C00298,2024-02-09 10:18:00,add_to_cart
E002379,C00298,2024-08-12 09:49:00,search
E002380,C00298,2024-02-15 12:16:00,app_open
E002381,C00298,2023-06-04 11:05:00,add_to_cart
E002382,C00298,2024-08-31 11:48:00,add_to_cart
E002383,C00298,2024-01-05 17:48:00,app_open
E002384,C00298,2025-02-02 22:51:00,app_open
E002385,C00299,2024-07-08 13:07:00,page_view
E002386,C00299,2024-05-06 21:46:00,page_view
E002387,C00299,2025-09-02 19:52:00,add_to_cart
E002388,C00299,2024-02-11 10:29:00,app_open
E002389,C00299,2024-01-17 21:04:00,search
E002390,C00299,2025-01-28 05:20:00,app_open
E002391,C00299,2025-11-01 20:04:00,search
E002392,C00299,2024-07-12 14:02:00,app_open
E002393,C00300,2025-11-02 06:29:00,search
E002394,C00300,2025-12-03 06:05:00,page_view
E002395,C00300,2024-01-07 19:24:00,app_open
E002396,C00300,2024-11-01 08:59:00,search
E002397,C00300,2025-11-29 16:24:00,search
E002398,C00300,2025-09-02 15:30:00,search
E002399,C00300,2024-04-24 08:04:00,page_view
E002400,C00300,2024-06-12 12:33:00,app_open
E002401,C00301,2024-12-10 06:10:00,search
E002402,C00301,2024-04-07 00:29:00,search
E002403,C00301,2025-03-26 06:42:00,add_to_cart
E002404,C00301,2025-06-01 03:48:00,page_view
E002405,C00301,2024-10-21 11:26:00,add_to_cart
E002406,C00301,2025-01-23 13:14:00,add_to_cart
E002407,C00301,2025-07-04 03:07:00,app_open
E002408,C00301,2025-10-16 18:34:00,search
E002409,C00302,2025-10-17 07:46:00,page_view
E002410,C00302,2024-09-19 08:20:00,app_open
E002411,C00302,2024-11-20 14:01:00,add_to_cart
E002412,C00302,2023-04-14 23:20:00,app_open
E002413,C00302,2023-05-02 00:10:00,page_view
E002414,C00302,2023-01-30 10:55:00,search
E002415,C00302,2023-01-16 06:41:00,add_to_cart
E002416,C00302,2023-02-02 06:31:00,add_to_cart
E002417,C00303,2023-04-29 21:15:00,page_view
E002418,C00303,2024-05-21 09:45:00,app_open
E002419,C00303,2025-07-10 06:02:00,search
E002420,C00303,2025-06-25 13:31:00,app_open
E002421,C00303,2024-03-17 22:14:00,search
E002422,C00303,2023-02-05 19:06:00,page_view
E002423,C00303,2024-03-24 16:41:00,add_to_cart
E002424,C00303,2025-04-20 15:57:00,app_open
E002425,C00304,2024-04-24 08:00:00,add_to_cart
E002426,C00304,2025-07-12 13:23:00,app_open
E002427,C00304,2024-09-07 05:52:00,search
E002428,C00304,2024-05-23 23:02:00,add_to_cart
E002429,C00304,2024-11-30 14:02:00,add_to_cart
E002430,C00304,2025-09-27 23:05:00,page_view
E002431,C00304,2024-05-29 12:02:00,search
E002432,C00304,2025-09-02 20:37:00,add_to_cart
E002433,C00305,2025-05-17 06:40:00,search
E002434,C00305,2025-10-18 18:46:00,app_open
E002435,C00305,2025-06-29 18:31:00,page_view
E002436,C00305,2023-05-01 10:06:00,search
E002437,C00305,2025-12-16 05:13:00,app_open
E002438,C00305,2023-12-09 21:30:00,app_open
E002439,C00305,2025-08-09 19:35:00,add_to_cart
E002440,C00305,2025-04-13 15:21:00,page_view
E002441,C00306,2024-12-04 06:30:00,app_open
E002442,C00306,2023-07-21 06:17:00,search
E002443,C00306,2024-02-14 12:36:00,add_to_cart
E002444,C00306,2024-12-25 18:08:00,search
E002445,C00306,2023-01-08 06:46:00,page_view
E002446,C00306,2023-01-25 18:52:00,page_view
E002447,C00306,2024-08-21 02:08:00,search
E002448,C00306,2025-07-14 06:35:00,add_to_cart
E002449,C00307,2023-09-11 05:33:00,app_open
E002450,C00307,2023-07-14 13:59:00,search
E002451,C00307,2025-03-01 22:53:00,page_view
E002452,C00307,2024-07-14 17:48:00,app_open
E002453,C00307,2024-07-14 12:45:00,page_view
E002454,C00307,2023-01-27 02:57:00,search
E002455,C00307,2025-10-25 15:15:00,page_view
E002456,C00307,2025-07-08 05:24:00,add_to_cart
E002457,C00308,2025-06-01 07:41:00,search
E002458,C00308,2023-11-12 20:30:00,search
E002459,C00308,2023-08-25 13:24:00,add_to_cart
E002460,C00308,2024-03-11 19:14:00,page_view
E002461,C00308,2023-09-06 11:04:00,search
E002462,C00308,2025-08-13 03:53:00,app_open
E002463,C00308,2025-09-20 06:44:00,page_view
E002464,C00308,2025-12-03 11:30:00,app_open
E002465,C00309,2023-08-12 20:18:00,add_to_cart
E002466,C00309,2023-12-24 08:58:00,search
E002467,C00309,2023-06-27 19:16:00,search
E002468,C00309,2025-08-08 03:16:00,app_open
E002469,C00309,2024-04-21 11:15:00,search
E002470,C00309,2024-09-13 01:47:00,app_open
E002471,C00309,2025-06-19 20:55:00,add_to_cart
E002472,C00309,2024-04-05 12:53:00,page_view
E002473,C00310,2024-06-23 17:08:00,search
E002474,C00310,2023-06-06 16:49:00,search
E002475,C00310,2023-02-15 06:32:00,search
E002476,C00310,2025-12-02 18:23:00,search
E002477,C00310,2025-07-27 21:17:00,add_to_cart
E002478,C00310,2025-07-08 01:39:00,add_to_cart
E002479,C00310,2025-06-23 10:25:00,search
E002480,C00310,2025-05-31 16:00:00,add_to_cart
E002481,C00311,2024-02-24 09:42:00,search
E002482,C00311,2025-01-09 09:53:00,app_open
E002483,C00311,2024-06-20 07:01:00,app_open
E002484,C00311,2023-03-26 05:17:00,search
E002485,C00311,2024-10-18 16:19:00,app_open
E002486,C00311,2024-12-28 03:32:00,add_to_cart
E002487,C00311,2024-10-17 06:46:00,search
E002488,C00311,2023-05-07 18:58:00,add_to_cart
E002489,C00312,2023-07-04 20:41:00,page_view
E002490,C00312,2025-02-10 00:01:00,page_view
E002491,C00312,2024-05-23 03:26:00,add_to_cart
E002492,C00312,2025-01-08 13:34:00,search
E002493,C00312,2025-08-10 18:20:00,page_view
E002494,C00312,2023-11-01 02:02:00,add_to_cart
E002495,C00312,2024-04-20 11:44:00,add_to_cart
E002496,C00312,2025-06-04 19:08:00,app_open
E002497,C00313,2024-05-22 02:22:00,app_open
E002498,C00313,2024-12-08 20:45:00,page_view
E002499,C00313,2024-08-08 12:19:00,page_view
E002500,C00313,2025-02-11 08:54:00,page_view
E002501,C00313,2023-07-11 00:42:00,app_open
E002502,C00313,2024-06-10 08:51:00,page_view
E002503,C00313,2023-04-03 08:26:00,page_view
E002504,C00313,2023-07-29 05:34:00,app_open
E002505,C00314,2024-05-23 08:58:00,app_open
E002506,C00314,2025-10-19 19:20:00,app_open
E002507,C00314,2024-10-19 02:57:00,page_view
E002508,C00314,2024-10-19 16:38:00,search
E002509,C00314,2024-10-06 21:33:00,page_view
E002510,C00314,2023-09-06 23:36:00,add_to_cart
E002511,C00314,2024-04-18 08:17:00,add_to_cart
E002512,C00314,2025-01-02 00:26:00,page_view
E002513,C00315,2023-10-05 23:38:00,search
E002514,C00315,2023-03-18 12:41:00,add_to_cart
E002515,C00315,2025-07-29 09:53:00,page_view
E002516,C00315,2023-05-03 10:02:00,search
E002517,C00315,2025-02-14 22:18:00,page_view
E002518,C00315,2025-01-16 08:50:00,page_view
E002519,C00315,2025-08-11 06:43:00,add_to_cart
E002520,C00315,2025-01-30 20:35:00,search
E002521,C00316,2025-10-18 23:43:00,page_view
E002522,C00316,2025-08-14 21:02:00,add_to_cart
E002523,C00316,2025-11-13 10:02:00,app_open
E002524,C00316,2023-04-05 17:13:00,app_open
E002525,C00316,2024-10-09 20:24:00,page_view
E002526,C00316,2024-04-20 14:43:00,page_view
E002527,C00316,2024-04-29 13:55:00,page_view
E002528,C00316,2025-05-19 19:53:00,app_open
E002529,C00317,2024-12-02 00:45:00,search
E002530,C00317,2024-08-17 12:56:00,page_view
E002531,C00317,2024-01-08 23:41:00,page_view
E002532,C00317,2023-02-22 07:55:00,add_to_cart
E002533,C00317,2025-11-22 04:59:00,app_open
E002534,C00317,2023-07-26 06:17:00,add_to_cart
E002535,C00317,2024-08-16 12:37:00,add_to_cart
E002536,C00317,2025-08-05 07:24:00,page_view
E002537,C00318,2025-10-14 02:34:00,page_view
E002538,C00318,2023-06-12 01:32:00,add_to_cart
E002539,C00318,2024-06-16 19:25:00,page_view
E002540,C00318,2024-05-08 08:28:00,page_view
E002541,C00318,2023-07-24 21:56:00,add_to_cart
E002542,C00318,2024-10-26 02:29:00,search
E002543,C00318,2025-10-24 04:21:00,search
E002544,C00318,2023-06-12 20:32:00,add_to_cart
E002545,C00319,2024-05-20 03:38:00,search
E002546,C00319,2025-05-16 04:28:00,add_to_cart
E002547,C00319,2024-04-17 11:57:00,search
E002548,C00319,2023-04-06 22:25:00,search
E002549,C00319,2023-06-21 19:19:00,app_open
E002550,C00319,2024-03-19 18:58:00,search
E002551,C00319,2023-08-09 10:34:00,page_view
E002552,C00319,2025-07-02 13:09:00,app_open
E002553,C00320,2025-01-07 12:00:00,search
E002554,C00320,2025-11-23 11:41:00,app_open
E002555,C00320,2024-01-08 17:49:00,page_view
E002556,C00320,2025-09-05 20:26:00,add_to_cart
E002557,C00320,2023-03-19 10:52:00,add_to_cart
E002558,C00320,2024-09-30 23:17:00,search
E002559,C00320,2024-12-05 07:40:00,add_to_cart
E002560,C00320,2023-06-05 12:32:00,app_open
E002561,C00321,2025-08-20 19:51:00,add_to_cart
E002562,C00321,2024-08-30 21:42:00,app_open
E002563,C00321,2023-03-21 08:20:00,page_view
E002564,C00321,2025-04-27 07:18:00,add_to_cart
E002565,C00321,2024-10-04 05:06:00,add_to_cart
E002566,C00321,2025-10-29 05:36:00,search
E002567,C00321,2024-05-22 17:31:00,page_view
E002568,C00321,2024-11-30 12:08:00,add_to_cart
E002569,C00322,2024-06-25 18:34:00,add_to_cart
E002570,C00322,2023-10-22 21:42:00,app_open
E002571,C00322,2024-03-18 23:01:00,search
E002572,C00322,2023-11-02 08:06:00,app_open
E002573,C00322,2024-06-17 02:37:00,add_to_cart
E002574,C00322,2023-11-06 18:50:00,page_view
E002575,C00322,2023-11-29 05:53:00,app_open
E002576,C00322,2024-03-06 16:28:00,page_view
E002577,C00323,2024-07-12 07:37:00,app_open
E002578,C00323,2023-01-26 10:47:00,search
E002579,C00323,2025-06-12 02:22:00,search
E002580,C00323,2024-03-16 17:40:00,add_to_cart
E002581,C00323,2025-05-20 16:53:00,search
E002582,C00323,2023-09-06 02:55:00,add_to_cart
E002583,C00323,2024-11-07 22:12:00,app_open
E002584,C00323,2025-04-11 01:30:00,add_to_cart
E002585,C00324,2023-10-30 05:43:00,page_view
E002586,C00324,2025-04-05 13:58:00,search
E002587,C00324,2023-04-30 08:33:00,app_open
E002588,C00324,2023-03-27 01:59:00,search
E002589,C00324,2023-11-05 09:02:00,page_view
E002590,C00324,2025-10-23 22:39:00,search
E002591,C00324,2025-08-12 22:05:00,add_to_cart
E002592,C00324,2024-05-03 08:03:00,search
E002593,C00325,2025-10-18 22:41:00,search
E002594,C00325,2023-10-25 22:30:00,page_view
E002595,C00325,2023-04-02 17:09:00,app_open
E002596,C00325,2023-01-20 20:46:00,add_to_cart
E002597,C00325,2025-03-29 06:14:00,app_open
E002598,C00325,2023-06-06 06:37:00,app_open
E002599,C00325,2024-03-04 16:31:00,page_view
E002600,C00325,2024-12-25 01:09:00,add_to_cart
E002601,C00326,2025-08-14 01:33:00,page_view
E002602,C00326,2023-05-27 04:28:00,add_to_cart
E002603,C00326,2024-01-05 15:27:00,add_to_cart
E002604,C00326,2023-09-21 11:15:00,app_open
E002605,C00326,2023-04-30 22:43:00,add_to_cart
E002606,C00326,2023-03-24 05:44:00,page_view
E002607,C00326,2024-02-28 12:00:00,add_to_cart
E002608,C00326,2025-09-27 13:19:00,page_view
E002609,C00327,2025-07-03 09:28:00,search
E002610,C00327,2025-07-28 01:40:00,page_view
E002611,C00327,2024-04-10 14:43:00,add_to_cart
E002612,C00327,2025-04-12 14:33:00,app_open
E002613,C00327,2025-01-02 14:01:00,page_view
E002614,C00327,2023-09-10 04:53:00,page_view
E002615,C00327,2024-03-08 13:11:00,app_open
E002616,C00327,2023-07-09 06:17:00,search
E002617,C00328,2025-09-21 23:22:00,page_view
E002618,C00328,2025-04-16 05:00:00,search
E002619,C00328,2025-07-31 11:41:00,app_open
E002620,C00328,2024-11-21 10:37:00,app_open
E002621,C00328,2024-08-29 20:22:00,page_view
E002622,C00328,2023-05-27 12:16:00,app_open
E002623,C00328,2024-07-18 05:45:00,add_to_cart
E002624,C00328,2024-04-08 09:02:00,search
E002625,C00329,2023-07-20 16:51:00,page_view
E002626,C00329,2023-09-04 20:38:00,search
E002627,C00329,2023-05-23 05:19:00,app_open
E002628,C00329,2024-12-07 19:57:00,page_view
E002629,C00329,2024-03-05 17:53:00,add_to_cart
E002630,C00329,2024-04-02 10:21:00,add_to_cart
E002631,C00329,2024-04-27 15:28:00,add_to_cart
E002632,C00329,2023-06-24 07:29:00,add_to_cart
E002633,C00330,2023-05-10 16:54:00,page_view
E002634,C00330,2025-02-13 20:35:00,app_open
E002635,C00330,2024-04-10 07:28:00,search
E002636,C00330,2023-11-17 10:19:00,search
E002637,C00330,2023-08-02 19:48:00,page_view
E002638,C00330,2023-10-07 19:13:00,app_open
E002639,C00330,2024-10-31 07:24:00,search
E002640,C00330,2024-04-07 16:03:00,app_open
E002641,C00331,2024-11-04 23:41:00,search
E002642,C00331,2023-07-14 08:14:00,add_to_cart
E002643,C00331,2023-08-23 21:44:00,app_open
E002644,C00331,2023-09-15 12:08:00,add_to_cart
E002645,C00331,2025-10-22 11:57:00,add_to_cart
E002646,C00331,2023-04-13 07:43:00,search
E002647,C00331,2023-06-14 22:15:00,app_open
E002648,C00331,2023-04-05 07:03:00,page_view
E002649,C00332,2023-04-03 20:42:00,add_to_cart
E002650,C00332,2024-01-16 07:11:00,search
E002651,C00332,2024-06-08 09:17:00,search
E002652,C00332,2025-02-06 20:16:00,search
E002653,C00332,2023-07-21 01:34:00,search
E002654,C00332,2025-02-10 06:55:00,app_open
E002655,C00332,2024-05-06 23:08:00,search
E002656,C00332,2023-02-14 19:27:00,page_view
E002657,C00333,2024-11-14 20:54:00,app_open
E002658,C00333,2024-04-10 16:59:00,add_to_cart
E002659,C00333,2023-04-21 11:21:00,app_open
E002660,C00333,2023-12-01 07:21:00,search
E002661,C00333,2024-02-28 02:57:00,app_open
E002662,C00333,2024-06-28 05:43:00,add_to_cart
E002663,C00333,2024-12-27 22:21:00,page_view
E002664,C00333,2025-08-29 08:11:00,page_view
E002665,C00334,2025-12-16 21:47:00,app_open
E002666,C00334,2025-03-14 18:01:00,page_view
E002667,C00334,2024-05-25 17:38:00,app_open
E002668,C00334,2024-01-29 00:58:00,page_view
E002669,C00334,2025-05-04 10:23:00,add_to_cart
E002670,C00334,2024-12-22 12:08:00,page_view
E002671,C00334,2023-10-10 23:14:00,app_open
E002672,C00334,2025-11-08 00:45:00,add_to_cart
E002673,C00335,2024-04-10 15:52:00,add_to_cart
E002674,C00335,2025-03-10 05:58:00,page_view
E002675,C00335,2023-03-17 08:44:00,search
E002676,C00335,2023-06-27 08:36:00,search
E002677,C00335,2023-12-02 22:21:00,page_view
E002678,C00335,2023-04-08 20:57:00,app_open
E002679,C00335,2024-04-28 10:44:00,add_to_cart
E002680,C00335,2025-01-14 22:33:00,app_open
E002681,C00336,2025-08-22 20:41:00,app_open
E002682,C00336,2023-07-05 09:17:00,add_to_cart
E002683,C00336,2023-11-16 06:32:00,add_to_cart
E002684,C00336,2024-04-29 05:17:00,page_view
E002685,C00336,2023-07-25 01:55:00,page_view
E002686,C00336,2025-07-26 15:57:00,page_view
E002687,C00336,2025-06-09 00:14:00,search
E002688,C00336,2025-08-05 09:06:00,app_open
E002689,C00337,2023-07-10 14:20:00,search
E002690,C00337,2023-06-12 14:12:00,page_view
E002691,C00337,2023-04-17 09:47:00,page_view
E002692,C00337,2025-10-16 20:31:00,search
E002693,C00337,2025-07-20 03:55:00,add_to_cart
E002694,C00337,2023-07-27 03:05:00,add_to_cart
E002695,C00337,2024-02-15 03:19:00,app_open
E002696,C00337,2024-12-22 18:44:00,app_open
E002697,C00338,2024-11-25 23:04:00,app_open
E002698,C00338,2023-03-21 22:40:00,page_view
E002699,C00338,2024-01-07 08:42:00,page_view
E002700,C00338,2024-04-10 02:03:00,page_view
E002701,C00338,2024-04-12 06:46:00,add_to_cart
E002702,C00338,2025-10-28 21:33:00,add_to_cart
E002703,C00338,2023-12-18 20:59:00,page_view
E002704,C00338,2023-10-18 10:27:00,add_to_cart
E002705,C00339,2025-06-21 12:59:00,app_open
E002706,C00339,2024-06-18 03:19:00,search
E002707,C00339,2025-01-01 19:02:00,add_to_cart
E002708,C00339,2025-02-04 13:36:00,add_to_cart
E002709,C00339,2025-09-08 17:49:00,add_to_cart
E002710,C00339,2023-05-25 17:15:00,search
E002711,C00339,2024-05-03 07:08:00,page_view
E002712,C00339,2025-05-05 05:15:00,search
E002713,C00340,2023-05-04 13:38:00,app_open
E002714,C00340,2025-09-15 09:35:00,app_open
E002715,C00340,2025-10-09 21:24:00,search
E002716,C00340,2025-11-03 06:05:00,search
E002717,C00340,2023-02-01 06:31:00,app_open
E002718,C00340,2024-12-28 13:01:00,add_to_cart
E002719,C00340,2024-12-03 13:40:00,add_to_cart
E002720,C00340,2023-10-11 16:55:00,add_to_cart
E002721,C00341,2023-09-01 11:59:00,page_view
E002722,C00341,2024-02-17 22:08:00,search
E002723,C00341,2024-03-10 02:30:00,add_to_cart
E002724,C00341,2025-06-25 01:04:00,app_open
E002725,C00341,2024-10-28 21:58:00,search
E002726,C00341,2025-06-30 17:21:00,page_view
E002727,C00341,2023-11-23 19:06:00,page_view
E002728,C00341,2023-01-29 16:07:00,app_open
E002729,C00342,2024-02-28 15:30:00,page_view
E002730,C00342,2023-07-28 20:04:00,add_to_cart
E002731,C00342,2024-06-15 23:42:00,page_view
E002732,C00342,2024-01-17 19:24:00,add_to_cart
E002733,C00342,2025-07-25 16:05:00,page_view
E002734,C00342,2023-09-30 15:30:00,app_open
E002735,C00342,2023-04-13 10:50:00,page_view
E002736,C00342,2025-06-29 03:46:00,add_to_cart
E002737,C00343,2024-05-18 12:10:00,search
E002738,C00343,2025-02-24 00:59:00,page_view
E002739,C00343,2025-02-24 21:26:00,add_to_cart
E002740,C00343,2025-03-29 13:33:00,app_open
E002741,C00343,2024-02-10 05:35:00,page_view
E002742,C00343,2023-10-03 09:54:00,app_open
E002743,C00343,2025-08-06 07:43:00,search
E002744,C00343,2024-10-18 21:24:00,page_view
E002745,C00344,2024-09-02 03:17:00,page_view
E002746,C00344,2023-03-20 09:35:00,add_to_cart
E002747,C00344,2024-11-30 19:40:00,search
E002748,C00344,2024-12-05 12:47:00,search
E002749,C00344,2024-11-25 04:43:00,app_open
E002750,C00344,2024-07-07 21:58:00,add_to_cart
E002751,C00344,2023-12-14 13:55:00,add_to_cart
E002752,C00344,2024-05-18 10:24:00,add_to_cart
E002753,C00345,2023-02-06 07:13:00,app_open
E002754,C00345,2023-12-10 11:19:00,search
E002755,C00345,2025-11-25 00:59:00,add_to_cart
E002756,C00345,2024-03-18 23:36:00,page_view
E002757,C00345,2025-03-21 01:50:00,app_open
E002758,C00345,2024-04-08 21:51:00,search
E002759,C00345,2023-02-19 04:48:00,add_to_cart
E002760,C00345,2023-02-10 14:06:00,page_view
E002761,C00346,2025-11-26 02:17:00,add_to_cart
E002762,C00346,2023-11-17 22:34:00,app_open
E002763,C00346,2023-08-27 11:26:00,page_view
E002764,C00346,2025-10-22 04:58:00,add_to_cart
E002765,C00346,2024-10-23 12:32:00,add_to_cart
E002766,C00346,2023-07-22 17:27:00,page_view
E002767,C00346,2025-07-08 09:58:00,add_to_cart
E002768,C00346,2023-09-02 06:12:00,page_view
E002769,C00347,2024-10-16 01:55:00,search
E002770,C00347,2023-07-02 17:34:00,page_view
E002771,C00347,2023-02-15 10:22:00,app_open
E002772,C00347,2024-10-29 06:22:00,add_to_cart
E002773,C00347,2025-03-20 19:32:00,search
E002774,C00347,2024-02-10 07:32:00,app_open
E002775,C00347,2023-01-09 21:19:00,page_view
E002776,C00347,2023-03-29 06:51:00,search
E002777,C00348,2023-04-16 02:56:00,search
E002778,C00348,2023-04-15 20:22:00,page_view
E002779,C00348,2025-09-07 20:04:00,page_view
E002780,C00348,2024-06-20 15:05:00,app_open
E002781,C00348,2025-01-23 00:20:00,app_open
E002782,C00348,2024-03-16 08:24:00,search
E002783,C00348,2025-09-13 21:32:00,search
E002784,C00348,2023-09-06 01:13:00,app_open
E002785,C00349,2023-04-26 14:12:00,search
E002786,C00349,2025-04-29 08:14:00,search
E002787,C00349,2025-03-08 06:31:00,search
E002788,C00349,2024-05-01 14:28:00,search
E002789,C00349,2024-05-25 20:54:00,app_open
E002790,C00349,2023-08-19 02:12:00,page_view
E002791,C00349,2025-06-13 01:23:00,add_to_cart
E002792,C00349,2025-06-29 17:23:00,search
E002793,C00350,2025-01-27 07:22:00,search
E002794,C00350,2024-01-16 09:19:00,app_open
E002795,C00350,2025-01-14 13:24:00,app_open
E002796,C00350,2024-02-21 20:44:00,search
E002797,C00350,2023-09-02 14:16:00,add_to_cart
E002798,C00350,2023-07-03 17:44:00,search
E002799,C00350,2024-05-17 15:47:00,search
E002800,C00350,2024-10-13 20:04:00,search
E002801,C00351,2025-05-09 09:43:00,app_open
E002802,C00351,2025-01-24 19:43:00,app_open
E002803,C00351,2024-04-03 09:06:00,app_open
E002804,C00351,2024-09-16 13:52:00,app_open
E002805,C00351,2023-03-17 06:15:00,page_view
E002806,C00351,2025-08-04 17:44:00,app_open
E002807,C00351,2024-11-29 07:36:00,search
E002808,C00351,2023-12-20 02:04:00,search
E002809,C00352,2024-09-25 12:18:00,app_open
E002810,C00352,2025-10-21 00:14:00,app_open
E002811,C00352,2023-04-25 17:59:00,add_to_cart
E002812,C00352,2025-06-21 19:30:00,add_to_cart
E002813,C00352,2023-08-26 00:57:00,page_view
E002814,C00352,2025-01-16 17:04:00,app_open
E002815,C00352,2023-02-28 08:59:00,app_open
E002816,C00352,2023-05-17 05:53:00,page_view
E002817,C00353,2025-01-03 19:34:00,search
E002818,C00353,2025-03-27 21:59:00,app_open
E002819,C00353,2025-07-19 12:13:00,search
E002820,C00353,2025-12-21 07:15:00,page_view
E002821,C00353,2024-10-01 03:54:00,search
E002822,C00353,2025-07-08 21:39:00,search
E002823,C00353,2024-11-28 07:05:00,page_view
E002824,C00353,2024-01-03 07:37:00,add_to_cart
E002825,C00354,2024-11-07 18:09:00,app_open
E002826,C00354,2024-12-27 19:12:00,app_open
E002827,C00354,2023-03-24 13:22:00,search
E002828,C00354,2023-03-26 05:03:00,add_to_cart
E002829,C00354,2023-12-11 15:27:00,page_view
E002830,C00354,2024-05-08 19:58:00,add_to_cart
E002831,C00354,2023-06-26 01:12:00,search
E002832,C00354,2024-07-02 08:58:00,search
E002833,C00355,2025-06-06 09:26:00,add_to_cart
E002834,C00355,2024-11-02 18:36:00,page_view
E002835,C00355,2025-12-08 11:33:00,app_open
E002836,C00355,2024-12-12 17:40:00,page_view
E002837,C00355,2025-11-02 01:45:00,search
E002838,C00355,2024-06-26 22:11:00,search
E002839,C00355,2024-09-26 04:47:00,page_view
E002840,C00355,2025-09-27 00:28:00,add_to_cart
E002841,C00356,2023-04-15 18:40:00,add_to_cart
E002842,C00356,2023-05-30 09:56:00,page_view
E002843,C00356,2023-01-07 05:49:00,add_to_cart
E002844,C00356,2023-07-25 20:40:00,app_open
E002845,C00356,2025-11-08 04:49:00,search
E002846,C00356,2025-10-11 06:50:00,page_view
E002847,C00356,2023-03-07 13:22:00,add_to_cart
E002848,C00356,2023-10-28 18:33:00,search
E002849,C00357,2024-05-30 19:09:00,app_open
E002850,C00357,2023-11-11 11:40:00,search
E002851,C00357,2024-11-03 23:25:00,add_to_cart
E002852,C00357,2024-07-19 06:08:00,app_open
E002853,C00357,2024-01-07 21:58:00,page_view
E002854,C00357,2023-05-12 07:45:00,app_open
E002855,C00357,2024-07-17 04:45:00,add_to_cart
E002856,C00357,2023-01-12 13:50:00,add_to_cart
E002857,C00358,2024-10-29 05:39:00,page_view
E002858,C00358,2024-11-08 09:27:00,search
E002859,C00358,2023-04-26 03:36:00,app_open
E002860,C00358,2023-04-05 19:59:00,search
E002861,C00358,2025-04-17 15:39:00,add_to_cart
E002862,C00358,2024-01-27 07:13:00,page_view
E002863,C00358,2025-10-14 02:20:00,page_view
E002864,C00358,2024-11-03 06:21:00,page_view
E002865,C00359,2025-03-15 03:09:00,page_view
E002866,C00359,2025-05-12 21:05:00,page_view
E002867,C00359,2025-11-14 06:52:00,app_open
E002868,C00359,2025-12-25 21:20:00,page_view
E002869,C00359,2025-01-18 06:56:00,page_view
E002870,C00359,2025-06-17 20:29:00,search
E002871,C00359,2024-11-05 18:43:00,search
E002872,C00359,2025-02-21 00:50:00,app_open
E002873,C00360,2023-11-07 04:55:00,search
E002874,C00360,2023-03-07 03:23:00,app_open
E002875,C00360,2025-11-01 09:01:00,page_view
E002876,C00360,2024-12-04 18:27:00,page_view
E002877,C00360,2023-12-17 14:20:00,page_view
E002878,C00360,2024-06-08 16:36:00,page_view
E002879,C00360,2023-07-01 14:02:00,add_to_cart
E002880,C00360,2023-06-25 17:34:00,add_to_cart
E002881,C00361,2025-08-12 18:40:00,app_open
E002882,C00361,2023-06-16 10:22:00,app_open
E002883,C00361,2025-04-21 03:16:00,search
E002884,C00361,2023-05-05 19:02:00,search
E002885,C00361,2023-06-09 09:32:00,search
E002886,C00361,2025-07-19 15:03:00,search
E002887,C00361,2025-04-14 02:22:00,app_open
E002888,C00361,2025-09-10 22:52:00,search
E002889,C00362,2025-08-27 22:13:00,app_open
E002890,C00362,2024-08-25 17:31:00,page_view
E002891,C00362,2025-02-03 14:42:00,search
E002892,C00362,2025-05-20 15:43:00,add_to_cart
E002893,C00362,2025-05-31 06:19:00,app_open
E002894,C00362,2025-05-16 13:14:00,page_view
E002895,C00362,2023-07-20 01:47:00,app_open
E002896,C00362,2025-01-23 16:02:00,search
E002897,C00363,2025-02-13 09:16:00,add_to_cart
E002898,C00363,2024-05-11 15:49:00,app_open
E002899,C00363,2024-11-11 16:57:00,app_open
E002900,C00363,2024-04-27 06:11:00,add_to_cart
E002901,C00363,2024-09-10 23:55:00,add_to_cart
E002902,C00363,2024-01-04 10:31:00,page_view
E002903,C00363,2025-06-01 06:58:00,add_to_cart
E002904,C00363,2025-12-17 14:13:00,add_to_cart
E002905,C00364,2024-04-05 15:29:00,app_open
E002906,C00364,2023-08-18 08:29:00,page_view
E002907,C00364,2025-09-27 21:05:00,add_to_cart
E002908,C00364,2023-12-11 06:27:00,add_to_cart
E002909,C00364,2023-08-26 01:41:00,add_to_cart
E002910,C00364,2024-10-03 21:55:00,page_view
E002911,C00364,2025-01-16 04:39:00,add_to_cart
E002912,C00364,2024-08-18 16:02:00,app_open
E002913,C00365,2025-09-25 18:50:00,search
E002914,C00365,2024-03-04 07:11:00,add_to_cart
E002915,C00365,2024-10-16 11:44:00,page_view
E002916,C00365,2025-08-21 17:18:00,app_open
E002917,C00365,2025-04-04 03:36:00,add_to_cart
E002918,C00365,2023-12-25 12:42:00,search
E002919,C00365,2025-04-11 18:45:00,page_view
E002920,C00365,2025-11-27 06:23:00,page_view
E002921,C00366,2024-02-24 22:58:00,page_view
E002922,C00366,2025-07-27 13:32:00,add_to_cart
E002923,C00366,2023-12-11 00:53:00,app_open
E002924,C00366,2023-02-28 17:06:00,page_view
E002925,C00366,2025-10-24 19:27:00,app_open
E002926,C00366,2025-09-01 20:14:00,page_view
E002927,C00366,2025-04-28 16:54:00,add_to_cart
E002928,C00366,2025-11-29 08:59:00,add_to_cart
E002929,C00367,2025-07-03 13:16:00,page_view
E002930,C00367,2024-10-31 04:30:00,page_view
E002931,C00367,2025-08-20 16:42:00,search
E002932,C00367,2023-01-02 19:27:00,page_view
E002933,C00367,2023-05-19 07:59:00,page_view
E002934,C00367,2024-02-16 15:12:00,page_view
E002935,C00367,2023-04-24 17:20:00,page_view
E002936,C00367,2025-12-06 10:47:00,page_view
E002937,C00368,2025-06-18 05:52:00,page_view
E002938,C00368,2025-08-25 04:33:00,app_open
E002939,C00368,2024-04-29 01:11:00,page_view
E002940,C00368,2024-08-04 02:32:00,add_to_cart
E002941,C00368,2024-05-31 07:18:00,add_to_cart
E002942,C00368,2025-10-25 23:49:00,app_open
E002943,C00368,2025-02-27 07:09:00,page_view
E002944,C00368,2024-06-11 02:01:00,app_open
E002945,C00369,2025-01-14 13:29:00,add_to_cart
E002946,C00369,2023-07-02 09:31:00,page_view
E002947,C00369,2023-02-27 02:27:00,page_view
E002948,C00369,2023-10-31 21:49:00,page_view
E002949,C00369,2024-10-16 14:53:00,add_to_cart
E002950,C00369,2024-09-28 11:18:00,page_view
E002951,C00369,2023-03-19 11:49:00,search
E002952,C00369,2024-04-06 00:17:00,add_to_cart
E002953,C00370,2023-03-01 03:15:00,add_to_cart
E002954,C00370,2023-08-14 14:03:00,page_view
E002955,C00370,2025-09-16 12:52:00,page_view
E002956,C00370,2025-06-02 18:03:00,search
E002957,C00370,2023-02-14 12:54:00,search
E002958,C00370,2024-01-12 15:13:00,app_open
E002959,C00370,2024-09-22 04:23:00,app_open
E002960,C00370,2023-02-28 10:50:00,page_view
E002961,C00371,2025-06-02 01:00:00,search
E002962,C00371,2024-02-02 20:02:00,search
E002963,C00371,2023-02-16 21:10:00,page_view
E002964,C00371,2023-08-21 08:30:00,search
E002965,C00371,2023-01-27 18:05:00,search
E002966,C00371,2023-06-21 07:30:00,search
E002967,C00371,2024-10-14 23:11:00,app_open
E002968,C00371,2025-10-09 12:42:00,app_open
E002969,C00372,2023-10-26 07:15:00,add_to_cart
E002970,C00372,2025-02-24 06:12:00,page_view
E002971,C00372,2024-04-07 02:22:00,add_to_cart
E002972,C00372,2024-07-03 12:38:00,search
E002973,C00372,2024-03-05 22:44:00,page_view
E002974,C00372,2025-08-23 18:39:00,search
E002975,C00372,2023-08-10 10:36:00,search
E002976,C00372,2023-02-05 23:11:00,search
E002977,C00373,2025-11-23 15:40:00,page_view
E002978,C00373,2025-07-16 22:01:00,search
E002979,C00373,2025-04-14 13:41:00,search
E002980,C00373,2025-05-22 14:26:00,app_open
E002981,C00373,2024-01-09 07:28:00,page_view
E002982,C00373,2023-03-31 02:37:00,search
E002983,C00373,2025-11-19 05:58:00,add_to_cart
E002984,C00373,2025-10-13 06:34:00,search
E002985,C00374,2023-03-06 01:00:00,add_to_cart
E002986,C00374,2024-02-04 13:56:00,search
E002987,C00374,2024-09-13 10:20:00,search
E002988,C00374,2023-11-11 22:20:00,page_view
E002989,C00374,2023-07-20 18:04:00,page_view
E002990,C00374,2025-12-27 08:32:00,app_open
E002991,C00374,2025-06-17 19:16:00,app_open
E002992,C00374,2023-07-17 10:09:00,page_view
E002993,C00375,2025-11-07 04:52:00,add_to_cart
E002994,C00375,2024-12-04 10:26:00,page_view
E002995,C00375,2025-10-28 16:01:00,page_view
E002996,C00375,2025-09-16 04:30:00,page_view
E002997,C00375,2023-05-25 17:34:00,search
E002998,C00375,2025-10-14 12:48:00,app_open
E002999,C00375,2024-11-17 08:55:00,add_to_cart
E003000,C00375,2024-11-14 07:09:00,page_view
E003001,C00376,2024-05-11 09:46:00,add_to_cart
E003002,C00376,2025-08-23 06:50:00,search
E003003,C00376,2024-09-15 02:50:00,search
E003004,C00376,2023-11-29 17:36:00,search
E003005,C00376,2024-07-31 08:04:00,search
E003006,C00376,2023-11-19 17:30:00,page_view
E003007,C00376,2023-09-28 18:29:00,search
E003008,C00376,2025-04-07 19:00:00,app_open
E003009,C00377,2023-12-03 04:50:00,app_open
E003010,C00377,2023-12-03 21:19:00,add_to_cart
E003011,C00377,2024-11-18 12:34:00,search
E003012,C00377,2025-08-18 14:27:00,add_to_cart
E003013,C00377,2024-01-03 06:53:00,search
E003014,C00377,2024-09-30 23:01:00,add_to_cart
E003015,C00377,2024-11-18 18:15:00,search
E003016,C00377,2024-03-11 23:48:00,search
E003017,C00378,2025-02-05 14:40:00,page_view
E003018,C00378,2025-03-16 20:28:00,add_to_cart
E003019,C00378,2025-06-29 06:48:00,app_open
E003020,C00378,2025-11-02 13:53:00,search
E003021,C00378,2024-05-27 12:38:00,app_open
E003022,C00378,2025-02-23 20:28:00,app_open
E003023,C00378,2024-12-12 21:20:00,page_view
E003024,C00378,2025-03-24 01:45:00,search
E003025,C00379,2025-02-10 13:03:00,add_to_cart
E003026,C00379,2023-09-13 13:24:00,page_view
E003027,C00379,2025-12-06 21:39:00,search
E003028,C00379,2023-03-31 06:28:00,page_view
E003029,C00379,2023-12-07 13:07:00,app_open
E003030,C00379,2023-06-22 14:11:00,page_view
E003031,C00379,2025-12-06 16:37:00,add_to_cart
E003032,C00379,2024-05-09 23:21:00,search
E003033,C00380,2024-03-23 00:59:00,page_view
E003034,C00380,2024-08-07 10:12:00,app_open
E003035,C00380,2023-02-26 05:30:00,page_view
E003036,C00380,2023-07-10 01:08:00,page_view
E003037,C00380,2023-07-26 22:40:00,page_view
E003038,C00380,2023-12-09 09:17:00,page_view
E003039,C00380,2023-02-06 18:38:00,search
E003040,C00380,2023-07-20 07:19:00,app_open
E003041,C00381,2024-10-30 11:17:00,search
E003042,C00381,2024-11-22 04:29:00,app_open
E003043,C00381,2023-05-11 01:31:00,search
E003044,C00381,2023-03-12 07:45:00,search
E003045,C00381,2024-04-07 16:04:00,page_view
E003046,C00381,2023-11-22 05:36:00,page_view
E003047,C00381,2024-10-25 22:05:00,search
E003048,C00381,2025-06-26 08:29:00,app_open
E003049,C00382,2024-02-02 18:24:00,app_open
E003050,C00382,2024-02-23 07:09:00,page_view
E003051,C00382,2023-10-09 23:13:00,page_view
E003052,C00382,2024-03-22 15:18:00,app_open
E003053,C00382,2025-06-07 12:43:00,app_open
E003054,C00382,2024-12-15 04:49:00,page_view
E003055,C00382,2025-08-18 10:49:00,app_open
E003056,C00382,2023-12-19 10:50:00,add_to_cart
E003057,C00383,2023-03-20 08:25:00,add_to_cart
E003058,C00383,2025-03-21 13:18:00,page_view
E003059,C00383,2025-01-08 05:11:00,app_open
E003060,C00383,2025-12-10 14:54:00,page_view
E003061,C00383,2023-04-08 07:37:00,search
E003062,C00383,2025-11-20 00:24:00,app_open
E003063,C00383,2024-11-16 20:32:00,page_view
E003064,C00383,2025-03-10 03:43:00,page_view
E003065,C00384,2023-01-19 23:47:00,page_view
E003066,C00384,2024-03-25 20:48:00,add_to_cart
E003067,C00384,2024-08-19 22:39:00,add_to_cart
E003068,C00384,2025-09-30 07:15:00,add_to_cart
E003069,C00384,2025-12-30 23:50:00,page_view
E003070,C00384,2023-03-06 17:46:00,page_view
E003071,C00384,2024-01-11 21:30:00,page_view
E003072,C00384,2024-09-06 18:07:00,add_to_cart
E003073,C00385,2025-08-02 22:19:00,search
E003074,C00385,2023-11-07 03:28:00,add_to_cart
E003075,C00385,2023-11-03 08:52:00,app_open
E003076,C00385,2025-05-15 19:32:00,page_view
E003077,C00385,2024-10-16 13:47:00,page_view
E003078,C00385,2025-03-21 01:13:00,search
E003079,C00385,2024-02-07 09:30:00,app_open
E003080,C00385,2024-03-19 16:39:00,add_to_cart
E003081,C00386,2023-09-18 10:07:00,add_to_cart
E003082,C00386,2025-10-31 13:16:00,search
E003083,C00386,2025-09-08 12:02:00,page_view
E003084,C00386,2023-03-16 03:33:00,app_open
E003085,C00386,2025-09-04 15:53:00,search
E003086,C00386,2025-05-08 06:14:00,app_open
E003087,C00386,2024-07-02 03:14:00,app_open
E003088,C00386,2025-04-27 07:49:00,page_view
E003089,C00387,2023-06-23 10:56:00,app_open
E003090,C00387,2023-05-15 12:39:00,app_open
E003091,C00387,2023-07-14 20:57:00,search
E003092,C00387,2024-08-02 10:39:00,add_to_cart
E003093,C00387,2025-07-22 23:09:00,page_view
E003094,C00387,2025-09-28 18:21:00,add_to_cart
E003095,C00387,2025-04-19 05:49:00,page_view
E003096,C00387,2025-03-23 11:47:00,page_view
E003097,C00388,2024-03-08 23:17:00,add_to_cart
E003098,C00388,2023-01-03 11:47:00,page_view
E003099,C00388,2023-02-03 21:20:00,page_view
E003100,C00388,2023-07-12 20:06:00,search
E003101,C00388,2023-07-30 09:37:00,app_open
E003102,C00388,2023-04-08 23:08:00,page_view
E003103,C00388,2024-06-05 23:41:00,add_to_cart
E003104,C00388,2025-03-31 14:41:00,page_view
E003105,C00389,2025-09-29 13:08:00,app_open
E003106,C00389,2025-07-02 01:10:00,page_view
E003107,C00389,2023-03-08 03:57:00,page_view
E003108,C00389,2025-01-20 18:35:00,search
E003109,C00389,2024-05-31 13:52:00,page_view
E003110,C00389,2023-03-08 22:36:00,search
E003111,C00389,2023-07-25 18:19:00,search
E003112,C00389,2023-06-23 09:14:00,add_to_cart
E003113,C00390,2025-08-03 00:02:00,search
E003114,C00390,2025-03-02 11:09:00,app_open
E003115,C00390,2024-05-01 12:44:00,app_open
E003116,C00390,2025-02-19 19:12:00,add_to_cart
E003117,C00390,2025-08-13 20:35:00,app_open
E003118,C00390,2025-08-04 10:58:00,add_to_cart
E003119,C00390,2025-05-01 19:56:00,page_view
E003120,C00390,2024-11-18 10:43:00,add_to_cart
E003121,C00391,2024-11-14 12:47:00,app_open
E003122,C00391,2024-04-22 06:24:00,add_to_cart
E003123,C00391,2023-01-12 17:12:00,app_open
E003124,C00391,2023-06-01 15:12:00,add_to_cart
E003125,C00391,2025-02-07 00:35:00,app_open
E003126,C00391,2024-10-25 05:45:00,search
E003127,C00391,2023-08-11 15:12:00,app_open
E003128,C00391,2025-11-25 19:45:00,search
E003129,C00392,2023-04-24 05:43:00,app_open
E003130,C00392,2023-08-28 17:28:00,app_open
E003131,C00392,2025-11-20 22:08:00,page_view
E003132,C00392,2025-10-22 23:20:00,search
E003133,C00392,2023-02-28 22:53:00,app_open
E003134,C00392,2024-01-02 22:30:00,page_view
E003135,C00392,2023-01-25 10:09:00,page_view
E003136,C00392,2024-02-12 23:23:00,add_to_cart
E003137,C00393,2024-11-21 03:21:00,search
E003138,C00393,2025-04-22 14:34:00,add_to_cart
E003139,C00393,2023-01-03 21:26:00,search
E003140,C00393,2023-06-23 23:00:00,page_view
E003141,C00393,2025-08-22 07:15:00,search
E003142,C00393,2024-09-09 06:56:00,page_view
E003143,C00393,2023-03-21 15:26:00,app_open
E003144,C00393,2024-06-27 23:45:00,add_to_cart
E003145,C00394,2025-08-26 23:40:00,search
E003146,C00394,2025-10-29 01:53:00,search
E003147,C00394,2024-02-20 03:01:00,add_to_cart
E003148,C00394,2023-02-11 06:31:00,add_to_cart
E003149,C00394,2023-08-15 08:25:00,app_open
E003150,C00394,2025-06-29 21:22:00,search
E003151,C00394,2024-07-20 01:11:00,search
E003152,C00394,2025-05-28 21:16:00,app_open
E003153,C00395,2024-04-30 19:35:00,app_open
E003154,C00395,2025-06-16 22:01:00,app_open
E003155,C00395,2025-03-15 21:59:00,add_to_cart
E003156,C00395,2025-06-17 07:10:00,page_view
E003157,C00395,2025-08-01 05:44:00,search
E003158,C00395,2023-03-30 07:36:00,search
E003159,C00395,2023-04-18 03:28:00,page_view
E003160,C00395,2025-05-11 21:41:00,page_view
E003161,C00396,2023-07-30 06:29:00,add_to_cart
E003162,C00396,2023-08-23 10:12:00,app_open
E003163,C00396,2025-09-29 16:20:00,page_view
E003164,C00396,2025-05-08 03:49:00,add_to_cart
E003165,C00396,2024-10-25 06:18:00,add_to_cart
E003166,C00396,2024-08-18 19:31:00,add_to_cart
E003167,C00396,2025-06-17 14:20:00,search
E003168,C00396,2023-05-02 07:05:00,app_open
E003169,C00397,2025-12-12 07:34:00,app_open
E003170,C00397,2025-06-23 01:44:00,search
E003171,C00397,2025-08-12 22:57:00,page_view
E003172,C00397,2023-01-06 06:38:00,page_view
E003173,C00397,2023-07-08 03:56:00,add_to_cart
E003174,C00397,2025-05-15 06:10:00,page_view
E003175,C00397,2024-02-13 15:55:00,app_open
E003176,C00397,2025-07-28 14:43:00,page_view
E003177,C00398,2025-11-11 11:37:00,search
E003178,C00398,2023-07-29 11:21:00,page_view
E003179,C00398,2024-11-09 11:42:00,page_view
E003180,C00398,2025-10-13 10:27:00,page_view
E003181,C00398,2024-12-21 05:50:00,app_open
E003182,C00398,2025-09-14 00:02:00,page_view
E003183,C00398,2024-06-04 02:50:00,add_to_cart
E003184,C00398,2025-01-11 20:46:00,search
E003185,C00399,2023-06-06 03:37:00,add_to_cart
E003186,C00399,2024-08-24 12:07:00,app_open
E003187,C00399,2025-09-15 16:41:00,app_open
E003188,C00399,2024-11-01 10:35:00,page_view
E003189,C00399,2024-05-31 13:21:00,add_to_cart
E003190,C00399,2023-12-17 01:32:00,add_to_cart
E003191,C00399,2024-03-31 13:27:00,add_to_cart
E003192,C00399,2024-06-21 01:34:00,page_view
E003193,C00400,2024-02-02 03:34:00,page_view
E003194,C00400,2023-09-02 11:08:00,app_open
E003195,C00400,2024-12-25 16:20:00,add_to_cart
E003196,C00400,2025-11-21 18:09:00,app_open
E003197,C00400,2025-11-10 03:17:00,page_view
E003198,C00400,2025-09-15 06:33:00,app_open
E003199,C00400,2024-03-30 18:31:00,page_view
E003200,C00400,2024-08-21 05:03:00,page_view
E003201,C00401,2024-06-20 13:15:00,page_view
E003202,C00401,2025-09-24 09:31:00,add_to_cart
E003203,C00401,2025-06-18 17:50:00,app_open
E003204,C00401,2024-07-14 19:45:00,app_open
E003205,C00401,2023-10-03 08:50:00,add_to_cart
E003206,C00401,2025-07-25 20:06:00,add_to_cart
E003207,C00401,2024-08-02 14:08:00,add_to_cart
E003208,C00401,2023-02-23 14:36:00,search
E003209,C00402,2023-06-19 18:23:00,page_view
E003210,C00402,2025-05-12 05:25:00,page_view
E003211,C00402,2024-09-13 10:22:00,page_view
E003212,C00402,2025-11-14 13:35:00,page_view
E003213,C00402,2025-04-20 03:48:00,page_view
E003214,C00402,2023-03-13 21:48:00,page_view
E003215,C00402,2024-08-29 18:30:00,add_to_cart
E003216,C00402,2024-01-05 17:21:00,add_to_cart
E003217,C00403,2023-04-29 12:52:00,search
E003218,C00403,2025-06-30 13:39:00,app_open
E003219,C00403,2023-10-05 18:38:00,add_to_cart
E003220,C00403,2023-02-16 01:42:00,add_to_cart
E003221,C00403,2025-03-16 04:11:00,page_view
E003222,C00403,2024-09-06 04:26:00,search
E003223,C00403,2025-01-05 20:31:00,search
E003224,C00403,2023-05-30 17:42:00,app_open
E003225,C00404,2024-12-28 15:59:00,app_open
E003226,C00404,2023-02-02 15:03:00,app_open
E003227,C00404,2023-09-09 19:11:00,page_view
E003228,C00404,2023-09-22 23:27:00,app_open
E003229,C00404,2024-11-27 05:38:00,app_open
E003230,C00404,2025-05-28 06:28:00,app_open
E003231,C00404,2024-04-30 14:16:00,search
E003232,C00404,2024-10-10 07:52:00,page_view
E003233,C00405,2024-05-23 20:09:00,page_view
E003234,C00405,2025-01-12 16:25:00,add_to_cart
E003235,C00405,2025-11-24 00:45:00,page_view
E003236,C00405,2024-09-22 07:06:00,app_open
E003237,C00405,2025-09-24 06:27:00,search
E003238,C00405,2024-04-15 04:09:00,add_to_cart
E003239,C00405,2024-06-15 10:34:00,search
E003240,C00405,2023-10-21 12:21:00,app_open
E003241,C00406,2023-09-11 07:18:00,app_open
E003242,C00406,2024-12-28 00:42:00,add_to_cart
E003243,C00406,2023-04-21 10:05:00,add_to_cart
E003244,C00406,2025-04-01 12:00:00,page_view
E003245,C00406,2025-06-25 14:47:00,search
E003246,C00406,2024-07-06 06:31:00,app_open
E003247,C00406,2024-10-09 07:12:00,page_view
E003248,C00406,2025-07-11 03:02:00,add_to_cart
E003249,C00407,2025-12-05 17:26:00,page_view
E003250,C00407,2025-09-04 21:40:00,add_to_cart
E003251,C00407,2023-11-11 10:26:00,add_to_cart
E003252,C00407,2025-04-26 18:53:00,app_open
E003253,C00407,2023-04-07 00:01:00,search
E003254,C00407,2023-01-12 09:37:00,add_to_cart
E003255,C00407,2024-07-01 03:50:00,app_open
E003256,C00407,2024-05-07 23:48:00,app_open
E003257,C00408,2025-11-19 01:45:00,page_view
E003258,C00408,2023-05-02 19:18:00,add_to_cart
E003259,C00408,2024-12-03 01:50:00,search
E003260,C00408,2025-11-06 08:04:00,search
E003261,C00408,2024-04-07 04:11:00,add_to_cart
E003262,C00408,2024-07-04 18:51:00,search
E003263,C00408,2023-01-21 18:41:00,add_to_cart
E003264,C00408,2025-06-06 13:25:00,add_to_cart
E003265,C00409,2024-11-07 21:43:00,add_to_cart
E003266,C00409,2023-12-03 05:04:00,app_open
E003267,C00409,2025-11-02 13:28:00,app_open
E003268,C00409,2023-02-13 11:20:00,add_to_cart
E003269,C00409,2024-10-05 20:12:00,search
E003270,C00409,2024-12-28 15:57:00,add_to_cart
E003271,C00409,2024-07-30 07:55:00,app_open
E003272,C00409,2024-02-25 14:29:00,search
E003273,C00410,2024-03-08 01:03:00,search
E003274,C00410,2024-01-30 19:48:00,search
E003275,C00410,2023-06-28 02:54:00,app_open
E003276,C00410,2023-06-04 12:16:00,search
E003277,C00410,2023-06-10 07:18:00,app_open
E003278,C00410,2024-07-20 08:33:00,add_to_cart
E003279,C00410,2024-06-18 02:36:00,page_view
E003280,C00410,2025-02-28 14:56:00,add_to_cart
E003281,C00411,2024-06-18 02:16:00,search
E003282,C00411,2023-04-21 15:09:00,app_open
E003283,C00411,2023-05-06 14:14:00,add_to_cart
E003284,C00411,2023-12-23 06:03:00,page_view
E003285,C00411,2025-09-02 19:37:00,search
E003286,C00411,2025-03-28 10:57:00,search
E003287,C00411,2023-07-24 20:29:00,page_view
E003288,C00411,2023-02-15 10:01:00,page_view
E003289,C00412,2024-11-27 17:57:00,app_open
E003290,C00412,2025-09-28 00:19:00,page_view
E003291,C00412,2025-03-09 04:50:00,app_open
E003292,C00412,2025-05-12 13:40:00,app_open
E003293,C00412,2025-09-04 15:41:00,search
E003294,C00412,2025-02-20 07:53:00,search
E003295,C00412,2025-06-04 14:38:00,search
E003296,C00412,2025-05-15 12:55:00,search
E003297,C00413,2025-04-03 02:10:00,page_view
E003298,C00413,2025-02-14 10:18:00,search
E003299,C00413,2023-05-20 10:34:00,add_to_cart
E003300,C00413,2023-01-19 21:37:00,app_open
E003301,C00413,2023-01-19 20:29:00,add_to_cart
E003302,C00413,2025-04-30 00:58:00,page_view
E003303,C00413,2023-07-09 17:28:00,app_open
E003304,C00413,2024-12-31 11:09:00,app_open
E003305,C00414,2023-12-19 17:04:00,page_view
E003306,C00414,2023-03-12 21:37:00,app_open
E003307,C00414,2023-03-07 13:39:00,add_to_cart
E003308,C00414,2025-06-22 02:19:00,add_to_cart
E003309,C00414,2023-05-02 05:32:00,add_to_cart
E003310,C00414,2025-03-23 10:11:00,search
E003311,C00414,2023-02-06 07:36:00,search
E003312,C00414,2023-06-16 21:48:00,page_view
E003313,C00415,2024-01-13 12:32:00,search
E003314,C00415,2025-12-24 04:52:00,page_view
E003315,C00415,2025-03-31 15:43:00,search
E003316,C00415,2024-04-09 18:35:00,app_open
E003317,C00415,2024-05-27 15:46:00,search
E003318,C00415,2023-10-22 08:23:00,add_to_cart
E003319,C00415,2023-09-01 04:30:00,app_open
E003320,C00415,2025-12-22 13:17:00,page_view
E003321,C00416,2025-04-28 02:51:00,add_to_cart
E003322,C00416,2023-08-05 05:37:00,app_open
E003323,C00416,2023-05-14 08:14:00,page_view
E003324,C00416,2023-07-27 06:43:00,search
E003325,C00416,2024-03-28 09:29:00,page_view
E003326,C00416,2023-11-14 11:14:00,page_view
E003327,C00416,2023-11-20 06:29:00,page_view
E003328,C00416,2024-11-07 10:29:00,add_to_cart
E003329,C00417,2025-07-19 21:47:00,add_to_cart
E003330,C00417,2023-01-24 02:24:00,app_open
E003331,C00417,2025-08-19 18:15:00,search
E003332,C00417,2024-09-30 04:42:00,add_to_cart
E003333,C00417,2025-04-25 17:23:00,add_to_cart
E003334,C00417,2023-09-17 06:48:00,page_view
E003335,C00417,2025-10-04 23:34:00,add_to_cart
E003336,C00417,2023-08-12 14:13:00,search
E003337,C00418,2025-08-24 11:22:00,app_open
E003338,C00418,2025-05-23 20:48:00,app_open
E003339,C00418,2024-07-11 21:38:00,app_open
E003340,C00418,2023-03-01 18:07:00,page_view
E003341,C00418,2023-02-15 00:19:00,page_view
E003342,C00418,2023-06-04 08:02:00,add_to_cart
E003343,C00418,2024-10-03 05:04:00,app_open
E003344,C00418,2024-08-23 07:24:00,add_to_cart
E003345,C00419,2024-03-11 21:14:00,search
E003346,C00419,2025-07-13 15:24:00,page_view
E003347,C00419,2024-10-09 07:41:00,add_to_cart
E003348,C00419,2025-08-26 00:44:00,add_to_cart
E003349,C00419,2023-07-19 23:15:00,add_to_cart
E003350,C00419,2023-04-01 04:38:00,app_open
E003351,C00419,2024-05-27 22:07:00,add_to_cart
E003352,C00419,2023-12-29 07:22:00,page_view
E003353,C00420,2024-02-01 11:37:00,search
E003354,C00420,2024-08-10 12:20:00,add_to_cart
E003355,C00420,2025-02-25 14:25:00,app_open
E003356,C00420,2023-06-01 19:10:00,search
E003357,C00420,2025-12-09 11:36:00,add_to_cart
E003358,C00420,2023-09-04 07:48:00,search
E003359,C00420,2025-07-15 13:02:00,add_to_cart
E003360,C00420,2024-04-08 18:19:00,add_to_cart
E003361,C00421,2023-10-20 02:50:00,page_view
E003362,C00421,2023-10-21 21:56:00,page_view
E003363,C00421,2025-06-26 06:33:00,search
E003364,C00421,2024-06-04 21:45:00,search
E003365,C00421,2025-08-28 06:53:00,search
E003366,C00421,2025-10-23 12:08:00,add_to_cart
E003367,C00421,2024-02-01 23:26:00,app_open
E003368,C00421,2024-06-12 11:11:00,page_view
E003369,C00422,2023-12-15 18:14:00,search
E003370,C00422,2024-06-18 23:43:00,search
E003371,C00422,2025-11-13 23:29:00,search
E003372,C00422,2024-09-24 02:45:00,add_to_cart
E003373,C00422,2023-09-03 12:12:00,add_to_cart
E003374,C00422,2025-01-20 10:26:00,search
E003375,C00422,2023-12-25 21:40:00,search
E003376,C00422,2023-07-10 21:19:00,search
E003377,C00423,2024-01-21 08:57:00,add_to_cart
E003378,C00423,2023-09-14 09:51:00,add_to_cart
E003379,C00423,2023-06-16 06:15:00,search
E003380,C00423,2023-10-06 15:07:00,add_to_cart
E003381,C00423,2023-12-04 12:25:00,search
E003382,C00423,2024-07-12 01:44:00,add_to_cart
E003383,C00423,2025-01-23 06:35:00,page_view
E003384,C00423,2025-06-29 16:16:00,search
E003385,C00424,2023-02-09 20:20:00,page_view
E003386,C00424,2023-12-21 10:14:00,add_to_cart
E003387,C00424,2024-10-27 10:37:00,add_to_cart
E003388,C00424,2024-09-25 11:27:00,page_view
E003389,C00424,2025-07-16 03:47:00,search
E003390,C00424,2023-12-12 04:48:00,page_view
E003391,C00424,2023-06-28 17:09:00,page_view
E003392,C00424,2025-02-25 10:26:00,page_view
E003393,C00425,2023-07-11 18:04:00,app_open
E003394,C00425,2024-07-09 21:10:00,app_open
E003395,C00425,2023-10-30 17:41:00,app_open
E003396,C00425,2025-11-11 01:42:00,search
E003397,C00425,2023-12-14 10:50:00,page_view
E003398,C00425,2024-04-30 08:36:00,add_to_cart
E003399,C00425,2024-10-17 14:34:00,search
E003400,C00425,2023-02-19 13:31:00,add_to_cart
E003401,C00426,2024-01-31 00:04:00,add_to_cart
E003402,C00426,2024-07-09 04:23:00,add_to_cart
E003403,C00426,2025-03-25 19:07:00,app_open
E003404,C00426,2025-08-30 04:29:00,app_open
E003405,C00426,2024-12-15 00:11:00,search
E003406,C00426,2025-02-14 00:38:00,app_open
E003407,C00426,2023-09-13 07:11:00,add_to_cart
E003408,C00426,2025-12-19 06:54:00,page_view
E003409,C00427,2023-04-22 01:41:00,app_open
E003410,C00427,2025-02-09 18:02:00,add_to_cart
E003411,C00427,2024-02-04 02:40:00,app_open
E003412,C00427,2025-03-23 06:10:00,page_view
E003413,C00427,2024-06-07 13:29:00,page_view
E003414,C00427,2024-10-19 02:29:00,search
E003415,C00427,2024-04-03 03:40:00,search
E003416,C00427,2024-08-01 07:37:00,search
E003417,C00428,2025-04-10 05:42:00,search
E003418,C00428,2024-10-18 21:23:00,add_to_cart
E003419,C00428,2025-12-02 07:34:00,app_open
E003420,C00428,2023-05-12 07:11:00,add_to_cart
E003421,C00428,2025-11-20 20:42:00,search
E003422,C00428,2024-07-17 03:43:00,search
E003423,C00428,2023-02-19 23:12:00,page_view
E003424,C00428,2025-04-28 14:22:00,add_to_cart
E003425,C00429,2025-11-20 08:16:00,search
E003426,C00429,2023-06-07 06:08:00,app_open
E003427,C00429,2023-11-14 06:01:00,page_view
E003428,C00429,2025-05-08 16:48:00,app_open
E003429,C00429,2025-12-26 02:08:00,search
E003430,C00429,2025-04-06 11:55:00,app_open
E003431,C00429,2024-03-24 16:31:00,app_open
E003432,C00429,2023-10-28 17:24:00,add_to_cart
E003433,C00430,2023-05-02 17:00:00,page_view
E003434,C00430,2024-08-07 07:29:00,add_to_cart
E003435,C00430,2025-09-16 21:20:00,app_open
E003436,C00430,2023-08-13 05:23:00,search
E003437,C00430,2023-11-15 20:18:00,search
E003438,C00430,2024-03-07 19:32:00,add_to_cart
E003439,C00430,2023-06-05 00:21:00,add_to_cart
E003440,C00430,2025-11-06 02:46:00,search
E003441,C00431,2025-12-04 13:29:00,page_view
E003442,C00431,2023-02-17 09:43:00,search
E003443,C00431,2025-01-29 13:06:00,page_view
E003444,C00431,2024-06-23 00:17:00,page_view
E003445,C00431,2023-02-18 19:51:00,page_view
E003446,C00431,2024-12-10 16:21:00,page_view
E003447,C00431,2025-09-29 12:14:00,add_to_cart
E003448,C00431,2023-05-02 22:48:00,add_to_cart
E003449,C00432,2024-06-24 03:33:00,search
E003450,C00432,2023-05-16 17:25:00,page_view
E003451,C00432,2024-02-24 08:46:00,app_open
E003452,C00432,2025-01-11 21:12:00,app_open
E003453,C00432,2025-03-28 20:17:00,add_to_cart
E003454,C00432,2025-05-18 12:25:00,page_view
E003455,C00432,2024-11-10 06:56:00,app_open
E003456,C00432,2024-11-27 05:47:00,app_open
E003457,C00433,2025-11-13 19:43:00,page_view
E003458,C00433,2025-07-01 03:10:00,app_open
E003459,C00433,2023-05-25 16:19:00,app_open
E003460,C00433,2023-08-25 22:54:00,app_open
E003461,C00433,2023-02-22 03:09:00,search
E003462,C00433,2025-12-19 16:09:00,page_view
E003463,C00433,2023-03-11 04:43:00,add_to_cart
E003464,C00433,2024-04-08 13:15:00,app_open
E003465,C00434,2025-08-02 14:07:00,app_open
E003466,C00434,2024-01-01 15:53:00,page_view
E003467,C00434,2025-02-23 16:21:00,search
E003468,C00434,2023-11-10 20:43:00,page_view
E003469,C00434,2024-11-03 02:33:00,page_view
E003470,C00434,2024-12-02 16:53:00,search
E003471,C00434,2025-05-18 14:49:00,page_view
E003472,C00434,2025-05-20 09:10:00,add_to_cart
E003473,C00435,2024-01-09 08:10:00,search
E003474,C00435,2025-02-27 01:24:00,search
E003475,C00435,2024-03-20 16:28:00,page_view
E003476,C00435,2023-12-06 01:38:00,app_open
E003477,C00435,2024-11-23 23:41:00,page_view
E003478,C00435,2024-12-25 17:23:00,app_open
E003479,C00435,2025-02-04 20:27:00,app_open
E003480,C00435,2024-06-28 16:06:00,add_to_cart
E003481,C00436,2024-05-25 12:02:00,search
E003482,C00436,2023-03-06 10:02:00,app_open
E003483,C00436,2025-08-12 08:22:00,page_view
E003484,C00436,2024-01-17 21:48:00,add_to_cart
E003485,C00436,2024-04-16 13:56:00,page_view
E003486,C00436,2024-01-30 21:32:00,page_view
E003487,C00436,2025-04-29 01:10:00,page_view
E003488,C00436,2025-08-15 03:11:00,add_to_cart
E003489,C00437,2023-01-16 23:07:00,search
E003490,C00437,2024-05-25 09:56:00,page_view
E003491,C00437,2024-06-29 20:46:00,app_open
E003492,C00437,2025-06-08 06:55:00,search
E003493,C00437,2024-06-03 06:09:00,app_open
E003494,C00437,2023-05-16 00:35:00,page_view
E003495,C00437,2023-01-09 14:59:00,page_view
E003496,C00437,2025-01-30 07:37:00,search
E003497,C00438,2025-04-24 02:19:00,page_view
E003498,C00438,2024-03-24 19:46:00,search
E003499,C00438,2025-11-30 19:44:00,search
E003500,C00438,2023-08-14 17:39:00,search
E003501,C00438,2023-04-23 15:14:00,search
E003502,C00438,2023-10-21 00:17:00,app_open
E003503,C00438,2025-12-09 02:37:00,search
E003504,C00438,2023-09-04 09:57:00,page_view
E003505,C00439,2024-10-07 21:50:00,search
E003506,C00439,2023-09-10 07:53:00,search
E003507,C00439,2023-05-21 15:13:00,app_open
E003508,C00439,2025-06-25 01:41:00,app_open
E003509,C00439,2025-08-07 13:39:00,search
E003510,C00439,2023-12-05 23:01:00,add_to_cart
E003511,C00439,2025-04-03 08:37:00,add_to_cart
E003512,C00439,2023-09-07 16:33:00,app_open
E003513,C00440,2025-07-08 18:06:00,app_open
E003514,C00440,2025-08-09 11:39:00,add_to_cart
E003515,C00440,2025-03-23 21:47:00,add_to_cart
E003516,C00440,2025-01-08 13:41:00,add_to_cart
E003517,C00440,2024-09-04 18:37:00,page_view
E003518,C00440,2025-01-04 08:11:00,page_view
E003519,C00440,2025-01-29 13:43:00,app_open
E003520,C00440,2025-07-28 02:19:00,app_open
E003521,C00441,2023-12-18 11:16:00,add_to_cart
E003522,C00441,2023-02-25 07:44:00,add_to_cart
E003523,C00441,2024-05-07 17:58:00,page_view
E003524,C00441,2024-11-20 15:25:00,app_open
E003525,C00441,2023-09-27 21:34:00,add_to_cart
E003526,C00441,2025-04-07 17:56:00,add_to_cart
E003527,C00441,2025-09-05 03:10:00,add_to_cart
E003528,C00441,2025-10-14 03:50:00,page_view
E003529,C00442,2023-08-05 22:14:00,page_view
E003530,C00442,2025-10-09 10:21:00,app_open
E003531,C00442,2023-03-05 11:11:00,page_view
E003532,C00442,2025-05-05 18:57:00,add_to_cart
E003533,C00442,2024-12-02 22:48:00,add_to_cart
E003534,C00442,2024-05-10 09:26:00,search
E003535,C00442,2025-06-12 12:13:00,page_view
E003536,C00442,2023-12-26 11:16:00,page_view
E003537,C00443,2023-09-30 13:29:00,page_view
E003538,C00443,2025-06-30 22:35:00,search
E003539,C00443,2025-04-09 04:30:00,add_to_cart
E003540,C00443,2025-11-15 16:21:00,app_open
E003541,C00443,2024-07-23 18:42:00,app_open
E003542,C00443,2025-03-21 18:42:00,page_view
E003543,C00443,2025-05-31 06:42:00,search
E003544,C00443,2024-01-13 06:49:00,app_open
E003545,C00444,2025-08-02 22:10:00,search
E003546,C00444,2024-06-10 20:05:00,search
E003547,C00444,2025-05-28 03:24:00,add_to_cart
E003548,C00444,2025-02-07 04:55:00,page_view
E003549,C00444,2024-12-22 05:25:00,app_open
E003550,C00444,2023-03-10 23:32:00,add_to_cart
E003551,C00444,2024-11-10 04:58:00,search
E003552,C00444,2023-10-14 03:59:00,page_view
E003553,C00445,2024-01-16 05:10:00,app_open
E003554,C00445,2023-11-14 16:13:00,page_view
E003555,C00445,2023-01-10 17:44:00,page_view
E003556,C00445,2025-10-01 08:12:00,add_to_cart
E003557,C00445,2023-01-29 01:02:00,search
E003558,C00445,2025-02-18 14:06:00,search
E003559,C00445,2024-10-09 09:41:00,add_to_cart
E003560,C00445,2025-12-31 08:31:00,page_view
E003561,C00446,2025-08-09 15:40:00,search
E003562,C00446,2023-08-22 05:17:00,app_open
E003563,C00446,2025-06-11 06:11:00,page_view
E003564,C00446,2025-05-25 00:33:00,app_open
E003565,C00446,2023-02-14 02:20:00,search
E003566,C00446,2024-09-07 01:35:00,page_view
E003567,C00446,2023-06-17 11:07:00,add_to_cart
E003568,C00446,2024-09-07 23:38:00,app_open
E003569,C00447,2024-06-02 06:29:00,app_open
E003570,C00447,2025-01-25 15:25:00,search
E003571,C00447,2024-01-03 19:08:00,search
E003572,C00447,2024-02-10 12:35:00,add_to_cart
E003573,C00447,2025-10-23 16:56:00,add_to_cart
E003574,C00447,2025-12-23 23:09:00,app_open
E003575,C00447,2025-11-18 04:27:00,add_to_cart
E003576,C00447,2025-09-30 14:55:00,add_to_cart
E003577,C00448,2024-02-21 21:36:00,page_view
E003578,C00448,2023-05-29 18:50:00,add_to_cart
E003579,C00448,2023-04-02 14:57:00,add_to_cart
E003580,C00448,2024-06-08 07:02:00,app_open
E003581,C00448,2023-06-08 01:39:00,app_open
E003582,C00448,2023-10-04 14:17:00,add_to_cart
E003583,C00448,2025-12-29 07:20:00,search
E003584,C00448,2024-01-09 04:16:00,search
E003585,C00449,2025-01-28 21:47:00,search
E003586,C00449,2025-01-01 10:15:00,app_open
E003587,C00449,2023-02-25 16:05:00,app_open
E003588,C00449,2024-08-06 21:57:00,add_to_cart
E003589,C00449,2024-11-11 21:06:00,search
E003590,C00449,2025-06-14 12:50:00,app_open
E003591,C00449,2025-01-13 12:22:00,add_to_cart
E003592,C00449,2024-12-30 22:36:00,search
E003593,C00450,2025-01-29 15:32:00,add_to_cart
E003594,C00450,2025-03-03 03:44:00,page_view
E003595,C00450,2025-11-04 02:05:00,page_view
E003596,C00450,2023-11-06 03:19:00,app_open
E003597,C00450,2025-07-28 18:19:00,page_view
E003598,C00450,2023-07-26 19:37:00,app_open
E003599,C00450,2024-05-06 01:33:00,app_open
E003600,C00450,2023-11-24 19:22:00,page_view
E003601,C00451,2023-03-24 22:30:00,page_view
E003602,C00451,2023-06-04 00:30:00,add_to_cart
E003603,C00451,2023-08-21 13:09:00,app_open
E003604,C00451,2023-07-10 15:57:00,app_open
E003605,C00451,2023-01-22 23:48:00,search
E003606,C00451,2025-11-23 02:12:00,add_to_cart
E003607,C00451,2023-08-29 09:50:00,search
E003608,C00451,2024-05-31 04:45:00,page_view
E003609,C00452,2025-07-28 09:01:00,page_view
E003610,C00452,2025-07-06 16:37:00,page_view
E003611,C00452,2023-12-11 06:13:00,add_to_cart
E003612,C00452,2023-02-18 07:27:00,page_view
E003613,C00452,2023-08-02 22:12:00,app_open
E003614,C00452,2023-09-03 10:04:00,page_view
E003615,C00452,2023-10-18 15:14:00,add_to_cart
E003616,C00452,2023-08-27 19:34:00,page_view
E003617,C00453,2024-01-26 00:38:00,add_to_cart
E003618,C00453,2025-06-28 14:52:00,add_to_cart
E003619,C00453,2025-12-18 18:02:00,add_to_cart
E003620,C00453,2024-02-01 08:37:00,page_view
E003621,C00453,2023-12-23 22:44:00,app_open
E003622,C00453,2024-10-01 16:45:00,search
E003623,C00453,2025-05-04 08:16:00,app_open
E003624,C00453,2023-03-04 22:21:00,app_open
E003625,C00454,2025-11-15 22:19:00,search
E003626,C00454,2024-04-10 18:28:00,add_to_cart
E003627,C00454,2025-09-05 23:18:00,page_view
E003628,C00454,2025-02-02 16:26:00,add_to_cart
E003629,C00454,2025-10-30 07:39:00,add_to_cart
E003630,C00454,2025-03-10 12:26:00,search
E003631,C00454,2023-12-20 13:00:00,page_view
E003632,C00454,2023-07-18 05:02:00,add_to_cart
E003633,C00455,2024-01-09 19:24:00,page_view
E003634,C00455,2023-06-18 16:55:00,add_to_cart
E003635,C00455,2024-03-27 14:29:00,add_to_cart
E003636,C00455,2025-06-02 01:43:00,search
E003637,C00455,2025-09-12 12:05:00,add_to_cart
E003638,C00455,2025-01-07 05:14:00,search
E003639,C00455,2025-07-11 04:03:00,app_open
E003640,C00455,2023-09-17 21:31:00,app_open
E003641,C00456,2023-05-22 13:05:00,app_open
E003642,C00456,2025-06-14 02:51:00,app_open
E003643,C00456,2025-07-06 07:16:00,add_to_cart
E003644,C00456,2025-12-02 00:17:00,app_open
E003645,C00456,2025-08-23 15:00:00,page_view
E003646,C00456,2023-01-15 00:29:00,add_to_cart
E003647,C00456,2023-03-27 06:11:00,page_view
E003648,C00456,2025-09-10 17:00:00,app_open
E003649,C00457,2023-05-05 01:33:00,page_view
E003650,C00457,2024-02-23 22:32:00,add_to_cart
E003651,C00457,2023-02-22 06:12:00,page_view
E003652,C00457,2025-01-07 19:10:00,search
E003653,C00457,2023-08-25 10:23:00,add_to_cart
E003654,C00457,2024-06-12 18:50:00,add_to_cart
E003655,C00457,2023-07-22 06:54:00,add_to_cart
E003656,C00457,2023-01-04 21:16:00,app_open
E003657,C00458,2025-09-18 16:27:00,page_view
E003658,C00458,2023-01-05 01:08:00,search
E003659,C00458,2023-01-28 18:42:00,add_to_cart
E003660,C00458,2023-12-02 10:42:00,page_view
E003661,C00458,2025-12-24 02:59:00,add_to_cart
E003662,C00458,2024-12-30 04:15:00,app_open
E003663,C00458,2025-06-25 07:01:00,add_to_cart
E003664,C00458,2025-11-25 11:04:00,search
E003665,C00459,2025-05-02 09:03:00,page_view
E003666,C00459,2024-07-30 07:25:00,search
E003667,C00459,2023-09-16 18:39:00,app_open
E003668,C00459,2023-01-10 10:11:00,page_view
E003669,C00459,2025-10-20 12:20:00,search
E003670,C00459,2023-01-05 10:45:00,search
E003671,C00459,2025-07-17 12:28:00,app_open
E003672,C00459,2025-04-05 06:57:00,app_open
E003673,C00460,2024-09-30 07:51:00,page_view
E003674,C00460,2024-11-29 20:20:00,page_view
E003675,C00460,2024-09-01 11:59:00,add_to_cart
E003676,C00460,2025-07-03 20:26:00,app_open
E003677,C00460,2023-05-23 11:42:00,add_to_cart
E003678,C00460,2025-11-16 09:24:00,search
E003679,C00460,2024-05-18 22:55:00,page_view
E003680,C00460,2025-04-09 01:32:00,app_open
E003681,C00461,2025-06-24 04:45:00,search
E003682,C00461,2023-10-31 08:27:00,page_view
E003683,C00461,2024-04-28 09:18:00,add_to_cart
E003684,C00461,2024-07-27 11:07:00,page_view
E003685,C00461,2024-12-16 10:43:00,page_view
E003686,C00461,2023-03-29 20:01:00,add_to_cart
E003687,C00461,2025-09-27 08:30:00,add_to_cart
E003688,C00461,2023-02-20 23:56:00,page_view
E003689,C00462,2023-03-15 06:23:00,page_view
E003690,C00462,2025-10-24 23:59:00,search
E003691,C00462,2024-02-20 01:55:00,app_open
E003692,C00462,2024-09-20 02:17:00,app_open
E003693,C00462,2024-10-13 07:06:00,page_view
E003694,C00462,2023-05-12 08:04:00,search
E003695,C00462,2024-05-04 16:44:00,search
E003696,C00462,2025-11-10 04:23:00,add_to_cart
E003697,C00463,2024-07-10 16:28:00,app_open
E003698,C00463,2025-09-07 01:52:00,app_open
E003699,C00463,2023-08-29 13:46:00,app_open
E003700,C00463,2024-08-28 20:42:00,search
E003701,C00463,2025-01-07 00:25:00,add_to_cart
E003702,C00463,2023-10-03 12:26:00,app_open
E003703,C00463,2025-02-08 23:56:00,page_view
E003704,C00463,2025-07-07 05:42:00,app_open
E003705,C00464,2025-06-08 06:15:00,page_view
E003706,C00464,2025-07-31 14:32:00,app_open
E003707,C00464,2025-10-08 07:00:00,add_to_cart
E003708,C00464,2024-08-28 18:43:00,app_open
E003709,C00464,2025-05-09 10:55:00,add_to_cart
E003710,C00464,2024-02-07 22:04:00,page_view
E003711,C00464,2023-02-20 18:22:00,app_open
E003712,C00464,2023-04-01 11:27:00,add_to_cart
E003713,C00465,2023-06-09 21:04:00,page_view
E003714,C00465,2025-09-21 08:44:00,page_view
E003715,C00465,2023-12-14 07:30:00,page_view
E003716,C00465,2024-12-27 05:46:00,page_view
E003717,C00465,2023-04-13 05:51:00,search
E003718,C00465,2025-05-24 05:28:00,search
E003719,C00465,2023-09-11 09:14:00,search
E003720,C00465,2023-05-27 20:29:00,page_view
E003721,C00466,2024-07-04 01:40:00,page_view
E003722,C00466,2023-06-24 04:16:00,app_open
E003723,C00466,2023-12-29 13:10:00,app_open
E003724,C00466,2024-07-18 10:01:00,search
E003725,C00466,2025-01-08 08:35:00,search
E003726,C00466,2023-10-01 16:42:00,search
E003727,C00466,2024-07-27 03:50:00,page_view
E003728,C00466,2024-10-09 10:33:00,page_view
E003729,C00467,2024-05-08 21:26:00,page_view
E003730,C00467,2023-08-28 08:05:00,search
E003731,C00467,2025-08-26 07:44:00,app_open
E003732,C00467,2025-11-29 06:40:00,search
E003733,C00467,2024-12-04 22:26:00,app_open
E003734,C00467,2025-11-15 07:04:00,app_open
E003735,C00467,2024-09-28 06:33:00,app_open
E003736,C00467,2025-09-20 22:43:00,search
E003737,C00468,2023-07-14 04:34:00,add_to_cart
E003738,C00468,2023-01-05 19:58:00,search
E003739,C00468,2024-03-11 07:42:00,page_view
E003740,C00468,2025-06-26 00:06:00,app_open
E003741,C00468,2024-02-24 20:36:00,page_view
E003742,C00468,2024-01-29 15:01:00,add_to_cart
E003743,C00468,2025-09-30 01:19:00,search
E003744,C00468,2024-09-22 12:33:00,page_view
E003745,C00469,2025-08-27 08:13:00,page_view
E003746,C00469,2023-05-31 09:23:00,app_open
E003747,C00469,2024-05-28 16:31:00,search
E003748,C00469,2024-02-16 22:08:00,page_view
E003749,C00469,2025-05-31 01:59:00,add_to_cart
E003750,C00469,2024-05-31 14:05:00,page_view
E003751,C00469,2024-04-24 13:07:00,add_to_cart
E003752,C00469,2024-09-26 20:18:00,search
E003753,C00470,2024-01-07 17:56:00,page_view
E003754,C00470,2025-02-14 11:12:00,search
E003755,C00470,2025-08-15 12:53:00,search
E003756,C00470,2023-02-18 16:52:00,search
E003757,C00470,2023-01-24 22:12:00,app_open
E003758,C00470,2023-11-15 22:45:00,app_open
E003759,C00470,2025-01-30 06:01:00,add_to_cart
E003760,C00470,2023-02-21 15:59:00,search
E003761,C00471,2025-02-17 06:23:00,page_view
E003762,C00471,2023-06-14 05:26:00,add_to_cart
E003763,C00471,2024-12-04 00:35:00,page_view
E003764,C00471,2025-05-31 18:24:00,add_to_cart
E003765,C00471,2024-06-28 11:39:00,app_open
E003766,C00471,2025-08-14 10:17:00,add_to_cart
E003767,C00471,2024-02-29 09:08:00,page_view
E003768,C00471,2025-04-22 20:25:00,page_view
E003769,C00472,2024-11-29 03:39:00,add_to_cart
E003770,C00472,2023-12-10 20:49:00,add_to_cart
E003771,C00472,2023-12-30 10:14:00,search
E003772,C00472,2024-07-29 09:21:00,search
E003773,C00472,2024-12-06 12:17:00,add_to_cart
E003774,C00472,2024-01-05 01:44:00,app_open
E003775,C00472,2025-07-12 08:51:00,add_to_cart
E003776,C00472,2025-02-25 16:19:00,search
E003777,C00473,2024-07-02 11:19:00,search
E003778,C00473,2023-08-08 20:02:00,page_view
E003779,C00473,2024-04-15 03:26:00,search
E003780,C00473,2025-10-20 15:16:00,app_open
E003781,C00473,2024-03-30 04:18:00,page_view
E003782,C00473,2023-12-25 10:05:00,page_view
E003783,C00473,2025-05-18 01:55:00,add_to_cart
E003784,C00473,2023-09-28 12:27:00,app_open
E003785,C00474,2024-04-27 08:36:00,app_open
E003786,C00474,2025-07-19 06:36:00,page_view
E003787,C00474,2023-04-10 21:49:00,add_to_cart
E003788,C00474,2023-02-14 15:09:00,add_to_cart
E003789,C00474,2025-07-15 19:40:00,add_to_cart
E003790,C00474,2023-03-09 10:55:00,app_open
E003791,C00474,2025-07-05 19:32:00,app_open
E003792,C00474,2024-04-19 05:04:00,app_open
E003793,C00475,2023-03-06 05:59:00,app_open
E003794,C00475,2024-05-21 03:20:00,app_open
E003795,C00475,2025-08-04 09:38:00,page_view
E003796,C00475,2024-10-17 16:02:00,add_to_cart
E003797,C00475,2025-03-07 02:18:00,add_to_cart
E003798,C00475,2025-07-01 04:56:00,add_to_cart
E003799,C00475,2023-03-13 09:27:00,search
E003800,C00475,2025-11-05 08:57:00,search
E003801,C00476,2024-06-29 11:43:00,search
E003802,C00476,2024-11-23 22:57:00,search
E003803,C00476,2023-08-24 04:47:00,add_to_cart
E003804,C00476,2023-09-27 10:03:00,page_view
E003805,C00476,2024-09-07 20:43:00,app_open
E003806,C00476,2024-01-15 06:28:00,app_open
E003807,C00476,2025-01-23 20:33:00,search
E003808,C00476,2025-04-28 12:42:00,page_view
E003809,C00477,2025-03-24 03:47:00,page_view
E003810,C00477,2024-10-22 15:38:00,search
E003811,C00477,2024-03-16 03:27:00,page_view
E003812,C00477,2023-03-17 00:50:00,page_view
E003813,C00477,2023-02-16 19:55:00,add_to_cart
E003814,C00477,2023-07-20 06:17:00,app_open
E003815,C00477,2024-04-19 05:15:00,page_view
E003816,C00477,2023-11-08 12:15:00,search
E003817,C00478,2025-09-14 06:05:00,add_to_cart
E003818,C00478,2023-11-12 19:53:00,page_view
E003819,C00478,2024-12-12 07:18:00,add_to_cart
E003820,C00478,2024-02-11 04:52:00,app_open
E003821,C00478,2024-01-19 19:32:00,search
E003822,C00478,2025-11-06 20:21:00,search
E003823,C00478,2025-01-07 15:03:00,add_to_cart
E003824,C00478,2024-04-27 12:29:00,app_open
E003825,C00479,2024-12-13 19:16:00,add_to_cart
E003826,C00479,2025-08-30 06:53:00,search
E003827,C00479,2023-10-20 14:30:00,add_to_cart
E003828,C00479,2023-01-18 04:28:00,search
E003829,C00479,2023-12-12 02:28:00,page_view
E003830,C00479,2025-07-10 11:52:00,page_view
E003831,C00479,2024-03-01 09:46:00,page_view
E003832,C00479,2025-07-06 22:11:00,page_view
E003833,C00480,2024-12-04 16:47:00,search
E003834,C00480,2023-01-12 16:05:00,search
E003835,C00480,2025-02-07 13:12:00,page_view
E003836,C00480,2023-04-19 01:43:00,search
E003837,C00480,2024-03-22 01:53:00,page_view
E003838,C00480,2024-06-21 16:12:00,add_to_cart
E003839,C00480,2025-05-25 07:25:00,add_to_cart
E003840,C00480,2023-06-02 21:28:00,app_open
E003841,C00481,2023-09-14 20:05:00,page_view
E003842,C00481,2024-04-17 19:20:00,add_to_cart
E003843,C00481,2023-11-06 15:09:00,page_view
E003844,C00481,2024-04-26 13:13:00,page_view
E003845,C00481,2025-02-17 00:44:00,app_open
E003846,C00481,2025-04-03 15:16:00,search
E003847,C00481,2025-06-06 09:59:00,add_to_cart
E003848,C00481,2023-12-02 20:23:00,app_open
E003849,C00482,2025-03-26 21:54:00,search
E003850,C00482,2024-07-27 06:40:00,page_view
E003851,C00482,2024-11-12 22:57:00,search
E003852,C00482,2024-06-09 10:23:00,page_view
E003853,C00482,2023-09-19 15:16:00,add_to_cart
E003854,C00482,2025-11-11 00:57:00,page_view
E003855,C00482,2025-05-20 03:03:00,search
E003856,C00482,2025-07-16 11:50:00,app_open
E003857,C00483,2023-06-11 18:16:00,page_view
E003858,C00483,2025-03-27 06:59:00,add_to_cart
E003859,C00483,2024-09-29 14:17:00,search
E003860,C00483,2025-12-12 13:13:00,app_open
E003861,C00483,2025-11-17 17:16:00,app_open
E003862,C00483,2025-09-28 07:26:00,app_open
E003863,C00483,2024-03-26 19:28:00,app_open
E003864,C00483,2023-11-26 07:41:00,app_open
E003865,C00484,2024-07-11 23:46:00,add_to_cart
E003866,C00484,2023-12-03 06:20:00,app_open
E003867,C00484,2024-05-25 01:45:00,app_open
E003868,C00484,2023-09-27 23:11:00,page_view
E003869,C00484,2023-01-25 19:11:00,search
E003870,C00484,2023-12-17 10:10:00,add_to_cart
E003871,C00484,2025-01-20 11:25:00,app_open
E003872,C00484,2024-12-06 11:53:00,add_to_cart
E003873,C00485,2024-07-13 01:54:00,app_open
E003874,C00485,2025-12-23 00:10:00,page_view
E003875,C00485,2023-09-21 18:13:00,add_to_cart
E003876,C00485,2025-01-23 02:45:00,page_view
E003877,C00485,2024-08-24 20:36:00,add_to_cart
E003878,C00485,2023-10-17 00:04:00,page_view
E003879,C00485,2024-08-22 15:35:00,page_view
E003880,C00485,2025-04-29 18:02:00,search
E003881,C00486,2023-06-22 11:16:00,app_open
E003882,C00486,2024-06-07 22:49:00,search
E003883,C00486,2024-07-28 04:07:00,search
E003884,C00486,2025-03-14 04:41:00,app_open
E003885,C00486,2023-06-11 03:50:00,app_open
E003886,C00486,2025-10-14 00:05:00,app_open
E003887,C00486,2024-06-29 02:20:00,page_view
E003888,C00486,2024-05-20 06:43:00,app_open
E003889,C00487,2023-12-04 10:13:00,app_open
E003890,C00487,2023-04-05 08:23:00,add_to_cart
E003891,C00487,2024-09-27 14:11:00,add_to_cart
E003892,C00487,2024-06-21 00:15:00,search
E003893,C00487,2023-07-24 08:33:00,add_to_cart
E003894,C00487,2024-10-18 17:33:00,page_view
E003895,C00487,2023-11-13 06:57:00,app_open
E003896,C00487,2025-10-14 09:14:00,search
E003897,C00488,2024-12-06 23:41:00,page_view
E003898,C00488,2024-05-24 18:22:00,search
E003899,C00488,2024-04-20 13:51:00,app_open
E003900,C00488,2024-04-06 07:42:00,add_to_cart
E003901,C00488,2023-09-21 02:42:00,page_view
E003902,C00488,2023-04-28 09:16:00,page_view
E003903,C00488,2025-10-17 07:20:00,page_view
E003904,C00488,2025-09-27 11:18:00,search
E003905,C00489,2023-11-14 15:40:00,search
E003906,C00489,2024-05-21 22:13:00,search
E003907,C00489,2024-08-25 00:19:00,app_open
E003908,C00489,2024-03-05 00:39:00,search
E003909,C00489,2024-12-23 23:14:00,add_to_cart
E003910,C00489,2025-08-04 07:06:00,page_view
E003911,C00489,2023-10-17 22:39:00,app_open
E003912,C00489,2023-12-06 12:52:00,add_to_cart
E003913,C00490,2024-05-14 11:52:00,add_to_cart
E003914,C00490,2023-11-26 23:59:00,app_open
E003915,C00490,2023-04-04 20:22:00,add_to_cart
E003916,C00490,2023-04-22 23:32:00,page_view
E003917,C00490,2024-03-16 14:07:00,page_view
E003918,C00490,2023-08-04 03:10:00,add_to_cart
E003919,C00490,2024-11-28 22:33:00,page_view
E003920,C00490,2023-09-15 03:03:00,add_to_cart
E003921,C00491,2025-08-05 17:31:00,add_to_cart
E003922,C00491,2023-10-14 13:38:00,search
E003923,C00491,2025-12-23 23:50:00,app_open
E003924,C00491,2023-04-01 18:37:00,app_open
E003925,C00491,2023-07-12 14:21:00,app_open
E003926,C00491,2023-06-20 10:19:00,add_to_cart
E003927,C00491,2023-10-11 23:39:00,search
E003928,C00491,2023-07-16 19:26:00,search
E003929,C00492,2025-01-03 10:55:00,app_open
E003930,C00492,2023-03-09 08:40:00,app_open
E003931,C00492,2024-11-11 19:17:00,add_to_cart
E003932,C00492,2024-10-22 11:27:00,search
E003933,C00492,2024-08-29 22:30:00,page_view
E003934,C00492,2024-01-23 11:34:00,app_open
E003935,C00492,2025-11-22 14:38:00,app_open
E003936,C00492,2025-11-05 22:12:00,search
E003937,C00493,2023-08-07 23:41:00,add_to_cart
E003938,C00493,2024-12-19 14:38:00,page_view
E003939,C00493,2024-10-11 01:57:00,app_open
E003940,C00493,2025-02-23 05:59:00,page_view
E003941,C00493,2024-10-24 07:18:00,search
E003942,C00493,2023-12-08 03:16:00,add_to_cart
E003943,C00493,2024-06-15 10:54:00,search
E003944,C00493,2024-04-17 18:47:00,add_to_cart
E003945,C00494,2025-04-23 08:58:00,search
E003946,C00494,2023-09-07 05:48:00,search
E003947,C00494,2023-05-30 20:30:00,app_open
E003948,C00494,2024-03-15 02:08:00,add_to_cart
E003949,C00494,2024-02-23 13:33:00,search
E003950,C00494,2023-09-22 01:25:00,add_to_cart
E003951,C00494,2024-11-09 18:13:00,page_view
E003952,C00494,2023-01-27 03:28:00,page_view
E003953,C00495,2025-06-30 09:59:00,search
E003954,C00495,2024-10-28 19:37:00,app_open
E003955,C00495,2025-09-27 10:23:00,page_view
E003956,C00495,2024-06-20 08:45:00,add_to_cart
E003957,C00495,2023-09-09 04:16:00,page_view
E003958,C00495,2024-07-16 06:29:00,add_to_cart
E003959,C00495,2024-04-14 15:14:00,app_open
E003960,C00495,2025-09-09 04:12:00,add_to_cart
E003961,C00496,2025-04-30 16:49:00,add_to_cart
E003962,C00496,2025-03-15 08:06:00,add_to_cart
E003963,C00496,2025-07-09 10:55:00,search
E003964,C00496,2024-09-21 01:10:00,app_open
E003965,C00496,2025-07-23 12:19:00,search
E003966,C00496,2025-08-29 19:50:00,search
E003967,C00496,2025-11-10 09:09:00,search
E003968,C00496,2025-11-11 00:48:00,page_view
E003969,C00497,2023-01-14 14:32:00,page_view
E003970,C00497,2023-02-24 02:43:00,page_view
E003971,C00497,2023-08-29 12:07:00,page_view
E003972,C00497,2024-06-09 17:56:00,app_open
E003973,C00497,2024-04-27 07:37:00,app_open
E003974,C00497,2023-12-23 09:20:00,app_open
E003975,C00497,2024-07-03 05:34:00,search
E003976,C00497,2024-04-05 00:36:00,page_view
E003977,C00498,2023-10-21 01:52:00,page_view
E003978,C00498,2023-12-03 08:25:00,app_open
E003979,C00498,2024-11-06 21:56:00,app_open
E003980,C00498,2025-03-27 19:01:00,search
E003981,C00498,2025-08-06 16:55:00,page_view
E003982,C00498,2023-09-10 13:06:00,page_view
E003983,C00498,2023-07-07 22:23:00,app_open
E003984,C00498,2025-10-13 19:20:00,page_view
E003985,C00499,2024-06-18 17:31:00,search
E003986,C00499,2023-03-25 00:47:00,app_open
E003987,C00499,2025-02-04 02:06:00,page_view
E003988,C00499,2023-04-08 04:13:00,page_view
E003989,C00499,2023-03-07 01:42:00,add_to_cart
E003990,C00499,2024-07-13 00:28:00,add_to_cart
E003991,C00499,2024-05-07 05:30:00,app_open
E003992,C00499,2023-04-14 22:24:00,app_open
E003993,C00500,2023-10-23 01:29:00,add_to_cart
E003994,C00500,2025-02-17 00:18:00,add_to_cart
E003995,C00500,2025-01-28 10:56:00,app_open
E003996,C00500,2024-09-05 12:04:00,add_to_cart
E003997,C00500,2023-03-17 17:46:00,add_to_cart
E003998,C00500,2025-11-27 12:11:00,search
E003999,C00500,2023-08-03 10:44:00,app_open
E004000,C00500,2023-10-23 06:00:00,page_view
E004001,C00501,2024-02-13 11:43:00,search
E004002,C00501,2025-06-13 03:46:00,search
E004003,C00501,2023-01-14 14:04:00,add_to_cart
E004004,C00501,2025-05-22 04:15:00,app_open
E004005,C00501,2024-12-07 02:33:00,app_open
E004006,C00501,2025-04-19 18:21:00,add_to_cart
E004007,C00501,2025-11-07 16:26:00,app_open
E004008,C00501,2025-05-03 01:03:00,search
E004009,C00502,2024-01-01 10:39:00,page_view
E004010,C00502,2024-11-08 05:31:00,app_open
E004011,C00502,2025-09-08 11:26:00,page_view
E004012,C00502,2023-02-17 14:26:00,add_to_cart
E004013,C00502,2025-01-19 14:51:00,search
E004014,C00502,2025-02-02 18:09:00,app_open
E004015,C00502,2024-03-25 06:31:00,page_view
E004016,C00502,2023-05-12 10:40:00,app_open
E004017,C00503,2024-01-31 00:45:00,search
E004018,C00503,2023-07-04 23:51:00,search
E004019,C00503,2024-08-01 09:04:00,search
E004020,C00503,2024-04-05 01:57:00,app_open
E004021,C00503,2023-05-15 01:59:00,add_to_cart
E004022,C00503,2024-07-23 13:34:00,page_view
E004023,C00503,2025-11-11 22:46:00,search
E004024,C00503,2025-11-13 22:16:00,add_to_cart
E004025,C00504,2023-01-02 02:18:00,add_to_cart
E004026,C00504,2024-05-07 09:03:00,app_open
E004027,C00504,2024-03-19 05:40:00,app_open
E004028,C00504,2023-10-26 14:31:00,page_view
E004029,C00504,2025-01-17 20:43:00,search
E004030,C00504,2023-02-11 12:50:00,app_open
E004031,C00504,2025-03-01 02:23:00,add_to_cart
E004032,C00504,2024-08-19 14:34:00,app_open
E004033,C00505,2025-09-16 05:08:00,page_view
E004034,C00505,2023-12-04 00:32:00,add_to_cart
E004035,C00505,2023-06-16 23:16:00,add_to_cart
E004036,C00505,2025-11-08 00:19:00,page_view
E004037,C00505,2024-05-31 21:34:00,app_open
E004038,C00505,2024-06-10 20:18:00,add_to_cart
E004039,C00505,2023-11-05 06:31:00,app_open
E004040,C00505,2025-07-22 03:59:00,app_open
E004041,C00506,2025-08-22 09:56:00,search
E004042,C00506,2023-09-08 04:12:00,page_view
E004043,C00506,2024-11-13 10:26:00,app_open
E004044,C00506,2025-01-08 13:48:00,page_view
E004045,C00506,2023-03-30 21:02:00,app_open
E004046,C00506,2024-03-07 02:18:00,app_open
E004047,C00506,2025-01-05 07:01:00,page_view
E004048,C00506,2024-09-13 00:16:00,add_to_cart
E004049,C00507,2024-10-25 05:24:00,page_view
E004050,C00507,2023-03-24 09:17:00,add_to_cart
E004051,C00507,2023-03-24 18:55:00,page_view
E004052,C00507,2025-01-10 12:46:00,app_open
E004053,C00507,2024-11-07 00:55:00,add_to_cart
E004054,C00507,2024-11-15 17:59:00,search
E004055,C00507,2023-08-30 01:27:00,app_open
E004056,C00507,2025-09-30 07:12:00,app_open
E004057,C00508,2023-09-09 20:14:00,add_to_cart
E004058,C00508,2025-09-08 04:26:00,search
E004059,C00508,2024-05-09 09:07:00,page_view
E004060,C00508,2024-09-11 11:30:00,page_view
E004061,C00508,2023-11-27 16:41:00,add_to_cart
E004062,C00508,2023-01-17 17:19:00,add_to_cart
E004063,C00508,2024-08-23 03:48:00,page_view
E004064,C00508,2024-02-10 06:31:00,app_open
E004065,C00509,2024-04-28 06:29:00,app_open
E004066,C00509,2024-07-12 13:09:00,search
E004067,C00509,2025-08-30 16:58:00,search
E004068,C00509,2025-02-08 10:11:00,add_to_cart
E004069,C00509,2024-08-20 03:07:00,add_to_cart
E004070,C00509,2024-12-06 04:08:00,search
E004071,C00509,2025-04-17 01:56:00,page_view
E004072,C00509,2025-12-17 12:33:00,app_open
E004073,C00510,2024-03-27 17:48:00,add_to_cart
E004074,C00510,2025-03-29 14:15:00,search
E004075,C00510,2023-03-28 14:21:00,search
E004076,C00510,2025-03-05 04:41:00,search
E004077,C00510,2024-11-14 00:25:00,app_open
E004078,C00510,2025-05-31 06:19:00,app_open
E004079,C00510,2024-08-30 01:57:00,search
E004080,C00510,2024-06-22 11:42:00,search
E004081,C00511,2023-12-29 19:46:00,page_view
E004082,C00511,2025-01-14 22:03:00,search
E004083,C00511,2023-09-12 20:36:00,page_view
E004084,C00511,2023-10-18 14:00:00,page_view
E004085,C00511,2023-01-05 03:47:00,page_view
E004086,C00511,2025-04-27 17:07:00,page_view
E004087,C00511,2025-12-20 07:30:00,app_open
E004088,C00511,2024-02-27 08:25:00,search
E004089,C00512,2023-10-14 23:19:00,search
E004090,C00512,2023-02-20 06:03:00,page_view
E004091,C00512,2023-11-09 22:14:00,add_to_cart
E004092,C00512,2023-06-14 07:41:00,page_view
E004093,C00512,2024-09-16 11:33:00,search
E004094,C00512,2023-08-13 13:23:00,page_view
E004095,C00512,2025-08-13 20:25:00,add_to_cart
E004096,C00512,2024-03-12 12:15:00,search
E004097,C00513,2025-08-04 17:16:00,app_open
E004098,C00513,2025-02-08 11:24:00,app_open
E004099,C00513,2025-07-25 09:02:00,page_view
E004100,C00513,2024-08-29 06:18:00,search
E004101,C00513,2023-02-08 09:40:00,app_open
E004102,C00513,2025-03-19 06:43:00,add_to_cart
E004103,C00513,2024-08-30 09:51:00,add_to_cart
E004104,C00513,2023-11-04 14:37:00,app_open
E004105,C00514,2025-04-11 17:35:00,page_view
E004106,C00514,2024-10-02 01:49:00,search
E004107,C00514,2025-07-31 01:31:00,app_open
E004108,C00514,2023-03-16 07:26:00,page_view
E004109,C00514,2025-04-08 22:11:00,add_to_cart
E004110,C00514,2025-08-11 14:00:00,search
E004111,C00514,2025-04-30 08:17:00,page_view
E004112,C00514,2024-07-09 11:04:00,app_open
E004113,C00515,2024-10-15 04:11:00,add_to_cart
E004114,C00515,2024-06-04 00:01:00,app_open
E004115,C00515,2023-08-18 08:51:00,page_view
E004116,C00515,2024-02-26 04:09:00,add_to_cart
E004117,C00515,2024-11-19 17:39:00,add_to_cart
E004118,C00515,2024-04-28 16:54:00,search
E004119,C00515,2024-09-08 06:27:00,add_to_cart
E004120,C00515,2024-11-13 08:48:00,app_open
E004121,C00516,2023-05-11 14:54:00,search
E004122,C00516,2025-08-02 11:08:00,search
E004123,C00516,2024-11-01 07:05:00,add_to_cart
E004124,C00516,2025-10-07 20:43:00,page_view
E004125,C00516,2025-01-06 18:22:00,app_open
E004126,C00516,2025-05-14 15:02:00,add_to_cart
E004127,C00516,2025-08-16 18:18:00,app_open
E004128,C00516,2024-05-13 19:54:00,page_view
E004129,C00517,2024-11-04 12:52:00,app_open
E004130,C00517,2025-01-14 07:32:00,page_view
E004131,C00517,2025-04-18 01:28:00,search
E004132,C00517,2024-05-12 06:33:00,page_view
E004133,C00517,2024-04-14 08:57:00,app_open
E004134,C00517,2025-01-13 00:07:00,app_open
E004135,C00517,2023-02-17 20:34:00,app_open
E004136,C00517,2023-11-02 06:31:00,app_open
E004137,C00518,2023-06-02 21:44:00,add_to_cart
E004138,C00518,2023-07-09 18:38:00,page_view
E004139,C00518,2023-05-10 22:09:00,add_to_cart
E004140,C00518,2025-07-05 18:55:00,search
E004141,C00518,2023-01-05 07:25:00,search
E004142,C00518,2025-07-09 22:30:00,page_view
E004143,C00518,2023-07-24 09:23:00,search
E004144,C00518,2024-05-23 18:40:00,search
E004145,C00519,2023-10-26 01:07:00,search
E004146,C00519,2025-11-29 08:35:00,page_view
E004147,C00519,2024-06-29 20:53:00,add_to_cart
E004148,C00519,2023-03-05 19:41:00,search
E004149,C00519,2025-09-27 04:24:00,add_to_cart
E004150,C00519,2023-01-10 18:35:00,add_to_cart
E004151,C00519,2024-02-17 16:35:00,add_to_cart
E004152,C00519,2025-02-15 05:04:00,page_view
E004153,C00520,2024-03-27 05:29:00,page_view
E004154,C00520,2023-01-08 20:11:00,search
E004155,C00520,2025-02-10 03:08:00,search
E004156,C00520,2025-02-07 12:47:00,page_view
E004157,C00520,2023-08-20 01:07:00,app_open
E004158,C00520,2025-03-28 17:12:00,search
E004159,C00520,2025-03-05 00:49:00,app_open
E004160,C00520,2023-02-15 07:04:00,page_view
E004161,C00521,2023-04-20 04:35:00,add_to_cart
E004162,C00521,2024-02-02 06:17:00,app_open
E004163,C00521,2025-07-21 08:47:00,add_to_cart
E004164,C00521,2024-07-03 12:14:00,app_open
E004165,C00521,2023-05-24 06:56:00,add_to_cart
E004166,C00521,2023-06-24 21:05:00,add_to_cart
E004167,C00521,2024-01-30 21:45:00,page_view
E004168,C00521,2023-06-08 04:46:00,app_open
E004169,C00522,2025-07-08 14:54:00,search
E004170,C00522,2024-08-26 03:22:00,search
E004171,C00522,2023-09-22 05:53:00,app_open
E004172,C00522,2024-06-15 05:15:00,add_to_cart
E004173,C00522,2025-09-26 21:00:00,search
E004174,C00522,2024-04-09 17:06:00,search
E004175,C00522,2024-06-19 21:34:00,page_view
E004176,C00522,2023-03-12 03:25:00,search
E004177,C00523,2025-09-03 05:01:00,add_to_cart
E004178,C00523,2025-06-12 23:53:00,search
E004179,C00523,2023-11-27 13:30:00,page_view
E004180,C00523,2024-04-11 22:00:00,app_open
E004181,C00523,2025-06-02 13:12:00,search
E004182,C00523,2025-07-08 04:46:00,add_to_cart
E004183,C00523,2023-07-12 06:03:00,search
E004184,C00523,2023-10-11 02:17:00,app_open
E004185,C00524,2025-08-23 00:19:00,search
E004186,C00524,2025-05-24 03:06:00,search
E004187,C00524,2023-04-27 12:21:00,app_open
E004188,C00524,2023-07-28 16:49:00,app_open
E004189,C00524,2025-06-01 13:46:00,app_open
E004190,C00524,2023-02-26 08:46:00,add_to_cart
E004191,C00524,2024-05-16 11:23:00,app_open
E004192,C00524,2024-07-23 06:39:00,add_to_cart
E004193,C00525,2024-12-29 09:55:00,page_view
E004194,C00525,2024-02-18 16:38:00,app_open
E004195,C00525,2024-07-12 07:53:00,add_to_cart
E004196,C00525,2024-10-20 17:54:00,page_view
E004197,C00525,2023-03-14 15:46:00,app_open
E004198,C00525,2024-08-25 15:15:00,page_view
E004199,C00525,2025-02-13 17:49:00,page_view
E004200,C00525,2025-01-15 17:13:00,app_open
E004201,C00526,2024-04-03 14:06:00,add_to_cart
E004202,C00526,2024-12-17 01:22:00,search
E004203,C00526,2024-02-01 06:44:00,search
E004204,C00526,2024-07-27 05:37:00,search
E004205,C00526,2023-02-21 12:50:00,search
E004206,C00526,2024-09-08 02:01:00,page_view
E004207,C00526,2025-01-20 20:53:00,page_view
E004208,C00526,2024-12-28 04:09:00,page_view
E004209,C00527,2024-02-04 08:39:00,search
E004210,C00527,2023-12-26 06:21:00,add_to_cart
E004211,C00527,2025-10-14 18:53:00,app_open
E004212,C00527,2025-07-22 14:12:00,page_view
E004213,C00527,2025-05-29 07:25:00,page_view
E004214,C00527,2023-07-04 17:50:00,app_open
E004215,C00527,2025-05-03 13:21:00,add_to_cart
E004216,C00527,2025-07-25 21:25:00,app_open
E004217,C00528,2025-07-04 05:37:00,add_to_cart
E004218,C00528,2024-03-01 08:02:00,search
E004219,C00528,2025-11-02 01:24:00,app_open
E004220,C00528,2023-02-28 20:40:00,add_to_cart
E004221,C00528,2025-05-05 06:17:00,app_open
E004222,C00528,2025-08-19 02:30:00,add_to_cart
E004223,C00528,2023-05-22 06:55:00,add_to_cart
E004224,C00528,2024-10-24 20:13:00,search
E004225,C00529,2023-02-24 06:58:00,app_open
E004226,C00529,2024-05-31 08:40:00,page_view
E004227,C00529,2024-06-14 03:50:00,add_to_cart
E004228,C00529,2023-07-18 06:51:00,search
E004229,C00529,2024-01-07 14:23:00,page_view
E004230,C00529,2023-01-06 12:57:00,page_view
E004231,C00529,2023-05-17 21:36:00,page_view
E004232,C00529,2023-05-20 14:45:00,search
E004233,C00530,2024-06-30 16:20:00,add_to_cart
E004234,C00530,2025-03-02 08:51:00,page_view
E004235,C00530,2023-05-21 20:21:00,page_view
E004236,C00530,2024-12-13 05:44:00,page_view
E004237,C00530,2025-10-19 06:00:00,add_to_cart
E004238,C00530,2025-02-23 02:47:00,page_view
E004239,C00530,2024-12-13 16:02:00,page_view
E004240,C00530,2023-11-12 08:28:00,search
E004241,C00531,2025-02-18 08:09:00,app_open
E004242,C00531,2025-12-19 13:19:00,add_to_cart
E004243,C00531,2025-07-31 18:23:00,page_view
E004244,C00531,2025-09-08 13:12:00,app_open
E004245,C00531,2024-05-29 03:35:00,page_view
E004246,C00531,2023-07-23 14:58:00,page_view
E004247,C00531,2024-12-30 01:57:00,add_to_cart
E004248,C00531,2023-11-01 13:25:00,page_view
E004249,C00532,2025-01-16 12:15:00,add_to_cart
E004250,C00532,2023-10-22 07:40:00,app_open
E004251,C00532,2025-12-05 22:08:00,search
E004252,C00532,2025-09-28 18:25:00,page_view
E004253,C00532,2024-09-19 11:04:00,add_to_cart
E004254,C00532,2023-03-11 15:01:00,add_to_cart
E004255,C00532,2024-02-23 02:12:00,app_open
E004256,C00532,2025-04-08 06:13:00,page_view
E004257,C00533,2023-07-27 05:39:00,page_view
E004258,C00533,2025-06-08 08:49:00,app_open
E004259,C00533,2023-08-15 11:45:00,add_to_cart
E004260,C00533,2025-10-16 23:09:00,page_view
E004261,C00533,2023-08-06 09:35:00,search
E004262,C00533,2023-09-07 17:22:00,search
E004263,C00533,2025-11-01 12:26:00,add_to_cart
E004264,C00533,2025-12-24 02:47:00,page_view
E004265,C00534,2025-11-07 10:44:00,add_to_cart
E004266,C00534,2023-03-12 03:25:00,search
E004267,C00534,2025-05-15 13:53:00,add_to_cart
E004268,C00534,2025-03-18 07:29:00,search
E004269,C00534,2024-04-14 20:43:00,add_to_cart
E004270,C00534,2025-03-16 02:26:00,search
E004271,C00534,2023-06-27 15:51:00,page_view
E004272,C00534,2024-11-25 13:41:00,app_open
E004273,C00535,2023-08-23 13:45:00,add_to_cart
E004274,C00535,2024-09-03 22:53:00,add_to_cart
E004275,C00535,2025-10-04 10:24:00,app_open
E004276,C00535,2024-04-09 21:17:00,search
E004277,C00535,2024-06-19 18:39:00,app_open
E004278,C00535,2024-09-10 00:00:00,page_view
E004279,C00535,2024-06-09 09:52:00,page_view
E004280,C00535,2024-04-28 21:23:00,app_open
E004281,C00536,2025-10-06 16:09:00,add_to_cart
E004282,C00536,2025-06-08 23:46:00,search
E004283,C00536,2024-05-21 04:15:00,add_to_cart
E004284,C00536,2023-03-17 02:00:00,app_open
E004285,C00536,2025-12-29 14:36:00,add_to_cart
E004286,C00536,2024-06-07 10:32:00,search
E004287,C00536,2025-02-09 00:49:00,app_open
E004288,C00536,2025-11-03 12:01:00,app_open
E004289,C00537,2024-12-09 00:41:00,app_open
E004290,C00537,2023-02-02 13:34:00,page_view
E004291,C00537,2025-06-02 07:51:00,search
E004292,C00537,2025-11-13 21:41:00,page_view
E004293,C00537,2025-03-08 08:09:00,search
E004294,C00537,2024-06-14 23:33:00,search
E004295,C00537,2023-12-29 00:00:00,page_view
E004296,C00537,2024-11-02 12:16:00,page_view
E004297,C00538,2024-12-10 16:11:00,app_open
E004298,C00538,2024-11-04 05:44:00,add_to_cart
E004299,C00538,2024-11-07 04:13:00,search
E004300,C00538,2023-08-26 08:26:00,page_view
E004301,C00538,2024-12-12 19:17:00,search
E004302,C00538,2024-07-27 04:37:00,add_to_cart
E004303,C00538,2024-06-28 16:48:00,app_open
E004304,C00538,2023-01-15 12:28:00,search
E004305,C00539,2024-08-06 19:04:00,search
E004306,C00539,2023-02-22 13:20:00,page_view
E004307,C00539,2024-10-04 05:09:00,search
E004308,C00539,2023-08-12 00:51:00,page_view
E004309,C00539,2023-08-28 02:50:00,search
E004310,C00539,2024-12-19 03:00:00,page_view
E004311,C00539,2025-06-16 03:40:00,page_view
E004312,C00539,2025-10-27 19:16:00,search
E004313,C00540,2023-08-19 21:00:00,add_to_cart
E004314,C00540,2023-03-31 15:24:00,app_open
E004315,C00540,2025-01-11 05:06:00,page_view
E004316,C00540,2024-04-15 11:39:00,page_view
E004317,C00540,2024-04-03 00:47:00,add_to_cart
E004318,C00540,2023-10-27 16:40:00,app_open
E004319,C00540,2025-05-29 14:50:00,add_to_cart
E004320,C00540,2025-03-02 09:25:00,add_to_cart
E004321,C00541,2025-08-04 17:14:00,app_open
E004322,C00541,2024-11-23 22:18:00,page_view
E004323,C00541,2025-05-21 15:22:00,add_to_cart
E004324,C00541,2024-06-20 04:11:00,search
E004325,C00541,2025-06-14 02:28:00,app_open
E004326,C00541,2025-06-06 05:18:00,add_to_cart
E004327,C00541,2023-06-25 07:47:00,page_view
E004328,C00541,2024-09-07 00:07:00,search
E004329,C00542,2023-07-16 04:46:00,app_open
E004330,C00542,2024-11-03 19:54:00,search
E004331,C00542,2023-03-22 13:30:00,page_view
E004332,C00542,2023-05-03 19:18:00,add_to_cart
E004333,C00542,2025-11-11 00:54:00,add_to_cart
E004334,C00542,2025-02-23 17:20:00,search
E004335,C00542,2023-01-02 15:05:00,app_open
E004336,C00542,2025-03-07 03:51:00,page_view
E004337,C00543,2024-04-04 14:03:00,add_to_cart
E004338,C00543,2025-10-26 18:55:00,app_open
E004339,C00543,2025-02-14 20:21:00,search
E004340,C00543,2024-02-28 05:26:00,app_open
E004341,C00543,2025-12-11 21:13:00,search
E004342,C00543,2024-06-26 03:46:00,add_to_cart
E004343,C00543,2023-08-26 05:57:00,search
E004344,C00543,2023-03-15 16:27:00,search
E004345,C00544,2025-08-05 04:26:00,search
E004346,C00544,2025-11-12 05:40:00,page_view
E004347,C00544,2023-02-26 01:19:00,app_open
E004348,C00544,2025-03-07 20:24:00,page_view
E004349,C00544,2025-07-19 03:06:00,search
E004350,C00544,2023-09-28 09:52:00,page_view
E004351,C00544,2025-12-07 23:33:00,add_to_cart
E004352,C00544,2024-02-29 15:13:00,add_to_cart
E004353,C00545,2025-06-16 09:52:00,app_open
E004354,C00545,2023-11-27 22:33:00,add_to_cart
E004355,C00545,2025-01-01 20:59:00,app_open
E004356,C00545,2023-11-05 12:22:00,app_open
E004357,C00545,2024-04-18 10:23:00,search
E004358,C00545,2024-12-04 18:03:00,add_to_cart
E004359,C00545,2025-05-12 21:43:00,app_open
E004360,C00545,2025-03-04 21:22:00,app_open
E004361,C00546,2025-06-13 13:33:00,add_to_cart
E004362,C00546,2023-09-21 09:27:00,app_open
E004363,C00546,2024-09-24 10:11:00,search
E004364,C00546,2024-01-18 10:22:00,page_view
E004365,C00546,2023-12-02 07:39:00,search
E004366,C00546,2024-05-26 03:26:00,app_open
E004367,C00546,2024-08-18 21:36:00,page_view
E004368,C00546,2025-05-11 13:27:00,add_to_cart
E004369,C00547,2025-01-14 10:39:00,page_view
E004370,C00547,2024-04-30 10:34:00,page_view
E004371,C00547,2024-10-24 23:20:00,page_view
E004372,C00547,2023-03-01 23:02:00,page_view
E004373,C00547,2025-05-28 04:16:00,app_open
E004374,C00547,2024-04-09 20:21:00,page_view
E004375,C00547,2024-01-26 16:25:00,app_open
E004376,C00547,2023-05-06 14:26:00,app_open
E004377,C00548,2024-01-03 08:19:00,add_to_cart
E004378,C00548,2025-12-06 19:45:00,page_view
E004379,C00548,2024-08-17 14:20:00,add_to_cart
E004380,C00548,2023-11-15 08:07:00,add_to_cart
E004381,C00548,2024-06-16 17:08:00,search
E004382,C00548,2024-06-21 14:13:00,search
E004383,C00548,2025-06-26 02:54:00,search
E004384,C00548,2024-04-26 09:36:00,search
E004385,C00549,2025-02-16 11:00:00,app_open
E004386,C00549,2025-07-12 04:30:00,app_open
E004387,C00549,2025-01-17 18:55:00,page_view
E004388,C00549,2024-02-10 11:21:00,add_to_cart
E004389,C00549,2023-03-27 13:34:00,app_open
E004390,C00549,2024-05-10 06:54:00,add_to_cart
E004391,C00549,2023-09-15 00:30:00,add_to_cart
E004392,C00549,2024-08-13 00:59:00,add_to_cart
E004393,C00550,2024-11-12 11:13:00,search
E004394,C00550,2025-11-30 17:14:00,add_to_cart
E004395,C00550,2023-04-11 16:38:00,app_open
E004396,C00550,2025-04-28 04:49:00,page_view
E004397,C00550,2025-05-05 15:31:00,app_open
E004398,C00550,2025-07-16 06:36:00,page_view
E004399,C00550,2024-10-04 06:43:00,app_open
E004400,C00550,2024-09-22 21:37:00,app_open
E004401,C00551,2025-08-23 04:33:00,search
E004402,C00551,2024-06-28 10:05:00,search
E004403,C00551,2025-02-28 11:37:00,page_view
E004404,C00551,2023-04-20 19:26:00,app_open
E004405,C00551,2025-04-14 00:23:00,search
E004406,C00551,2023-09-18 02:30:00,search
E004407,C00551,2024-01-29 04:05:00,add_to_cart
E004408,C00551,2025-05-12 05:10:00,search
E004409,C00552,2023-08-21 18:36:00,search
E004410,C00552,2023-10-11 02:12:00,add_to_cart
E004411,C00552,2025-03-29 00:21:00,app_open
E004412,C00552,2024-06-15 01:03:00,page_view
E004413,C00552,2025-06-24 04:02:00,add_to_cart
E004414,C00552,2024-07-26 13:00:00,page_view
E004415,C00552,2025-08-13 04:19:00,page_view
E004416,C00552,2024-07-11 01:35:00,add_to_cart
E004417,C00553,2025-06-01 11:20:00,search
E004418,C00553,2024-05-05 03:47:00,search
E004419,C00553,2025-12-19 03:57:00,add_to_cart
E004420,C00553,2024-11-23 12:36:00,search
E004421,C00553,2024-01-28 02:41:00,search
E004422,C00553,2025-06-01 18:01:00,page_view
E004423,C00553,2025-04-06 04:44:00,add_to_cart
E004424,C00553,2025-06-22 16:38:00,app_open
E004425,C00554,2025-07-13 11:20:00,app_open
E004426,C00554,2024-09-06 02:02:00,app_open
E004427,C00554,2024-09-28 23:59:00,search
E004428,C00554,2025-03-03 10:52:00,search
E004429,C00554,2025-05-12 20:39:00,app_open
E004430,C00554,2024-02-28 09:41:00,add_to_cart
E004431,C00554,2023-10-30 13:17:00,app_open
E004432,C00554,2024-09-10 08:27:00,page_view
E004433,C00555,2025-04-28 01:47:00,app_open
E004434,C00555,2023-08-04 06:46:00,search
E004435,C00555,2023-02-18 19:56:00,app_open
E004436,C00555,2023-05-04 23:26:00,app_open
E004437,C00555,2023-05-10 10:45:00,page_view
E004438,C00555,2023-05-25 20:53:00,page_view
E004439,C00555,2023-01-19 05:05:00,app_open
E004440,C00555,2024-08-24 07:58:00,add_to_cart
E004441,C00556,2023-09-05 09:55:00,page_view
E004442,C00556,2025-03-18 17:47:00,search
E004443,C00556,2023-11-30 16:54:00,app_open
E004444,C00556,2025-07-04 15:26:00,search
E004445,C00556,2025-03-03 22:58:00,page_view
E004446,C00556,2025-07-31 08:33:00,app_open
E004447,C00556,2024-04-17 17:40:00,add_to_cart
E004448,C00556,2024-03-21 03:22:00,page_view
E004449,C00557,2024-11-08 13:55:00,app_open
E004450,C00557,2023-04-05 17:18:00,page_view
E004451,C00557,2024-02-16 11:08:00,add_to_cart
E004452,C00557,2025-03-12 15:52:00,add_to_cart
E004453,C00557,2024-10-16 00:24:00,add_to_cart
E004454,C00557,2025-07-25 21:26:00,app_open
E004455,C00557,2024-04-04 07:29:00,add_to_cart
E004456,C00557,2023-07-07 10:59:00,page_view
E004457,C00558,2023-04-18 06:40:00,page_view
E004458,C00558,2025-02-02 20:49:00,add_to_cart
E004459,C00558,2023-09-28 19:29:00,page_view
E004460,C00558,2024-05-19 18:12:00,add_to_cart
E004461,C00558,2023-09-19 20:12:00,search
E004462,C00558,2023-06-02 02:02:00,app_open
E004463,C00558,2025-07-06 01:18:00,add_to_cart
E004464,C00558,2025-09-29 17:39:00,add_to_cart
E004465,C00559,2024-01-30 01:24:00,page_view
E004466,C00559,2025-06-01 07:37:00,app_open
E004467,C00559,2024-04-14 14:03:00,add_to_cart
E004468,C00559,2024-02-02 00:47:00,search
E004469,C00559,2024-08-09 15:43:00,search
E004470,C00559,2023-10-08 20:46:00,add_to_cart
E004471,C00559,2023-11-16 18:58:00,search
E004472,C00559,2025-05-11 13:19:00,search
E004473,C00560,2025-07-13 09:25:00,app_open
E004474,C00560,2025-01-08 02:41:00,search
E004475,C00560,2023-08-22 09:40:00,add_to_cart
E004476,C00560,2023-04-29 14:28:00,add_to_cart
E004477,C00560,2025-09-10 09:59:00,add_to_cart
E004478,C00560,2024-05-17 20:24:00,page_view
E004479,C00560,2025-07-31 03:06:00,add_to_cart
E004480,C00560,2024-02-12 23:11:00,app_open
E004481,C00561,2023-11-26 00:12:00,page_view
E004482,C00561,2025-10-12 05:17:00,add_to_cart
E004483,C00561,2025-06-29 19:34:00,page_view
E004484,C00561,2023-11-27 22:15:00,page_view
E004485,C00561,2023-03-28 09:37:00,app_open
E004486,C00561,2023-05-12 23:47:00,search
E004487,C00561,2023-10-22 10:10:00,page_view
E004488,C00561,2024-01-02 18:34:00,page_view
E004489,C00562,2025-12-31 01:03:00,page_view
E004490,C00562,2023-08-10 11:27:00,search
E004491,C00562,2025-02-27 21:25:00,page_view
E004492,C00562,2025-08-12 08:03:00,app_open
E004493,C00562,2023-08-11 01:32:00,search
E004494,C00562,2024-07-02 08:55:00,page_view
E004495,C00562,2023-03-28 04:45:00,app_open
E004496,C00562,2025-11-09 08:50:00,add_to_cart
E004497,C00563,2024-11-03 07:55:00,add_to_cart
E004498,C00563,2024-12-21 10:31:00,app_open
E004499,C00563,2024-05-24 00:44:00,search
E004500,C00563,2024-06-19 16:54:00,search
E004501,C00563,2025-11-28 17:13:00,search
E004502,C00563,2023-08-19 10:00:00,app_open
E004503,C00563,2025-02-11 22:17:00,app_open
E004504,C00563,2025-01-20 13:13:00,add_to_cart
E004505,C00564,2023-04-26 02:26:00,search
E004506,C00564,2025-01-18 09:41:00,app_open
E004507,C00564,2024-03-08 02:55:00,search
E004508,C00564,2025-08-20 20:44:00,page_view
E004509,C00564,2023-12-18 16:00:00,search
E004510,C00564,2025-08-25 01:06:00,add_to_cart
E004511,C00564,2023-04-16 02:30:00,page_view
E004512,C00564,2024-04-25 02:42:00,search
E004513,C00565,2023-04-15 00:55:00,search
E004514,C00565,2025-09-22 22:12:00,page_view
E004515,C00565,2024-02-04 15:59:00,add_to_cart
E004516,C00565,2023-04-05 09:26:00,app_open
E004517,C00565,2024-07-03 08:29:00,page_view
E004518,C00565,2025-03-31 13:36:00,search
E004519,C00565,2023-07-21 14:33:00,add_to_cart
E004520,C00565,2024-06-10 20:08:00,page_view
E004521,C00566,2023-12-09 14:27:00,search
E004522,C00566,2024-10-25 16:02:00,page_view
E004523,C00566,2023-01-15 01:16:00,page_view
E004524,C00566,2023-08-05 15:56:00,search
E004525,C00566,2023-10-18 10:16:00,search
E004526,C00566,2023-10-25 18:54:00,search
E004527,C00566,2025-11-10 16:38:00,page_view
E004528,C00566,2025-09-26 17:02:00,app_open
E004529,C00567,2023-11-14 22:36:00,add_to_cart
E004530,C00567,2025-11-25 08:55:00,search
E004531,C00567,2023-09-21 12:53:00,search
E004532,C00567,2023-11-10 01:44:00,page_view
E004533,C00567,2023-08-13 16:31:00,page_view
E004534,C00567,2024-07-24 17:49:00,add_to_cart
E004535,C00567,2024-07-10 21:53:00,app_open
E004536,C00567,2023-05-12 17:46:00,search
E004537,C00568,2024-02-28 12:39:00,search
E004538,C00568,2024-06-30 20:30:00,add_to_cart
E004539,C00568,2025-09-09 04:15:00,page_view
E004540,C00568,2025-10-01 22:37:00,app_open
E004541,C00568,2024-10-25 01:33:00,page_view
E004542,C00568,2024-10-09 21:23:00,app_open
E004543,C00568,2024-07-21 14:54:00,add_to_cart
E004544,C00568,2025-02-15 04:14:00,page_view
E004545,C00569,2024-12-27 14:36:00,app_open
E004546,C00569,2023-08-03 08:46:00,search
E004547,C00569,2024-08-30 08:25:00,page_view
E004548,C00569,2023-05-08 12:52:00,page_view
E004549,C00569,2025-05-27 13:05:00,search
E004550,C00569,2025-06-14 13:20:00,add_to_cart
E004551,C00569,2023-07-02 08:06:00,search
E004552,C00569,2025-09-10 19:38:00,search
E004553,C00570,2025-12-15 15:25:00,page_view
E004554,C00570,2024-02-15 16:42:00,search
E004555,C00570,2024-04-27 08:10:00,page_view
E004556,C00570,2025-12-10 23:15:00,app_open
E004557,C00570,2024-12-06 06:55:00,add_to_cart
E004558,C00570,2024-03-21 06:57:00,search
E004559,C00570,2025-11-20 15:30:00,app_open
E004560,C00570,2024-04-23 12:06:00,app_open
E004561,C00571,2023-12-31 06:57:00,app_open
E004562,C00571,2024-10-13 18:00:00,search
E004563,C00571,2023-04-13 17:05:00,search
E004564,C00571,2023-08-14 04:57:00,search
E004565,C00571,2024-08-30 22:15:00,page_view
E004566,C00571,2023-07-12 10:49:00,search
E004567,C00571,2025-06-20 21:35:00,search
E004568,C00571,2024-04-05 21:13:00,page_view
E004569,C00572,2023-03-12 10:15:00,add_to_cart
E004570,C00572,2023-07-02 07:05:00,add_to_cart
E004571,C00572,2023-08-29 23:47:00,add_to_cart
E004572,C00572,2023-10-11 11:59:00,page_view
E004573,C00572,2023-11-15 19:46:00,search
E004574,C00572,2025-07-25 11:33:00,page_view
E004575,C00572,2025-08-17 16:58:00,page_view
E004576,C00572,2023-05-15 04:39:00,app_open
E004577,C00573,2024-09-18 17:10:00,app_open
E004578,C00573,2024-07-04 08:03:00,app_open
E004579,C00573,2023-07-19 01:17:00,page_view
E004580,C00573,2025-07-11 20:03:00,page_view
E004581,C00573,2023-05-18 16:43:00,search
E004582,C00573,2024-02-22 05:06:00,add_to_cart
E004583,C00573,2024-06-20 11:52:00,search
E004584,C00573,2023-01-13 06:40:00,search
E004585,C00574,2025-12-03 02:32:00,app_open
E004586,C00574,2025-08-19 23:53:00,page_view
E004587,C00574,2023-07-21 01:25:00,search
E004588,C00574,2025-01-04 08:41:00,page_view
E004589,C00574,2023-02-15 21:57:00,search
E004590,C00574,2024-06-09 15:02:00,add_to_cart
E004591,C00574,2023-04-01 05:45:00,search
E004592,C00574,2023-06-08 05:09:00,app_open
E004593,C00575,2024-05-19 11:35:00,page_view
E004594,C00575,2025-03-02 01:16:00,search
E004595,C00575,2023-01-07 20:26:00,page_view
E004596,C00575,2025-10-07 01:16:00,search
E004597,C00575,2025-07-31 00:49:00,add_to_cart
E004598,C00575,2025-11-19 05:02:00,add_to_cart
E004599,C00575,2024-12-14 18:08:00,app_open
E004600,C00575,2024-02-23 09:00:00,page_view
E004601,C00576,2024-09-17 14:16:00,page_view
E004602,C00576,2024-02-08 17:39:00,app_open
E004603,C00576,2023-06-07 13:19:00,search
E004604,C00576,2024-10-13 19:48:00,search
E004605,C00576,2024-02-01 04:24:00,search
E004606,C00576,2025-05-21 18:14:00,app_open
E004607,C00576,2023-10-18 15:21:00,search
E004608,C00576,2023-06-02 13:16:00,add_to_cart
E004609,C00577,2023-05-11 02:14:00,page_view
E004610,C00577,2024-08-23 17:06:00,page_view
E004611,C00577,2025-07-28 23:24:00,app_open
E004612,C00577,2024-03-30 08:39:00,app_open
E004613,C00577,2024-11-09 06:43:00,app_open
E004614,C00577,2025-08-07 12:53:00,page_view
E004615,C00577,2023-03-19 05:43:00,app_open
E004616,C00577,2024-06-19 20:31:00,page_view
E004617,C00578,2024-08-22 19:19:00,add_to_cart
E004618,C00578,2025-07-10 20:26:00,search
E004619,C00578,2023-11-07 11:56:00,page_view
E004620,C00578,2024-04-25 16:33:00,add_to_cart
E004621,C00578,2023-02-18 21:19:00,add_to_cart
E004622,C00578,2023-03-09 05:22:00,app_open
E004623,C00578,2025-09-25 00:42:00,app_open
E004624,C00578,2025-08-11 10:05:00,add_to_cart
E004625,C00579,2024-10-05 19:06:00,app_open
E004626,C00579,2024-01-15 04:28:00,add_to_cart
E004627,C00579,2023-12-02 23:05:00,app_open
E004628,C00579,2023-07-17 22:37:00,search
E004629,C00579,2023-09-29 08:04:00,search
E004630,C00579,2024-07-22 05:37:00,add_to_cart
E004631,C00579,2023-03-30 05:53:00,page_view
E004632,C00579,2023-01-14 09:09:00,add_to_cart
E004633,C00580,2023-07-29 03:49:00,page_view
E004634,C00580,2024-03-01 07:33:00,add_to_cart
E004635,C00580,2024-05-31 02:40:00,app_open
E004636,C00580,2023-11-28 19:15:00,add_to_cart
E004637,C00580,2024-04-03 22:31:00,page_view
E004638,C00580,2023-06-11 04:57:00,add_to_cart
E004639,C00580,2024-01-21 17:43:00,app_open
E004640,C00580,2024-11-16 04:08:00,add_to_cart
E004641,C00581,2024-08-01 22:19:00,page_view
E004642,C00581,2025-04-05 17:20:00,add_to_cart
E004643,C00581,2023-11-18 01:33:00,search
E004644,C00581,2024-01-10 10:09:00,app_open
E004645,C00581,2024-12-03 01:39:00,search
E004646,C00581,2025-12-04 16:06:00,add_to_cart
E004647,C00581,2025-04-15 00:30:00,add_to_cart
E004648,C00581,2023-08-08 19:09:00,page_view
E004649,C00582,2025-02-13 08:09:00,search
E004650,C00582,2024-05-22 05:14:00,search
E004651,C00582,2023-06-21 09:41:00,search
E004652,C00582,2023-11-16 23:47:00,page_view
E004653,C00582,2024-01-01 18:22:00,search
E004654,C00582,2023-08-02 23:22:00,search
E004655,C00582,2023-08-17 14:42:00,add_to_cart
E004656,C00582,2024-08-04 08:17:00,app_open
E004657,C00583,2023-06-18 20:27:00,page_view
E004658,C00583,2024-06-06 12:19:00,page_view
E004659,C00583,2024-06-28 16:10:00,app_open
E004660,C00583,2023-05-17 02:58:00,search
E004661,C00583,2025-11-25 17:48:00,search
E004662,C00583,2025-08-14 11:41:00,add_to_cart
E004663,C00583,2024-11-23 02:28:00,page_view
E004664,C00583,2024-03-30 11:46:00,add_to_cart
E004665,C00584,2023-03-14 20:52:00,add_to_cart
E004666,C00584,2025-12-10 13:33:00,search
E004667,C00584,2023-03-02 08:56:00,search
E004668,C00584,2025-05-06 06:09:00,page_view
E004669,C00584,2025-02-06 23:59:00,search
E004670,C00584,2023-03-18 22:49:00,add_to_cart
E004671,C00584,2024-05-27 18:39:00,search
E004672,C00584,2024-04-10 12:16:00,add_to_cart
E004673,C00585,2023-01-22 10:45:00,add_to_cart
E004674,C00585,2024-03-30 06:50:00,app_open
E004675,C00585,2024-08-06 17:59:00,search
E004676,C00585,2025-08-30 07:19:00,app_open
E004677,C00585,2024-11-02 00:31:00,app_open
E004678,C00585,2025-09-18 21:48:00,add_to_cart
E004679,C00585,2023-08-25 08:42:00,search
E004680,C00585,2023-01-17 07:18:00,app_open
E004681,C00586,2025-09-16 16:40:00,app_open
E004682,C00586,2023-02-10 09:36:00,page_view
E004683,C00586,2023-04-25 19:53:00,page_view
E004684,C00586,2025-02-01 16:04:00,add_to_cart
E004685,C00586,2024-08-24 08:10:00,add_to_cart
E004686,C00586,2025-03-30 17:31:00,app_open
E004687,C00586,2023-12-04 17:42:00,search
E004688,C00586,2023-06-06 13:59:00,page_view
E004689,C00587,2025-03-12 21:56:00,search
E004690,C00587,2023-08-25 01:50:00,search
E004691,C00587,2025-06-08 15:39:00,page_view
E004692,C00587,2024-05-03 12:01:00,page_view
E004693,C00587,2024-05-04 14:52:00,search
E004694,C00587,2023-05-27 17:28:00,app_open
E004695,C00587,2024-05-01 23:08:00,add_to_cart
E004696,C00587,2024-04-11 15:18:00,add_to_cart
E004697,C00588,2024-03-30 15:51:00,add_to_cart
E004698,C00588,2023-07-01 00:43:00,search
E004699,C00588,2025-04-21 10:40:00,app_open
E004700,C00588,2024-08-04 14:03:00,page_view
E004701,C00588,2025-06-28 17:47:00,search
E004702,C00588,2024-10-22 22:17:00,add_to_cart
E004703,C00588,2024-06-12 03:30:00,add_to_cart
E004704,C00588,2025-03-30 21:02:00,app_open
E004705,C00589,2025-09-29 03:08:00,search
E004706,C00589,2025-03-10 20:26:00,search
E004707,C00589,2023-01-09 09:17:00,search
E004708,C00589,2025-07-30 02:40:00,page_view
E004709,C00589,2023-07-07 11:44:00,page_view
E004710,C00589,2024-07-04 09:17:00,app_open
E004711,C00589,2024-10-22 11:34:00,search
E004712,C00589,2025-09-01 21:53:00,add_to_cart
E004713,C00590,2025-01-09 20:30:00,page_view
E004714,C00590,2024-06-04 15:46:00,search
E004715,C00590,2024-10-14 06:23:00,page_view
E004716,C00590,2025-07-17 07:14:00,page_view
E004717,C00590,2025-11-08 19:18:00,add_to_cart
E004718,C00590,2024-08-11 12:01:00,app_open
E004719,C00590,2025-01-18 06:31:00,search
E004720,C00590,2023-02-22 15:29:00,page_view
E004721,C00591,2025-07-25 20:58:00,search
E004722,C00591,2024-08-09 12:46:00,page_view
E004723,C00591,2025-01-29 02:38:00,add_to_cart
E004724,C00591,2024-08-03 04:59:00,add_to_cart
E004725,C00591,2024-01-25 06:35:00,page_view
E004726,C00591,2024-12-04 02:11:00,app_open
E004727,C00591,2024-08-26 06:20:00,app_open
E004728,C00591,2024-07-25 23:44:00,search
E004729,C00592,2025-04-11 08:39:00,app_open
E004730,C00592,2025-10-31 05:16:00,add_to_cart
E004731,C00592,2025-05-04 21:42:00,app_open
E004732,C00592,2023-10-11 14:08:00,search
E004733,C00592,2023-08-22 10:36:00,add_to_cart
E004734,C00592,2023-09-19 23:57:00,page_view
E004735,C00592,2025-09-20 06:59:00,app_open
E004736,C00592,2025-06-10 01:21:00,app_open
E004737,C00593,2023-02-23 10:16:00,add_to_cart
E004738,C00593,2023-03-11 05:52:00,search
E004739,C00593,2024-11-03 17:17:00,app_open
E004740,C00593,2025-05-16 11:40:00,search
E004741,C00593,2024-11-24 10:51:00,app_open
E004742,C00593,2024-11-27 15:06:00,search
E004743,C00593,2023-02-01 14:35:00,app_open
E004744,C00593,2025-01-04 11:49:00,app_open
E004745,C00594,2024-04-18 18:54:00,add_to_cart
E004746,C00594,2023-03-30 03:18:00,page_view
E004747,C00594,2024-05-16 01:39:00,page_view
E004748,C00594,2024-04-20 23:12:00,add_to_cart
E004749,C00594,2024-11-03 09:57:00,add_to_cart
E004750,C00594,2024-04-11 08:04:00,page_view
E004751,C00594,2024-07-18 19:25:00,page_view
E004752,C00594,2025-07-26 12:51:00,search
E004753,C00595,2025-03-07 21:28:00,search
E004754,C00595,2025-06-30 10:02:00,page_view
E004755,C00595,2023-11-22 17:00:00,app_open
E004756,C00595,2023-01-22 15:42:00,search
E004757,C00595,2025-04-04 06:08:00,search
E004758,C00595,2025-01-16 05:24:00,app_open
E004759,C00595,2024-06-24 18:49:00,search
E004760,C00595,2025-08-24 16:25:00,app_open
E004761,C00596,2025-06-13 02:23:00,add_to_cart
E004762,C00596,2025-10-11 20:32:00,page_view
E004763,C00596,2025-05-26 16:40:00,page_view
E004764,C00596,2024-02-24 17:17:00,search
E004765,C00596,2024-06-30 18:39:00,app_open
E004766,C00596,2023-12-24 04:26:00,app_open
E004767,C00596,2023-02-20 22:13:00,page_view
E004768,C00596,2023-06-08 07:10:00,add_to_cart
E004769,C00597,2023-08-19 05:17:00,app_open
E004770,C00597,2023-11-14 12:48:00,page_view
E004771,C00597,2024-10-22 03:31:00,app_open
E004772,C00597,2024-01-16 17:05:00,app_open
E004773,C00597,2023-10-30 00:09:00,search
E004774,C00597,2025-01-14 11:47:00,page_view
E004775,C00597,2024-09-12 16:51:00,page_view
E004776,C00597,2024-03-07 04:31:00,page_view
E004777,C00598,2023-12-06 17:20:00,app_open
E004778,C00598,2023-10-23 05:04:00,search
E004779,C00598,2025-07-10 15:29:00,page_view
E004780,C00598,2025-07-24 06:47:00,app_open
E004781,C00598,2023-04-23 07:14:00,app_open
E004782,C00598,2024-10-14 02:14:00,page_view
E004783,C00598,2025-05-19 05:09:00,page_view
E004784,C00598,2024-01-08 15:26:00,app_open
E004785,C00599,2023-10-07 18:59:00,add_to_cart
E004786,C00599,2025-09-24 00:15:00,page_view
E004787,C00599,2023-01-14 09:24:00,add_to_cart
E004788,C00599,2025-12-16 17:04:00,add_to_cart
E004789,C00599,2025-03-11 06:14:00,search
E004790,C00599,2025-04-18 06:29:00,page_view
E004791,C00599,2024-08-21 12:02:00,search
E004792,C00599,2025-05-05 11:16:00,search
E004793,C00600,2025-08-09 03:40:00,app_open
E004794,C00600,2024-09-13 20:05:00,app_open
E004795,C00600,2023-04-18 20:26:00,page_view
E004796,C00600,2023-03-28 21:03:00,page_view
E004797,C00600,2024-09-25 17:20:00,add_to_cart
E004798,C00600,2025-01-23 03:12:00,app_open
E004799,C00600,2024-09-12 12:29:00,app_open
E004800,C00600,2023-07-10 15:50:00,search
E004801,C00601,2024-11-11 02:54:00,search
E004802,C00601,2024-02-05 05:53:00,add_to_cart
E004803,C00601,2025-10-10 09:49:00,app_open
E004804,C00601,2023-03-31 19:09:00,page_view
E004805,C00601,2023-03-11 20:44:00,page_view
E004806,C00601,2023-12-16 21:42:00,search
E004807,C00601,2024-08-10 17:12:00,add_to_cart
E004808,C00601,2023-05-26 07:15:00,app_open
E004809,C00602,2025-05-29 19:07:00,page_view
E004810,C00602,2023-11-23 13:46:00,app_open
E004811,C00602,2023-02-27 22:00:00,search
E004812,C00602,2025-12-15 06:14:00,page_view
E004813,C00602,2025-05-23 18:41:00,app_open
E004814,C00602,2025-11-30 18:44:00,page_view
E004815,C00602,2025-07-08 03:45:00,search
E004816,C00602,2025-04-04 08:21:00,add_to_cart
E004817,C00603,2023-11-08 11:07:00,app_open
E004818,C00603,2024-06-23 19:19:00,search
E004819,C00603,2024-01-02 09:39:00,add_to_cart
E004820,C00603,2024-05-24 19:05:00,add_to_cart
E004821,C00603,2023-02-24 11:33:00,add_to_cart
E004822,C00603,2024-08-13 22:44:00,add_to_cart
E004823,C00603,2024-02-09 22:21:00,page_view
E004824,C00603,2024-10-13 21:54:00,search
E004825,C00604,2023-09-30 11:57:00,add_to_cart
E004826,C00604,2024-05-18 11:54:00,search
E004827,C00604,2023-08-30 15:18:00,add_to_cart
E004828,C00604,2025-06-17 08:58:00,app_open
E004829,C00604,2025-11-23 07:00:00,search
E004830,C00604,2023-09-12 02:50:00,add_to_cart
E004831,C00604,2024-05-01 00:46:00,search
E004832,C00604,2023-09-12 12:36:00,search
E004833,C00605,2025-05-21 14:04:00,page_view
E004834,C00605,2024-04-05 01:02:00,app_open
E004835,C00605,2024-03-14 20:19:00,page_view
E004836,C00605,2024-04-19 11:45:00,app_open
E004837,C00605,2023-09-24 00:04:00,app_open
E004838,C00605,2025-07-15 04:10:00,add_to_cart
E004839,C00605,2024-08-27 21:44:00,app_open
E004840,C00605,2024-05-13 04:48:00,page_view
E004841,C00606,2025-04-23 20:41:00,app_open
E004842,C00606,2025-03-18 00:46:00,search
E004843,C00606,2023-06-16 13:35:00,page_view
E004844,C00606,2023-05-20 03:18:00,app_open
E004845,C00606,2024-08-06 14:19:00,page_view
E004846,C00606,2024-12-31 16:18:00,app_open
E004847,C00606,2025-03-27 07:46:00,page_view
E004848,C00606,2023-02-11 02:28:00,search
E004849,C00607,2023-07-30 21:26:00,page_view
E004850,C00607,2025-03-02 05:21:00,add_to_cart
E004851,C00607,2023-05-17 00:42:00,app_open
E004852,C00607,2024-07-22 17:54:00,app_open
E004853,C00607,2025-01-04 03:44:00,add_to_cart
E004854,C00607,2023-01-20 16:17:00,page_view
E004855,C00607,2025-07-14 23:54:00,page_view
E004856,C00607,2025-03-22 22:06:00,search
E004857,C00608,2023-02-02 10:20:00,app_open
E004858,C00608,2025-06-21 04:41:00,add_to_cart
E004859,C00608,2023-10-05 03:36:00,search
E004860,C00608,2025-10-28 22:55:00,search
E004861,C00608,2025-05-27 20:06:00,app_open
E004862,C00608,2024-03-19 06:09:00,search
E004863,C00608,2024-02-09 23:50:00,search
E004864,C00608,2024-09-30 05:37:00,search
E004865,C00609,2023-05-03 12:21:00,search
E004866,C00609,2025-08-31 14:49:00,search
E004867,C00609,2025-02-05 20:23:00,page_view
E004868,C00609,2024-07-18 06:22:00,search
E004869,C00609,2025-02-02 15:59:00,add_to_cart
E004870,C00609,2023-10-18 00:46:00,add_to_cart
E004871,C00609,2025-09-25 07:53:00,add_to_cart
E004872,C00609,2025-09-05 05:21:00,page_view
E004873,C00610,2024-11-04 09:21:00,add_to_cart
E004874,C00610,2024-10-28 08:00:00,add_to_cart
E004875,C00610,2023-12-20 23:44:00,add_to_cart
E004876,C00610,2024-04-30 03:00:00,search
E004877,C00610,2024-08-08 17:24:00,page_view
E004878,C00610,2024-11-05 20:44:00,app_open
E004879,C00610,2025-07-09 00:45:00,page_view
E004880,C00610,2025-09-09 11:58:00,search
E004881,C00611,2023-03-07 08:56:00,page_view
E004882,C00611,2023-09-09 21:58:00,app_open
E004883,C00611,2025-03-07 15:05:00,add_to_cart
E004884,C00611,2024-05-14 08:52:00,add_to_cart
E004885,C00611,2025-12-13 13:04:00,search
E004886,C00611,2023-05-29 12:52:00,add_to_cart
E004887,C00611,2023-01-21 03:42:00,search
E004888,C00611,2023-03-23 05:02:00,page_view
E004889,C00612,2025-02-23 16:07:00,search
E004890,C00612,2023-02-09 05:57:00,search
E004891,C00612,2024-01-19 07:42:00,app_open
E004892,C00612,2025-09-29 18:39:00,search
E004893,C00612,2024-01-05 13:42:00,search
E004894,C00612,2023-12-03 04:15:00,app_open
E004895,C00612,2023-12-16 09:08:00,add_to_cart
E004896,C00612,2025-01-01 07:19:00,add_to_cart
E004897,C00613,2024-01-19 10:54:00,page_view
E004898,C00613,2025-10-13 07:14:00,search
E004899,C00613,2023-10-18 19:44:00,search
E004900,C00613,2024-04-05 15:36:00,app_open
E004901,C00613,2023-09-01 19:32:00,add_to_cart
E004902,C00613,2025-06-09 18:01:00,page_view
E004903,C00613,2024-11-10 00:22:00,page_view
E004904,C00613,2024-09-22 09:10:00,app_open
E004905,C00614,2024-06-07 15:12:00,add_to_cart
E004906,C00614,2024-10-04 20:00:00,app_open
E004907,C00614,2025-07-07 09:15:00,add_to_cart
E004908,C00614,2025-12-23 10:35:00,page_view
E004909,C00614,2023-07-26 18:53:00,app_open
E004910,C00614,2024-09-26 06:09:00,app_open
E004911,C00614,2024-01-15 12:48:00,search
E004912,C00614,2025-03-25 16:16:00,app_open
E004913,C00615,2025-03-25 13:18:00,page_view
E004914,C00615,2023-09-30 03:25:00,app_open
E004915,C00615,2023-06-30 11:23:00,app_open
E004916,C00615,2024-12-08 09:12:00,add_to_cart
E004917,C00615,2023-08-28 14:23:00,search
E004918,C00615,2023-12-17 04:45:00,search
E004919,C00615,2023-08-14 04:16:00,search
E004920,C00615,2023-12-11 11:47:00,app_open
E004921,C00616,2024-07-16 19:21:00,page_view
E004922,C00616,2024-08-27 01:09:00,page_view
E004923,C00616,2025-05-07 21:24:00,add_to_cart
E004924,C00616,2025-06-10 03:55:00,app_open
E004925,C00616,2023-09-12 00:37:00,page_view
E004926,C00616,2023-04-04 03:42:00,search
E004927,C00616,2025-05-04 21:33:00,page_view
E004928,C00616,2025-02-20 20:22:00,search
E004929,C00617,2025-02-20 08:41:00,app_open
E004930,C00617,2024-01-21 06:41:00,page_view
E004931,C00617,2023-11-25 16:06:00,page_view
E004932,C00617,2023-10-21 10:39:00,app_open
E004933,C00617,2023-08-03 18:54:00,add_to_cart
E004934,C00617,2025-03-24 03:19:00,app_open
E004935,C00617,2024-02-27 16:02:00,page_view
E004936,C00617,2025-12-17 17:42:00,search
E004937,C00618,2023-10-05 18:07:00,add_to_cart
E004938,C00618,2025-10-06 11:28:00,page_view
E004939,C00618,2025-06-20 19:05:00,search
E004940,C00618,2025-07-03 23:22:00,app_open
E004941,C00618,2025-01-24 14:14:00,page_view
E004942,C00618,2024-12-15 23:47:00,app_open
E004943,C00618,2024-03-26 04:58:00,add_to_cart
E004944,C00618,2024-11-12 22:46:00,add_to_cart
E004945,C00619,2023-05-11 08:25:00,page_view
E004946,C00619,2024-09-24 15:20:00,app_open
E004947,C00619,2025-05-31 12:19:00,app_open
E004948,C00619,2024-09-27 09:09:00,search
E004949,C00619,2024-03-02 02:14:00,app_open
E004950,C00619,2023-10-14 19:52:00,page_view
E004951,C00619,2025-01-27 17:29:00,app_open
E004952,C00619,2023-01-09 18:24:00,search
E004953,C00620,2024-12-19 07:11:00,search
E004954,C00620,2024-04-21 10:24:00,page_view
E004955,C00620,2025-05-30 23:58:00,page_view
E004956,C00620,2025-02-19 13:44:00,add_to_cart
E004957,C00620,2023-07-24 04:45:00,page_view
E004958,C00620,2025-11-15 08:06:00,page_view
E004959,C00620,2024-11-22 10:13:00,search
E004960,C00620,2023-09-02 09:56:00,add_to_cart
E004961,C00621,2024-07-09 23:05:00,add_to_cart
E004962,C00621,2023-12-24 22:00:00,page_view
E004963,C00621,2023-12-16 18:04:00,search
E004964,C00621,2023-12-31 09:26:00,page_view
E004965,C00621,2023-08-15 20:30:00,page_view
E004966,C00621,2025-08-06 13:34:00,search
E004967,C00621,2023-02-21 08:45:00,page_view
E004968,C00621,2023-01-23 00:49:00,page_view
E004969,C00622,2023-03-12 00:57:00,app_open
E004970,C00622,2025-11-15 05:16:00,add_to_cart
E004971,C00622,2023-10-13 00:06:00,search
E004972,C00622,2023-07-12 02:11:00,page_view
E004973,C00622,2023-01-28 02:25:00,page_view
E004974,C00622,2023-07-04 10:32:00,search
E004975,C00622,2025-04-02 20:49:00,search
E004976,C00622,2023-06-01 16:50:00,add_to_cart
E004977,C00623,2025-08-23 13:50:00,page_view
E004978,C00623,2024-04-10 07:48:00,search
E004979,C00623,2024-09-25 18:11:00,search
E004980,C00623,2025-10-17 14:26:00,app_open
E004981,C00623,2024-01-28 00:52:00,app_open
E004982,C00623,2024-01-04 10:55:00,search
E004983,C00623,2024-06-19 12:44:00,app_open
E004984,C00623,2025-06-07 08:32:00,page_view
E004985,C00624,2023-03-30 01:19:00,page_view
E004986,C00624,2025-03-10 06:18:00,search
E004987,C00624,2025-09-23 19:59:00,page_view
E004988,C00624,2023-11-19 10:51:00,app_open
E004989,C00624,2025-03-25 04:49:00,search
E004990,C00624,2023-07-22 02:05:00,add_to_cart
E004991,C00624,2024-12-13 06:19:00,app_open
E004992,C00624,2025-05-03 06:30:00,app_open
E004993,C00625,2025-02-18 18:45:00,add_to_cart
E004994,C00625,2025-03-10 17:15:00,app_open
E004995,C00625,2025-12-12 15:33:00,search
E004996,C00625,2023-03-31 05:25:00,search
E004997,C00625,2023-01-26 03:40:00,search
E004998,C00625,2025-06-12 18:29:00,app_open
E004999,C00625,2024-08-03 15:54:00,app_open
E005000,C00625,2024-04-27 02:55:00,app_open
E005001,C00626,2023-11-23 08:38:00,add_to_cart
E005002,C00626,2025-02-23 14:42:00,add_to_cart
E005003,C00626,2024-04-19 10:06:00,add_to_cart
E005004,C00626,2025-08-18 16:52:00,search
E005005,C00626,2023-01-21 20:37:00,app_open
E005006,C00626,2024-03-09 03:16:00,app_open
E005007,C00626,2023-10-24 00:45:00,app_open
E005008,C00626,2024-06-11 15:30:00,search
E005009,C00627,2024-01-07 13:26:00,page_view
E005010,C00627,2024-01-22 13:33:00,page_view
E005011,C00627,2025-05-03 07:48:00,app_open
E005012,C00627,2023-10-18 17:23:00,add_to_cart
E005013,C00627,2023-11-25 19:09:00,add_to_cart
E005014,C00627,2023-08-13 05:15:00,app_open
E005015,C00627,2025-12-14 10:42:00,app_open
E005016,C00627,2023-02-08 04:56:00,search
E005017,C00628,2024-11-09 17:14:00,app_open
E005018,C00628,2025-05-25 21:24:00,page_view
E005019,C00628,2024-08-21 18:23:00,page_view
E005020,C00628,2025-11-13 05:30:00,app_open
E005021,C00628,2024-03-06 09:29:00,add_to_cart
E005022,C00628,2025-12-22 15:22:00,search
E005023,C00628,2025-12-25 06:38:00,app_open
E005024,C00628,2025-11-17 13:57:00,page_view
E005025,C00629,2025-11-02 19:53:00,app_open
E005026,C00629,2024-11-15 07:02:00,add_to_cart
E005027,C00629,2024-10-30 21:37:00,search
E005028,C00629,2024-02-13 19:53:00,app_open
E005029,C00629,2025-09-22 07:06:00,add_to_cart
E005030,C00629,2023-07-05 10:33:00,app_open
E005031,C00629,2025-08-17 07:35:00,app_open
E005032,C00629,2024-01-26 23:38:00,search
E005033,C00630,2025-07-13 15:00:00,search
E005034,C00630,2025-04-07 09:47:00,page_view
E005035,C00630,2025-06-22 02:50:00,add_to_cart
E005036,C00630,2023-07-05 01:35:00,search
E005037,C00630,2024-06-25 08:28:00,search
E005038,C00630,2025-06-06 11:59:00,add_to_cart
E005039,C00630,2023-12-29 16:55:00,add_to_cart
E005040,C00630,2024-12-22 06:00:00,app_open
E005041,C00631,2024-03-27 16:10:00,search
E005042,C00631,2023-08-26 16:32:00,search
E005043,C00631,2023-12-13 07:05:00,add_to_cart
E005044,C00631,2024-01-28 16:28:00,app_open
E005045,C00631,2023-11-08 12:59:00,page_view
E005046,C00631,2025-10-05 01:22:00,search
E005047,C00631,2025-10-19 23:35:00,page_view
E005048,C00631,2025-04-15 03:50:00,page_view
E005049,C00632,2024-10-31 15:51:00,search
E005050,C00632,2024-06-04 19:45:00,add_to_cart
E005051,C00632,2023-07-09 01:34:00,app_open
E005052,C00632,2023-10-18 20:38:00,page_view
E005053,C00632,2024-12-01 16:54:00,page_view
E005054,C00632,2024-02-08 14:49:00,page_view
E005055,C00632,2025-10-10 22:23:00,search
E005056,C00632,2023-11-19 13:02:00,add_to_cart
E005057,C00633,2023-07-23 14:19:00,search
E005058,C00633,2024-05-22 23:30:00,add_to_cart
E005059,C00633,2024-06-06 06:05:00,search
E005060,C00633,2023-10-22 21:44:00,add_to_cart
E005061,C00633,2023-04-26 07:54:00,search
E005062,C00633,2023-01-02 02:37:00,app_open
E005063,C00633,2024-12-24 10:10:00,app_open
E005064,C00633,2024-02-28 17:52:00,page_view
E005065,C00634,2025-03-22 07:23:00,add_to_cart
E005066,C00634,2023-09-25 01:07:00,add_to_cart
E005067,C00634,2023-04-08 19:18:00,app_open
E005068,C00634,2024-06-05 18:14:00,page_view
E005069,C00634,2023-04-15 13:20:00,search
E005070,C00634,2024-02-03 08:06:00,page_view
E005071,C00634,2023-03-30 10:29:00,search
E005072,C00634,2023-06-30 21:18:00,search
E005073,C00635,2024-02-27 17:32:00,add_to_cart
E005074,C00635,2025-08-01 21:59:00,page_view
E005075,C00635,2025-05-12 18:16:00,search
E005076,C00635,2024-09-20 12:45:00,app_open
E005077,C00635,2023-11-08 08:01:00,page_view
E005078,C00635,2023-04-24 19:28:00,search
E005079,C00635,2023-09-30 20:51:00,page_view
E005080,C00635,2023-01-02 03:25:00,page_view
E005081,C00636,2023-06-16 17:26:00,add_to_cart
E005082,C00636,2025-03-15 16:30:00,page_view
E005083,C00636,2025-09-19 07:02:00,page_view
E005084,C00636,2025-01-09 14:17:00,add_to_cart
E005085,C00636,2023-11-14 00:16:00,app_open
E005086,C00636,2025-05-24 22:01:00,search
E005087,C00636,2024-03-02 13:14:00,app_open
E005088,C00636,2025-07-19 11:00:00,add_to_cart
E005089,C00637,2025-09-05 04:48:00,search
E005090,C00637,2025-01-05 23:08:00,search
E005091,C00637,2023-10-20 14:57:00,page_view
E005092,C00637,2024-08-26 10:09:00,page_view
E005093,C00637,2024-07-22 18:03:00,add_to_cart
E005094,C00637,2025-03-25 07:51:00,app_open
E005095,C00637,2024-05-08 06:58:00,search
E005096,C00637,2025-07-30 05:35:00,search
E005097,C00638,2024-09-23 11:26:00,app_open
E005098,C00638,2025-03-22 01:07:00,add_to_cart
E005099,C00638,2025-09-28 18:31:00,search
E005100,C00638,2024-09-26 18:47:00,add_to_cart
E005101,C00638,2025-06-16 19:03:00,page_view
E005102,C00638,2023-09-05 03:43:00,add_to_cart
E005103,C00638,2025-10-31 13:35:00,search
E005104,C00638,2024-02-22 23:10:00,app_open
E005105,C00639,2023-08-07 07:25:00,add_to_cart
E005106,C00639,2024-10-14 22:34:00,add_to_cart
E005107,C00639,2025-03-04 23:51:00,page_view
E005108,C00639,2025-05-04 14:38:00,search
E005109,C00639,2024-11-30 02:47:00,app_open
E005110,C00639,2024-07-11 23:38:00,add_to_cart
E005111,C00639,2023-04-30 11:46:00,search
E005112,C00639,2025-01-09 18:11:00,app_open
E005113,C00640,2023-06-14 07:24:00,add_to_cart
E005114,C00640,2025-01-22 20:41:00,page_view
E005115,C00640,2024-05-03 08:09:00,page_view
E005116,C00640,2023-09-09 01:00:00,app_open
E005117,C00640,2025-08-18 18:27:00,search
E005118,C00640,2024-03-31 02:46:00,add_to_cart
E005119,C00640,2025-04-15 00:35:00,app_open
E005120,C00640,2024-04-05 21:09:00,search
E005121,C00641,2023-08-23 23:49:00,add_to_cart
E005122,C00641,2023-05-23 18:00:00,app_open
E005123,C00641,2025-11-14 19:31:00,page_view
E005124,C00641,2025-01-17 02:04:00,app_open
E005125,C00641,2024-10-03 18:21:00,app_open
E005126,C00641,2023-02-28 17:51:00,app_open
E005127,C00641,2023-02-23 14:46:00,search
E005128,C00641,2023-10-21 06:20:00,add_to_cart
E005129,C00642,2024-08-01 04:09:00,page_view
E005130,C00642,2024-12-02 14:54:00,app_open
E005131,C00642,2023-02-23 13:55:00,search
E005132,C00642,2023-12-16 02:46:00,search
E005133,C00642,2024-06-10 11:36:00,add_to_cart
E005134,C00642,2025-09-13 07:02:00,add_to_cart
E005135,C00642,2023-05-13 10:32:00,add_to_cart
E005136,C00642,2025-10-17 19:17:00,page_view
E005137,C00643,2024-01-20 03:54:00,app_open
E005138,C00643,2024-04-18 09:09:00,page_view
E005139,C00643,2023-10-29 08:29:00,app_open
E005140,C00643,2024-09-14 22:57:00,app_open
E005141,C00643,2024-12-31 18:43:00,search
E005142,C00643,2023-06-12 02:42:00,page_view
E005143,C00643,2023-04-13 01:58:00,search
E005144,C00643,2023-07-30 20:57:00,page_view
E005145,C00644,2024-02-18 17:29:00,page_view
E005146,C00644,2024-06-23 04:00:00,search
E005147,C00644,2024-02-28 04:12:00,app_open
E005148,C00644,2023-04-09 22:25:00,page_view
E005149,C00644,2023-07-16 16:47:00,add_to_cart
E005150,C00644,2024-05-27 04:41:00,app_open
E005151,C00644,2023-04-05 07:14:00,app_open
E005152,C00644,2024-05-25 02:49:00,app_open
E005153,C00645,2024-03-13 02:16:00,search
E005154,C00645,2025-05-05 19:34:00,search
E005155,C00645,2023-11-23 01:48:00,page_view
E005156,C00645,2024-09-18 15:08:00,add_to_cart
E005157,C00645,2025-06-04 07:51:00,page_view
E005158,C00645,2024-04-08 12:59:00,add_to_cart
E005159,C00645,2023-08-27 21:45:00,app_open
E005160,C00645,2025-01-12 07:39:00,search
E005161,C00646,2024-09-04 19:06:00,add_to_cart
E005162,C00646,2023-04-26 07:39:00,app_open
E005163,C00646,2024-07-25 06:11:00,search
E005164,C00646,2025-04-30 15:52:00,add_to_cart
E005165,C00646,2025-01-23 04:36:00,app_open
E005166,C00646,2024-02-04 18:15:00,app_open
E005167,C00646,2025-07-13 10:54:00,add_to_cart
E005168,C00646,2025-01-26 23:36:00,search
E005169,C00647,2024-10-20 07:41:00,search
E005170,C00647,2024-11-21 13:58:00,app_open
E005171,C00647,2025-11-24 05:04:00,page_view
E005172,C00647,2025-07-18 10:06:00,add_to_cart
E005173,C00647,2023-09-21 11:53:00,app_open
E005174,C00647,2025-12-19 12:40:00,add_to_cart
E005175,C00647,2025-12-26 01:48:00,add_to_cart
E005176,C00647,2025-06-16 04:43:00,app_open
E005177,C00648,2025-09-20 17:03:00,search
E005178,C00648,2024-02-01 08:08:00,search
E005179,C00648,2025-06-01 20:59:00,add_to_cart
E005180,C00648,2025-12-14 18:06:00,page_view
E005181,C00648,2025-04-17 18:03:00,page_view
E005182,C00648,2024-07-24 10:44:00,app_open
E005183,C00648,2025-07-27 14:13:00,search
E005184,C00648,2023-10-07 21:46:00,add_to_cart
E005185,C00649,2025-06-16 15:19:00,page_view
E005186,C00649,2023-06-11 11:50:00,search
E005187,C00649,2025-08-09 20:51:00,page_view
E005188,C00649,2023-04-06 02:10:00,add_to_cart
E005189,C00649,2024-03-07 22:58:00,page_view
E005190,C00649,2023-04-15 22:40:00,page_view
E005191,C00649,2025-01-21 16:28:00,app_open
E005192,C00649,2024-06-24 11:28:00,page_view
E005193,C00650,2023-11-11 11:32:00,app_open
E005194,C00650,2024-06-07 03:33:00,add_to_cart
E005195,C00650,2023-07-30 23:57:00,search
E005196,C00650,2024-06-12 16:40:00,app_open
E005197,C00650,2025-04-29 20:36:00,add_to_cart
E005198,C00650,2025-09-20 09:16:00,add_to_cart
E005199,C00650,2023-09-07 06:37:00,page_view
E005200,C00650,2025-04-27 20:23:00,add_to_cart
E005201,C00651,2024-08-04 06:27:00,search
E005202,C00651,2023-03-24 04:27:00,page_view
E005203,C00651,2024-05-01 13:02:00,search
E005204,C00651,2024-03-13 01:48:00,search
E005205,C00651,2023-12-01 15:27:00,page_view
E005206,C00651,2023-08-22 16:58:00,search
E005207,C00651,2023-08-24 23:54:00,search
E005208,C00651,2025-02-01 09:26:00,app_open
E005209,C00652,2023-01-25 12:52:00,search
E005210,C00652,2024-10-29 21:44:00,page_view
E005211,C00652,2025-12-01 12:01:00,search
E005212,C00652,2024-01-27 12:56:00,add_to_cart
E005213,C00652,2025-01-09 19:35:00,add_to_cart
E005214,C00652,2024-11-16 02:08:00,app_open
E005215,C00652,2025-03-13 08:29:00,add_to_cart
E005216,C00652,2025-04-23 22:34:00,page_view
E005217,C00653,2023-05-18 18:32:00,add_to_cart
E005218,C00653,2024-02-04 12:48:00,search
E005219,C00653,2025-04-27 12:13:00,search
E005220,C00653,2023-12-22 20:00:00,page_view
E005221,C00653,2024-01-03 19:38:00,add_to_cart
E005222,C00653,2023-04-06 03:47:00,add_to_cart
E005223,C00653,2024-06-04 19:24:00,add_to_cart
E005224,C00653,2023-12-22 16:25:00,add_to_cart
E005225,C00654,2023-03-19 13:59:00,add_to_cart
E005226,C00654,2025-02-23 20:51:00,app_open
E005227,C00654,2023-02-08 06:23:00,search
E005228,C00654,2024-09-04 13:39:00,search
E005229,C00654,2024-04-03 00:38:00,add_to_cart
E005230,C00654,2024-03-24 23:36:00,app_open
E005231,C00654,2024-09-05 02:46:00,add_to_cart
E005232,C00654,2024-08-01 05:10:00,search
E005233,C00655,2024-07-13 06:03:00,app_open
E005234,C00655,2025-10-16 15:34:00,search
E005235,C00655,2024-08-05 17:27:00,page_view
E005236,C00655,2023-05-18 22:25:00,app_open
E005237,C00655,2025-08-18 15:28:00,add_to_cart
E005238,C00655,2024-08-10 07:25:00,app_open
E005239,C00655,2025-08-28 15:50:00,page_view
E005240,C00655,2024-08-16 11:21:00,search
E005241,C00656,2024-07-13 17:00:00,app_open
E005242,C00656,2023-07-20 22:48:00,add_to_cart
E005243,C00656,2024-03-18 22:40:00,app_open
E005244,C00656,2023-07-07 05:36:00,page_view
E005245,C00656,2024-01-04 01:25:00,app_open
E005246,C00656,2023-05-31 03:46:00,add_to_cart
E005247,C00656,2024-08-05 18:25:00,search
E005248,C00656,2023-01-05 03:48:00,page_view
E005249,C00657,2023-05-30 05:56:00,search
E005250,C00657,2025-05-12 06:06:00,add_to_cart
E005251,C00657,2025-09-03 11:38:00,app_open
E005252,C00657,2024-07-26 20:57:00,page_view
E005253,C00657,2023-10-06 02:47:00,page_view
E005254,C00657,2024-08-27 08:51:00,page_view
E005255,C00657,2025-08-30 10:12:00,app_open
E005256,C00657,2024-03-22 21:42:00,page_view
E005257,C00658,2023-03-10 13:32:00,add_to_cart
E005258,C00658,2025-10-26 08:10:00,app_open
E005259,C00658,2023-11-19 09:58:00,add_to_cart
E005260,C00658,2023-05-08 10:37:00,add_to_cart
E005261,C00658,2024-04-23 10:57:00,page_view
E005262,C00658,2023-05-09 04:31:00,add_to_cart
E005263,C00658,2023-06-11 19:49:00,page_view
E005264,C00658,2024-06-27 03:15:00,app_open
E005265,C00659,2023-07-04 21:37:00,search
E005266,C00659,2025-08-25 17:42:00,add_to_cart
E005267,C00659,2024-12-16 10:39:00,app_open
E005268,C00659,2024-10-30 19:02:00,page_view
E005269,C00659,2025-04-21 05:12:00,app_open
E005270,C00659,2023-07-16 07:01:00,app_open
E005271,C00659,2024-06-04 02:46:00,search
E005272,C00659,2025-01-27 10:16:00,app_open
E005273,C00660,2024-04-12 17:40:00,page_view
E005274,C00660,2023-09-05 10:56:00,app_open
E005275,C00660,2023-06-23 23:41:00,app_open
E005276,C00660,2025-06-16 06:40:00,search
E005277,C00660,2023-03-17 22:38:00,add_to_cart
E005278,C00660,2024-11-01 08:30:00,page_view
E005279,C00660,2025-01-12 06:36:00,app_open
E005280,C00660,2023-07-01 22:03:00,add_to_cart
E005281,C00661,2023-09-25 23:38:00,search
E005282,C00661,2024-01-19 11:28:00,page_view
E005283,C00661,2024-03-13 23:22:00,search
E005284,C00661,2024-12-09 17:02:00,add_to_cart
E005285,C00661,2025-12-22 08:54:00,add_to_cart
E005286,C00661,2023-08-04 15:17:00,page_view
E005287,C00661,2025-01-16 23:29:00,add_to_cart
E005288,C00661,2025-09-18 00:18:00,page_view
E005289,C00662,2024-11-03 06:56:00,add_to_cart
E005290,C00662,2024-12-01 00:08:00,search
E005291,C00662,2024-06-28 08:27:00,app_open
E005292,C00662,2025-04-26 21:54:00,add_to_cart
E005293,C00662,2025-12-08 09:49:00,add_to_cart
E005294,C00662,2023-12-09 09:56:00,page_view
E005295,C00662,2024-06-30 19:37:00,app_open
E005296,C00662,2024-02-25 19:52:00,app_open
E005297,C00663,2024-04-11 01:20:00,add_to_cart
E005298,C00663,2024-01-12 12:42:00,page_view
E005299,C00663,2025-03-03 17:59:00,search
E005300,C00663,2025-03-24 09:04:00,search
E005301,C00663,2023-07-27 20:28:00,page_view
E005302,C00663,2023-06-20 13:51:00,page_view
E005303,C00663,2025-11-16 13:39:00,add_to_cart
E005304,C00663,2024-05-19 11:13:00,app_open
E005305,C00664,2023-05-26 14:30:00,search
E005306,C00664,2025-05-08 17:18:00,page_view
E005307,C00664,2025-11-12 11:02:00,search
E005308,C00664,2024-11-05 05:38:00,page_view
E005309,C00664,2025-10-16 03:24:00,add_to_cart
E005310,C00664,2024-10-06 01:35:00,add_to_cart
E005311,C00664,2023-09-04 19:13:00,app_open
E005312,C00664,2024-04-25 04:30:00,search
E005313,C00665,2024-07-05 17:08:00,page_view
E005314,C00665,2025-09-25 21:48:00,page_view
E005315,C00665,2023-05-25 04:20:00,page_view
E005316,C00665,2023-01-28 11:02:00,add_to_cart
E005317,C00665,2024-06-26 12:17:00,page_view
E005318,C00665,2025-12-05 12:28:00,add_to_cart
E005319,C00665,2025-07-17 07:56:00,page_view
E005320,C00665,2024-05-16 10:34:00,app_open
E005321,C00666,2023-09-06 14:33:00,page_view
E005322,C00666,2023-01-05 03:09:00,page_view
E005323,C00666,2024-07-09 17:29:00,app_open
E005324,C00666,2025-10-12 14:29:00,app_open
E005325,C00666,2023-08-11 10:28:00,search
E005326,C00666,2023-10-24 10:59:00,search
E005327,C00666,2025-03-27 13:14:00,add_to_cart
E005328,C00666,2023-12-11 12:51:00,search
E005329,C00667,2024-04-29 20:48:00,app_open
E005330,C00667,2024-09-20 02:15:00,search
E005331,C00667,2023-09-02 13:28:00,page_view
E005332,C00667,2024-06-17 18:37:00,add_to_cart
E005333,C00667,2023-12-07 20:55:00,app_open
E005334,C00667,2024-07-08 05:07:00,app_open
E005335,C00667,2025-08-06 00:17:00,app_open
E005336,C00667,2023-10-31 20:41:00,search
E005337,C00668,2025-05-25 02:51:00,search
E005338,C00668,2023-03-31 17:13:00,app_open
E005339,C00668,2024-07-06 09:54:00,app_open
E005340,C00668,2024-02-10 18:36:00,add_to_cart
E005341,C00668,2024-07-24 05:35:00,search
E005342,C00668,2025-10-28 09:55:00,add_to_cart
E005343,C00668,2023-10-09 20:23:00,search
E005344,C00668,2025-07-17 17:44:00,add_to_cart
E005345,C00669,2024-10-29 14:36:00,page_view
E005346,C00669,2025-04-15 22:37:00,page_view
E005347,C00669,2024-04-11 08:25:00,search
E005348,C00669,2025-08-21 00:03:00,app_open
E005349,C00669,2023-05-11 00:57:00,add_to_cart
E005350,C00669,2023-03-13 05:42:00,page_view
E005351,C00669,2025-02-25 04:15:00,app_open
E005352,C00669,2023-06-04 16:20:00,add_to_cart
E005353,C00670,2025-01-31 02:25:00,page_view
E005354,C00670,2025-05-25 19:45:00,add_to_cart
E005355,C00670,2023-07-15 03:04:00,page_view
E005356,C00670,2024-12-14 10:06:00,page_view
E005357,C00670,2024-02-13 13:44:00,page_view
E005358,C00670,2025-10-24 00:19:00,search
E005359,C00670,2023-04-15 07:24:00,search
E005360,C00670,2024-11-24 03:37:00,page_view
E005361,C00671,2024-07-07 22:44:00,page_view
E005362,C00671,2024-05-01 18:59:00,app_open
E005363,C00671,2023-12-26 23:43:00,app_open
E005364,C00671,2025-02-27 10:09:00,page_view
E005365,C00671,2023-07-03 20:31:00,search
E005366,C00671,2025-02-16 08:54:00,search
E005367,C00671,2025-11-10 06:46:00,app_open
E005368,C00671,2025-10-06 23:56:00,app_open
E005369,C00672,2025-01-30 18:43:00,page_view
E005370,C00672,2025-04-07 23:56:00,search
E005371,C00672,2024-05-19 04:37:00,app_open
E005372,C00672,2024-05-16 18:10:00,page_view
E005373,C00672,2023-10-18 13:39:00,app_open
E005374,C00672,2025-01-16 08:35:00,app_open
E005375,C00672,2024-10-03 04:15:00,search
E005376,C00672,2025-06-12 09:56:00,search
E005377,C00673,2025-12-30 06:06:00,page_view
E005378,C00673,2024-06-24 23:30:00,add_to_cart
E005379,C00673,2024-06-22 06:52:00,search
E005380,C00673,2023-09-03 09:31:00,search
E005381,C00673,2024-10-13 04:32:00,app_open
E005382,C00673,2025-12-07 10:30:00,app_open
E005383,C00673,2025-06-14 05:54:00,page_view
E005384,C00673,2025-09-06 12:35:00,app_open
E005385,C00674,2025-10-25 03:04:00,search
E005386,C00674,2024-02-11 17:17:00,add_to_cart
E005387,C00674,2024-10-26 02:11:00,page_view
E005388,C00674,2024-11-13 00:50:00,page_view
E005389,C00674,2024-04-05 14:04:00,page_view
E005390,C00674,2025-02-05 06:28:00,search
E005391,C00674,2025-10-27 13:23:00,add_to_cart
E005392,C00674,2024-11-26 20:54:00,page_view
E005393,C00675,2024-11-24 20:29:00,page_view
E005394,C00675,2025-10-25 05:49:00,app_open
E005395,C00675,2025-10-27 06:46:00,add_to_cart
E005396,C00675,2023-03-01 18:08:00,page_view
E005397,C00675,2024-05-10 12:12:00,add_to_cart
E005398,C00675,2025-05-04 21:10:00,add_to_cart
E005399,C00675,2023-11-28 20:03:00,app_open
E005400,C00675,2023-02-01 18:08:00,app_open
E005401,C00676,2024-01-27 09:55:00,app_open
E005402,C00676,2024-11-05 15:52:00,add_to_cart
E005403,C00676,2024-08-27 15:51:00,page_view
E005404,C00676,2023-08-07 23:06:00,page_view
E005405,C00676,2024-05-19 08:53:00,search
E005406,C00676,2023-11-16 03:41:00,app_open
E005407,C00676,2023-04-08 14:50:00,add_to_cart
E005408,C00676,2024-04-05 15:00:00,page_view
E005409,C00677,2025-09-14 05:57:00,app_open
E005410,C00677,2025-06-24 14:48:00,search
E005411,C00677,2024-01-16 12:11:00,page_view
E005412,C00677,2023-11-28 05:33:00,page_view
E005413,C00677,2025-12-16 13:47:00,app_open
E005414,C00677,2025-06-26 00:49:00,page_view
E005415,C00677,2024-04-10 07:02:00,search
E005416,C00677,2023-02-04 01:08:00,search
E005417,C00678,2025-02-03 00:50:00,app_open
E005418,C00678,2024-04-18 11:19:00,app_open
E005419,C00678,2023-08-13 16:41:00,search
E005420,C00678,2025-08-01 02:13:00,search
E005421,C00678,2024-07-25 04:27:00,app_open
E005422,C00678,2025-08-24 05:05:00,search
E005423,C00678,2023-12-26 20:29:00,search
E005424,C00678,2023-05-16 06:59:00,app_open
E005425,C00679,2025-02-04 08:07:00,page_view
E005426,C00679,2024-05-30 23:11:00,app_open
E005427,C00679,2025-10-27 05:19:00,add_to_cart
E005428,C00679,2024-12-22 03:41:00,page_view
E005429,C00679,2025-02-18 23:33:00,app_open
E005430,C00679,2024-03-26 10:46:00,page_view
E005431,C00679,2023-09-20 17:24:00,app_open
E005432,C00679,2025-09-05 23:53:00,add_to_cart
E005433,C00680,2025-01-22 10:46:00,search
E005434,C00680,2023-09-08 14:51:00,add_to_cart
E005435,C00680,2025-08-21 22:47:00,search
E005436,C00680,2023-07-31 11:39:00,page_view
E005437,C00680,2025-01-26 07:40:00,page_view
E005438,C00680,2024-05-16 07:32:00,add_to_cart
E005439,C00680,2023-04-21 04:21:00,add_to_cart
E005440,C00680,2024-11-06 19:14:00,app_open
E005441,C00681,2024-12-24 17:25:00,page_view
E005442,C00681,2025-10-25 21:24:00,add_to_cart
E005443,C00681,2025-11-04 14:59:00,search
E005444,C00681,2024-02-09 10:37:00,page_view
E005445,C00681,2025-10-04 09:18:00,search
E005446,C00681,2023-02-21 20:26:00,page_view
E005447,C00681,2023-09-01 21:13:00,add_to_cart
E005448,C00681,2025-02-01 13:36:00,app_open
E005449,C00682,2023-05-11 13:31:00,add_to_cart
E005450,C00682,2025-03-02 00:21:00,search
E005451,C00682,2025-07-12 13:35:00,add_to_cart
E005452,C00682,2023-12-22 09:37:00,page_view
E005453,C00682,2023-02-24 16:57:00,page_view
E005454,C00682,2024-08-26 16:57:00,app_open
E005455,C00682,2023-12-15 08:22:00,search
E005456,C00682,2025-06-01 04:53:00,app_open
E005457,C00683,2024-03-06 13:11:00,add_to_cart
E005458,C00683,2023-08-05 22:27:00,app_open
E005459,C00683,2025-01-14 21:12:00,app_open
E005460,C00683,2024-10-12 02:24:00,app_open
E005461,C00683,2025-11-26 07:48:00,search
E005462,C00683,2023-03-18 02:05:00,app_open
E005463,C00683,2025-04-01 19:05:00,search
E005464,C00683,2023-02-01 00:53:00,app_open
E005465,C00684,2024-05-15 10:04:00,page_view
E005466,C00684,2024-12-06 05:28:00,page_view
E005467,C00684,2023-11-01 08:22:00,search
E005468,C00684,2025-04-01 02:03:00,add_to_cart
E005469,C00684,2024-06-24 10:19:00,search
E005470,C00684,2024-11-12 13:24:00,search
E005471,C00684,2024-04-11 23:45:00,page_view
E005472,C00684,2024-04-29 16:22:00,app_open
E005473,C00685,2023-11-21 12:22:00,page_view
E005474,C00685,2023-03-13 04:40:00,search
E005475,C00685,2024-06-12 09:44:00,app_open
E005476,C00685,2023-10-06 16:24:00,add_to_cart
E005477,C00685,2024-02-14 19:23:00,search
E005478,C00685,2025-05-23 17:15:00,page_view
E005479,C00685,2025-10-22 13:59:00,search
E005480,C00685,2025-05-01 05:28:00,page_view
E005481,C00686,2025-05-14 03:04:00,app_open
E005482,C00686,2025-10-02 00:51:00,add_to_cart
E005483,C00686,2024-08-05 13:19:00,add_to_cart
E005484,C00686,2025-01-04 06:31:00,page_view
E005485,C00686,2025-07-17 08:10:00,add_to_cart
E005486,C00686,2023-12-09 08:00:00,add_to_cart
E005487,C00686,2025-09-05 13:00:00,add_to_cart
E005488,C00686,2023-09-14 06:03:00,add_to_cart
E005489,C00687,2023-10-25 03:17:00,add_to_cart
E005490,C00687,2025-10-06 14:10:00,page_view
E005491,C00687,2025-12-19 05:37:00,search
E005492,C00687,2024-12-12 04:19:00,page_view
E005493,C00687,2025-12-08 23:02:00,page_view
E005494,C00687,2024-11-23 11:50:00,page_view
E005495,C00687,2025-04-11 11:38:00,search
E005496,C00687,2023-03-03 06:35:00,add_to_cart
E005497,C00688,2025-11-23 02:36:00,search
E005498,C00688,2023-09-11 12:26:00,add_to_cart
E005499,C00688,2024-09-29 12:38:00,search
E005500,C00688,2023-04-18 07:50:00,page_view
E005501,C00688,2025-11-30 20:03:00,search
E005502,C00688,2025-08-02 03:29:00,search
E005503,C00688,2025-09-13 11:22:00,search
E005504,C00688,2023-05-16 21:03:00,add_to_cart
E005505,C00689,2023-07-21 06:15:00,app_open
E005506,C00689,2024-08-06 08:50:00,search
E005507,C00689,2024-09-14 17:39:00,app_open
E005508,C00689,2024-09-17 12:07:00,add_to_cart
E005509,C00689,2025-06-15 06:53:00,search
E005510,C00689,2024-07-29 16:52:00,app_open
E005511,C00689,2025-01-20 21:17:00,page_view
E005512,C00689,2025-05-16 21:19:00,app_open
E005513,C00690,2023-10-24 01:26:00,page_view
E005514,C00690,2023-12-11 13:30:00,page_view
E005515,C00690,2025-01-05 11:47:00,search
E005516,C00690,2025-03-17 22:08:00,page_view
E005517,C00690,2024-06-03 04:31:00,page_view
E005518,C00690,2023-05-16 12:38:00,search
E005519,C00690,2024-03-06 10:43:00,app_open
E005520,C00690,2025-04-01 08:05:00,search
E005521,C00691,2023-05-07 01:38:00,add_to_cart
E005522,C00691,2023-12-07 21:52:00,add_to_cart
E005523,C00691,2023-09-01 18:02:00,search
E005524,C00691,2025-01-11 22:16:00,add_to_cart
E005525,C00691,2023-03-15 14:46:00,search
E005526,C00691,2024-03-18 10:08:00,search
E005527,C00691,2025-06-12 02:17:00,search
E005528,C00691,2025-12-29 13:03:00,app_open
E005529,C00692,2024-04-29 14:53:00,page_view
E005530,C00692,2023-04-10 23:50:00,app_open
E005531,C00692,2023-10-22 14:35:00,search
E005532,C00692,2024-05-03 03:44:00,add_to_cart
E005533,C00692,2024-12-03 06:33:00,search
E005534,C00692,2024-02-11 17:22:00,app_open
E005535,C00692,2024-12-15 08:19:00,app_open
E005536,C00692,2025-11-08 06:50:00,page_view
E005537,C00693,2023-05-09 09:25:00,page_view
E005538,C00693,2023-12-24 01:59:00,app_open
E005539,C00693,2025-11-17 20:39:00,search
E005540,C00693,2025-03-06 03:50:00,add_to_cart
E005541,C00693,2024-02-10 06:16:00,add_to_cart
E005542,C00693,2024-11-24 06:52:00,search
E005543,C00693,2025-11-21 11:25:00,app_open
E005544,C00693,2023-01-21 16:27:00,app_open
E005545,C00694,2023-10-01 19:24:00,page_view
E005546,C00694,2025-04-11 22:00:00,add_to_cart
E005547,C00694,2025-11-01 08:59:00,page_view
E005548,C00694,2024-10-28 18:56:00,app_open
E005549,C00694,2024-02-11 09:33:00,app_open
E005550,C00694,2025-11-11 11:44:00,app_open
E005551,C00694,2023-06-28 11:03:00,search
E005552,C00694,2024-12-02 10:11:00,search
E005553,C00695,2023-06-08 22:43:00,app_open
E005554,C00695,2023-11-23 07:12:00,add_to_cart
E005555,C00695,2025-12-17 12:54:00,page_view
E005556,C00695,2024-02-19 13:36:00,add_to_cart
E005557,C00695,2025-07-25 04:59:00,app_open
E005558,C00695,2025-02-09 10:35:00,app_open
E005559,C00695,2025-10-03 18:49:00,add_to_cart
E005560,C00695,2025-06-21 01:17:00,search
E005561,C00696,2025-05-25 03:00:00,search
E005562,C00696,2025-01-31 18:20:00,app_open
E005563,C00696,2025-11-03 06:04:00,add_to_cart
E005564,C00696,2025-11-27 13:44:00,page_view
E005565,C00696,2023-12-13 17:35:00,page_view
E005566,C00696,2025-02-13 04:10:00,search
E005567,C00696,2025-02-25 12:17:00,page_view
E005568,C00696,2023-10-17 01:56:00,search
E005569,C00697,2025-09-23 13:47:00,page_view
E005570,C00697,2025-02-04 05:55:00,add_to_cart
E005571,C00697,2024-03-24 12:48:00,search
E005572,C00697,2023-06-05 17:17:00,app_open
E005573,C00697,2024-10-17 07:49:00,page_view
E005574,C00697,2023-02-15 12:17:00,app_open
E005575,C00697,2024-03-14 02:15:00,page_view
E005576,C00697,2025-09-10 04:57:00,add_to_cart
E005577,C00698,2023-07-03 19:14:00,search
E005578,C00698,2023-11-09 20:52:00,add_to_cart
E005579,C00698,2023-06-24 20:11:00,search
E005580,C00698,2024-10-02 00:41:00,add_to_cart
E005581,C00698,2023-07-30 02:54:00,add_to_cart
E005582,C00698,2024-10-05 02:34:00,page_view
E005583,C00698,2023-06-11 17:25:00,add_to_cart
E005584,C00698,2023-02-20 17:24:00,add_to_cart
E005585,C00699,2023-01-23 01:18:00,app_open
E005586,C00699,2023-10-27 02:38:00,page_view
E005587,C00699,2023-01-08 19:51:00,add_to_cart
E005588,C00699,2023-07-29 06:59:00,app_open
E005589,C00699,2025-06-03 18:03:00,add_to_cart
E005590,C00699,2023-08-06 03:48:00,search
E005591,C00699,2023-08-23 22:01:00,search
E005592,C00699,2025-08-24 16:51:00,app_open
E005593,C00700,2023-10-09 10:05:00,page_view
E005594,C00700,2023-07-05 15:08:00,app_open
E005595,C00700,2023-09-30 23:42:00,search
E005596,C00700,2024-05-09 14:01:00,add_to_cart
E005597,C00700,2024-01-10 20:29:00,search
E005598,C00700,2025-01-13 08:12:00,add_to_cart
E005599,C00700,2025-12-02 21:39:00,search
E005600,C00700,2025-06-17 15:02:00,add_to_cart
E005601,C00701,2025-09-16 01:26:00,app_open
E005602,C00701,2025-10-29 01:53:00,add_to_cart
E005603,C00701,2025-06-11 11:25:00,page_view
E005604,C00701,2024-12-26 22:00:00,add_to_cart
E005605,C00701,2023-12-07 17:06:00,search
E005606,C00701,2025-10-10 00:50:00,page_view
E005607,C00701,2024-10-05 22:23:00,page_view
E005608,C00701,2025-03-01 16:36:00,app_open
E005609,C00702,2025-05-18 15:36:00,app_open
E005610,C00702,2025-08-28 17:14:00,page_view
E005611,C00702,2025-08-16 23:58:00,search
E005612,C00702,2024-09-18 00:45:00,add_to_cart
E005613,C00702,2024-06-25 21:04:00,search
E005614,C00702,2023-01-09 08:13:00,search
E005615,C00702,2024-04-11 11:36:00,page_view
E005616,C00702,2023-05-06 02:42:00,add_to_cart
E005617,C00703,2024-04-23 22:10:00,add_to_cart
E005618,C00703,2025-03-22 03:00:00,add_to_cart
E005619,C00703,2024-05-05 02:50:00,app_open
E005620,C00703,2025-05-01 02:31:00,page_view
E005621,C00703,2023-08-29 13:55:00,app_open
E005622,C00703,2025-05-26 11:15:00,page_view
E005623,C00703,2023-04-16 03:33:00,app_open
E005624,C00703,2023-03-24 05:28:00,page_view
E005625,C00704,2023-01-24 04:02:00,add_to_cart
E005626,C00704,2023-01-30 11:23:00,page_view
E005627,C00704,2024-02-05 03:36:00,app_open
E005628,C00704,2025-02-26 01:06:00,search
E005629,C00704,2025-09-06 19:43:00,page_view
E005630,C00704,2024-07-06 12:45:00,add_to_cart
E005631,C00704,2023-10-16 04:51:00,search
E005632,C00704,2023-06-16 07:49:00,add_to_cart
E005633,C00705,2024-02-23 06:37:00,search
E005634,C00705,2024-01-24 01:50:00,search
E005635,C00705,2024-09-21 02:00:00,page_view
E005636,C00705,2025-03-28 05:57:00,page_view
E005637,C00705,2024-11-04 11:47:00,app_open
E005638,C00705,2023-07-10 04:50:00,page_view
E005639,C00705,2025-04-28 19:52:00,add_to_cart
E005640,C00705,2023-08-03 15:12:00,search
E005641,C00706,2023-07-07 14:15:00,app_open
E005642,C00706,2025-06-06 16:12:00,app_open
E005643,C00706,2024-11-28 01:28:00,add_to_cart
E005644,C00706,2023-09-08 19:24:00,search
E005645,C00706,2025-05-26 03:11:00,add_to_cart
E005646,C00706,2024-02-15 13:41:00,add_to_cart
E005647,C00706,2023-12-24 09:35:00,search
E005648,C00706,2023-08-06 03:05:00,add_to_cart
E005649,C00707,2025-07-27 18:07:00,app_open
E005650,C00707,2023-08-20 00:05:00,search
E005651,C00707,2025-10-29 21:07:00,page_view
E005652,C00707,2024-12-30 07:57:00,app_open
E005653,C00707,2023-06-05 07:20:00,app_open
E005654,C00707,2025-01-14 17:53:00,add_to_cart
E005655,C00707,2023-08-15 05:19:00,app_open
E005656,C00707,2023-07-01 11:42:00,search
E005657,C00708,2023-12-19 13:54:00,app_open
E005658,C00708,2023-08-11 21:10:00,search
E005659,C00708,2024-07-27 14:30:00,search
E005660,C00708,2024-09-04 18:37:00,app_open
E005661,C00708,2025-11-03 00:00:00,app_open
E005662,C00708,2024-02-08 10:29:00,search
E005663,C00708,2024-06-10 16:28:00,add_to_cart
E005664,C00708,2025-11-18 10:09:00,add_to_cart
E005665,C00709,2025-10-17 06:24:00,app_open
E005666,C00709,2025-01-23 12:11:00,add_to_cart
E005667,C00709,2023-05-10 03:27:00,add_to_cart
E005668,C00709,2024-12-22 08:59:00,app_open
E005669,C00709,2024-10-03 12:32:00,page_view
E005670,C00709,2024-07-29 14:34:00,page_view
E005671,C00709,2024-01-29 10:51:00,add_to_cart
E005672,C00709,2023-02-13 20:43:00,app_open
E005673,C00710,2023-01-03 14:41:00,page_view
E005674,C00710,2023-05-11 07:44:00,search
E005675,C00710,2025-07-12 15:24:00,search
E005676,C00710,2023-09-14 14:32:00,page_view
E005677,C00710,2023-05-24 02:46:00,page_view
E005678,C00710,2024-12-06 23:32:00,add_to_cart
E005679,C00710,2025-12-01 00:51:00,app_open
E005680,C00710,2025-03-05 06:17:00,app_open
E005681,C00711,2023-04-08 09:43:00,search
E005682,C00711,2025-12-18 05:10:00,search
E005683,C00711,2024-07-22 17:30:00,search
E005684,C00711,2024-11-24 22:43:00,page_view
E005685,C00711,2025-06-07 11:17:00,app_open
E005686,C00711,2025-11-15 19:58:00,page_view
E005687,C00711,2024-01-02 07:10:00,app_open
E005688,C00711,2025-08-22 17:01:00,page_view
E005689,C00712,2023-03-12 02:13:00,add_to_cart
E005690,C00712,2023-04-17 23:01:00,app_open
E005691,C00712,2024-08-30 22:34:00,add_to_cart
E005692,C00712,2023-06-20 21:35:00,search
E005693,C00712,2024-11-05 18:27:00,page_view
E005694,C00712,2025-07-13 03:21:00,add_to_cart
E005695,C00712,2024-04-22 22:48:00,add_to_cart
E005696,C00712,2024-12-28 22:02:00,search
E005697,C00713,2023-02-13 15:11:00,app_open
E005698,C00713,2023-09-15 04:32:00,search
E005699,C00713,2025-02-12 21:18:00,add_to_cart
E005700,C00713,2024-10-29 18:03:00,add_to_cart
E005701,C00713,2025-02-21 22:49:00,search
E005702,C00713,2023-03-18 01:47:00,add_to_cart
E005703,C00713,2025-08-23 09:53:00,search
E005704,C00713,2025-09-17 03:52:00,search
E005705,C00714,2024-12-30 06:34:00,page_view
E005706,C00714,2024-02-16 14:02:00,page_view
E005707,C00714,2025-02-24 00:10:00,app_open
E005708,C00714,2024-12-20 06:37:00,page_view
E005709,C00714,2025-12-09 03:11:00,add_to_cart
E005710,C00714,2025-07-18 11:13:00,search
E005711,C00714,2025-05-29 15:13:00,search
E005712,C00714,2024-04-02 20:05:00,search
E005713,C00715,2025-04-01 21:22:00,search
E005714,C00715,2024-07-09 17:55:00,page_view
E005715,C00715,2024-03-09 17:13:00,page_view
E005716,C00715,2024-08-13 11:04:00,search
E005717,C00715,2024-12-22 07:13:00,search
E005718,C00715,2023-09-05 06:19:00,add_to_cart
E005719,C00715,2024-08-02 06:05:00,app_open
E005720,C00715,2025-07-15 11:37:00,search
E005721,C00716,2025-03-16 14:51:00,page_view
E005722,C00716,2024-07-16 09:31:00,page_view
E005723,C00716,2023-12-08 11:02:00,add_to_cart
E005724,C00716,2024-12-22 22:17:00,search
E005725,C00716,2024-09-07 01:09:00,add_to_cart
E005726,C00716,2023-08-28 05:12:00,search
E005727,C00716,2023-09-23 20:14:00,page_view
E005728,C00716,2024-01-12 01:21:00,app_open
E005729,C00717,2024-03-12 20:19:00,app_open
E005730,C00717,2023-08-15 08:12:00,search
E005731,C00717,2023-01-18 05:23:00,app_open
E005732,C00717,2024-08-11 09:14:00,app_open
E005733,C00717,2024-03-16 13:40:00,app_open
E005734,C00717,2025-11-29 16:32:00,add_to_cart
E005735,C00717,2024-01-08 08:24:00,page_view
E005736,C00717,2025-03-28 14:22:00,page_view
E005737,C00718,2024-09-18 03:07:00,page_view
E005738,C00718,2025-11-13 10:49:00,app_open
E005739,C00718,2024-07-14 22:26:00,app_open
E005740,C00718,2023-02-25 16:04:00,add_to_cart
E005741,C00718,2025-06-30 17:52:00,app_open
E005742,C00718,2024-08-20 09:35:00,page_view
E005743,C00718,2024-04-07 11:23:00,page_view
E005744,C00718,2025-03-08 14:57:00,search
E005745,C00719,2025-10-07 04:45:00,add_to_cart
E005746,C00719,2024-04-22 19:21:00,search
E005747,C00719,2023-11-26 12:38:00,app_open
E005748,C00719,2025-09-14 04:44:00,app_open
E005749,C00719,2023-05-17 17:57:00,page_view
E005750,C00719,2025-08-10 17:44:00,add_to_cart
E005751,C00719,2025-02-04 06:33:00,app_open
E005752,C00719,2024-09-24 20:31:00,app_open
E005753,C00720,2025-04-18 04:28:00,app_open
E005754,C00720,2025-04-02 22:41:00,add_to_cart
E005755,C00720,2024-02-20 21:08:00,add_to_cart
E005756,C00720,2025-07-27 16:39:00,app_open
E005757,C00720,2025-04-28 21:31:00,search
E005758,C00720,2024-02-06 13:39:00,search
E005759,C00720,2025-09-09 19:36:00,page_view
E005760,C00720,2025-09-22 17:34:00,app_open
E005761,C00721,2024-10-09 21:19:00,page_view
E005762,C00721,2023-10-25 08:45:00,add_to_cart
E005763,C00721,2025-12-22 19:53:00,add_to_cart
E005764,C00721,2023-03-17 04:30:00,app_open
E005765,C00721,2024-06-11 22:31:00,page_view
E005766,C00721,2024-05-08 02:09:00,page_view
E005767,C00721,2023-12-02 16:36:00,app_open
E005768,C00721,2024-10-21 21:39:00,app_open
E005769,C00722,2024-10-25 14:16:00,add_to_cart
E005770,C00722,2025-03-24 10:03:00,page_view
E005771,C00722,2024-03-26 08:53:00,page_view
E005772,C00722,2025-11-20 18:05:00,app_open
E005773,C00722,2025-03-20 02:20:00,page_view
E005774,C00722,2023-12-11 09:32:00,app_open
E005775,C00722,2023-05-18 12:05:00,search
E005776,C00722,2025-04-01 07:28:00,app_open
E005777,C00723,2024-09-05 07:29:00,app_open
E005778,C00723,2024-03-20 03:51:00,add_to_cart
E005779,C00723,2023-08-02 08:54:00,add_to_cart
E005780,C00723,2024-10-20 03:05:00,search
E005781,C00723,2023-07-27 18:13:00,add_to_cart
E005782,C00723,2023-06-16 13:55:00,page_view
E005783,C00723,2025-02-28 10:51:00,add_to_cart
E005784,C00723,2024-12-07 21:55:00,app_open
E005785,C00724,2025-12-23 17:41:00,add_to_cart
E005786,C00724,2023-09-03 02:23:00,app_open
E005787,C00724,2024-11-04 23:03:00,page_view
E005788,C00724,2025-08-31 01:50:00,add_to_cart
E005789,C00724,2023-05-23 01:32:00,add_to_cart
E005790,C00724,2025-08-26 02:47:00,app_open
E005791,C00724,2025-01-29 03:02:00,add_to_cart
E005792,C00724,2023-07-22 02:16:00,search
E005793,C00725,2025-07-11 23:26:00,search
E005794,C00725,2025-12-24 00:44:00,page_view
E005795,C00725,2024-08-18 08:30:00,search
E005796,C00725,2025-08-13 01:02:00,add_to_cart
E005797,C00725,2023-02-02 02:32:00,add_to_cart
E005798,C00725,2025-08-22 20:38:00,app_open
E005799,C00725,2023-04-30 05:16:00,add_to_cart
E005800,C00725,2023-05-12 05:59:00,add_to_cart
E005801,C00726,2023-02-19 07:22:00,page_view
E005802,C00726,2025-03-22 18:35:00,search
E005803,C00726,2024-08-22 08:46:00,search
E005804,C00726,2025-07-20 03:32:00,search
E005805,C00726,2025-03-11 02:51:00,app_open
E005806,C00726,2024-09-15 03:24:00,app_open
E005807,C00726,2024-03-06 12:04:00,app_open
E005808,C00726,2024-10-21 02:07:00,add_to_cart
E005809,C00727,2023-05-13 03:51:00,search
E005810,C00727,2024-01-05 21:15:00,add_to_cart
E005811,C00727,2025-12-03 00:00:00,page_view
E005812,C00727,2024-02-02 02:49:00,app_open
E005813,C00727,2023-05-27 03:28:00,add_to_cart
E005814,C00727,2025-12-10 09:59:00,add_to_cart
E005815,C00727,2024-03-31 21:33:00,search
E005816,C00727,2025-04-02 16:34:00,search
E005817,C00728,2023-09-30 21:08:00,page_view
E005818,C00728,2023-09-24 23:51:00,app_open
E005819,C00728,2023-04-03 07:45:00,app_open
E005820,C00728,2024-02-17 05:35:00,add_to_cart
E005821,C00728,2024-04-11 21:58:00,search
E005822,C00728,2025-07-29 22:05:00,app_open
E005823,C00728,2025-08-01 16:09:00,add_to_cart
E005824,C00728,2024-12-26 07:28:00,app_open
E005825,C00729,2023-09-05 10:03:00,page_view
E005826,C00729,2025-06-18 05:49:00,add_to_cart
E005827,C00729,2025-10-07 21:15:00,search
E005828,C00729,2023-06-09 20:27:00,page_view
E005829,C00729,2023-02-17 07:30:00,add_to_cart
E005830,C00729,2024-04-23 02:47:00,page_view
E005831,C00729,2025-04-02 04:45:00,app_open
E005832,C00729,2023-05-09 20:58:00,page_view
E005833,C00730,2024-10-13 17:35:00,app_open
E005834,C00730,2024-05-09 18:11:00,app_open
E005835,C00730,2024-07-03 04:51:00,add_to_cart
E005836,C00730,2025-06-24 22:53:00,search
E005837,C00730,2023-09-19 12:43:00,add_to_cart
E005838,C00730,2023-11-20 05:36:00,page_view
E005839,C00730,2024-10-10 01:13:00,page_view
E005840,C00730,2024-01-17 04:55:00,page_view
E005841,C00731,2025-08-05 13:44:00,search
E005842,C00731,2023-02-24 18:32:00,page_view
E005843,C00731,2024-09-20 08:03:00,search
E005844,C00731,2025-12-12 05:54:00,app_open
E005845,C00731,2025-05-25 21:30:00,search
E005846,C00731,2025-12-26 10:03:00,add_to_cart
E005847,C00731,2023-04-08 19:26:00,app_open
E005848,C00731,2023-12-17 09:58:00,app_open
E005849,C00732,2025-04-21 11:32:00,search
E005850,C00732,2023-11-25 23:58:00,search
E005851,C00732,2023-04-08 14:38:00,page_view
E005852,C00732,2025-04-14 07:56:00,app_open
E005853,C00732,2023-05-24 04:03:00,page_view
E005854,C00732,2025-10-27 15:42:00,page_view
E005855,C00732,2025-12-16 02:16:00,add_to_cart
E005856,C00732,2023-04-01 15:54:00,page_view
E005857,C00733,2024-12-02 12:41:00,page_view
E005858,C00733,2024-01-16 06:25:00,search
E005859,C00733,2023-07-08 17:10:00,add_to_cart
E005860,C00733,2025-08-18 01:48:00,app_open
E005861,C00733,2024-07-03 12:13:00,search
E005862,C00733,2025-03-17 20:10:00,page_view
E005863,C00733,2024-12-07 19:29:00,page_view
E005864,C00733,2025-11-26 22:47:00,app_open
E005865,C00734,2024-11-09 13:24:00,page_view
E005866,C00734,2025-10-22 08:27:00,add_to_cart
E005867,C00734,2025-08-02 14:05:00,add_to_cart
E005868,C00734,2023-08-26 08:55:00,app_open
E005869,C00734,2024-08-24 05:18:00,search
E005870,C00734,2023-05-04 06:32:00,search
E005871,C00734,2024-04-18 12:52:00,add_to_cart
E005872,C00734,2025-09-22 23:50:00,search
E005873,C00735,2025-10-14 14:34:00,search
E005874,C00735,2025-10-07 21:57:00,search
E005875,C00735,2024-07-11 10:19:00,add_to_cart
E005876,C00735,2024-06-18 16:57:00,add_to_cart
E005877,C00735,2025-12-15 16:43:00,search
E005878,C00735,2024-04-13 17:40:00,search
E005879,C00735,2024-06-13 23:38:00,page_view
E005880,C00735,2025-02-09 18:40:00,add_to_cart
E005881,C00736,2025-01-21 06:51:00,page_view
E005882,C00736,2024-10-29 21:29:00,page_view
E005883,C00736,2025-01-27 14:34:00,search
E005884,C00736,2024-08-07 02:13:00,add_to_cart
E005885,C00736,2024-06-02 02:39:00,app_open
E005886,C00736,2023-06-09 22:24:00,add_to_cart
E005887,C00736,2024-11-17 17:34:00,page_view
E005888,C00736,2023-06-19 16:45:00,search
E005889,C00737,2025-07-06 19:17:00,search
E005890,C00737,2023-11-04 09:25:00,page_view
E005891,C00737,2025-01-26 04:54:00,search
E005892,C00737,2024-02-14 10:08:00,search
E005893,C00737,2023-06-13 23:23:00,app_open
E005894,C00737,2023-10-18 06:18:00,search
E005895,C00737,2023-11-19 12:06:00,app_open
E005896,C00737,2023-10-04 11:34:00,search
E005897,C00738,2025-10-07 09:43:00,add_to_cart
E005898,C00738,2025-08-08 16:56:00,app_open
E005899,C00738,2024-12-22 11:40:00,search
E005900,C00738,2025-04-13 00:32:00,page_view
E005901,C00738,2023-01-24 15:56:00,add_to_cart
E005902,C00738,2025-04-01 22:27:00,app_open
E005903,C00738,2024-08-06 08:39:00,app_open
E005904,C00738,2024-11-29 04:39:00,app_open
E005905,C00739,2023-07-22 01:58:00,search
E005906,C00739,2023-05-31 16:52:00,app_open
E005907,C00739,2025-04-22 01:49:00,add_to_cart
E005908,C00739,2024-04-08 12:02:00,add_to_cart
E005909,C00739,2023-12-02 23:17:00,page_view
E005910,C00739,2024-06-29 15:27:00,page_view
E005911,C00739,2023-07-17 05:26:00,search
E005912,C00739,2023-05-15 07:02:00,page_view
E005913,C00740,2023-01-15 05:40:00,app_open
E005914,C00740,2024-10-27 04:11:00,add_to_cart
E005915,C00740,2024-09-18 04:43:00,add_to_cart
E005916,C00740,2025-05-11 04:52:00,page_view
E005917,C00740,2024-11-16 01:00:00,add_to_cart
E005918,C00740,2023-02-14 13:53:00,app_open
E005919,C00740,2024-03-24 10:19:00,page_view
E005920,C00740,2025-03-17 02:47:00,add_to_cart
E005921,C00741,2023-06-07 17:16:00,page_view
E005922,C00741,2025-05-16 11:27:00,app_open
E005923,C00741,2024-12-03 19:34:00,app_open
E005924,C00741,2025-10-15 11:13:00,page_view
E005925,C00741,2025-05-25 16:43:00,app_open
E005926,C00741,2024-09-15 22:01:00,search
E005927,C00741,2025-04-25 22:07:00,search
E005928,C00741,2024-07-31 06:15:00,app_open
E005929,C00742,2025-11-25 00:56:00,add_to_cart
E005930,C00742,2024-04-11 05:38:00,add_to_cart
E005931,C00742,2024-06-07 18:54:00,page_view
E005932,C00742,2025-04-06 17:58:00,app_open
E005933,C00742,2025-04-26 15:44:00,add_to_cart
E005934,C00742,2023-01-24 14:44:00,search
E005935,C00742,2025-10-26 07:15:00,app_open
E005936,C00742,2023-11-23 01:29:00,search
E005937,C00743,2023-11-20 08:26:00,search
E005938,C00743,2024-10-12 15:40:00,page_view
E005939,C00743,2025-06-01 02:16:00,app_open
E005940,C00743,2024-09-28 21:51:00,search
E005941,C00743,2024-03-26 06:59:00,add_to_cart
E005942,C00743,2023-02-11 19:28:00,page_view
E005943,C00743,2025-04-08 12:25:00,app_open
E005944,C00743,2024-02-13 23:38:00,add_to_cart
E005945,C00744,2025-08-22 06:38:00,add_to_cart
E005946,C00744,2023-09-13 05:53:00,app_open
E005947,C00744,2025-07-26 16:07:00,add_to_cart
E005948,C00744,2023-01-06 20:56:00,page_view
E005949,C00744,2024-07-29 20:14:00,page_view
E005950,C00744,2023-11-22 00:37:00,add_to_cart
E005951,C00744,2023-09-09 01:17:00,app_open
E005952,C00744,2023-01-09 00:37:00,app_open
E005953,C00745,2025-12-17 16:30:00,add_to_cart
E005954,C00745,2024-01-21 19:55:00,search
E005955,C00745,2025-05-11 02:11:00,search
E005956,C00745,2025-06-27 20:05:00,app_open
E005957,C00745,2024-02-26 02:27:00,search
E005958,C00745,2025-02-23 21:44:00,add_to_cart
E005959,C00745,2024-12-13 21:24:00,search
E005960,C00745,2023-07-11 23:55:00,app_open
E005961,C00746,2023-01-03 23:33:00,page_view
E005962,C00746,2025-11-09 01:47:00,search
E005963,C00746,2024-09-30 10:23:00,add_to_cart
E005964,C00746,2025-09-24 07:19:00,add_to_cart
E005965,C00746,2023-11-29 17:20:00,add_to_cart
E005966,C00746,2025-12-29 12:50:00,app_open
E005967,C00746,2023-11-25 20:00:00,search
E005968,C00746,2025-08-10 04:11:00,add_to_cart
E005969,C00747,2023-03-02 14:43:00,page_view
E005970,C00747,2024-06-12 06:14:00,page_view
E005971,C00747,2023-03-03 06:40:00,add_to_cart
E005972,C00747,2024-07-08 05:28:00,search
E005973,C00747,2025-08-16 02:55:00,add_to_cart
E005974,C00747,2023-06-22 08:31:00,app_open
E005975,C00747,2023-06-07 16:41:00,add_to_cart
E005976,C00747,2025-09-04 03:31:00,app_open
E005977,C00748,2023-02-19 06:55:00,page_view
E005978,C00748,2024-06-03 08:49:00,search
E005979,C00748,2024-12-05 13:26:00,app_open
E005980,C00748,2025-05-18 23:55:00,add_to_cart
E005981,C00748,2025-01-30 17:32:00,app_open
E005982,C00748,2024-03-24 01:59:00,add_to_cart
E005983,C00748,2023-12-09 21:48:00,page_view
E005984,C00748,2025-11-29 22:13:00,app_open
E005985,C00749,2023-05-16 07:13:00,page_view
E005986,C00749,2024-08-13 12:37:00,page_view
E005987,C00749,2023-08-28 23:09:00,app_open
E005988,C00749,2025-05-27 22:06:00,search
E005989,C00749,2023-02-28 02:47:00,page_view
E005990,C00749,2024-12-18 03:59:00,add_to_cart
E005991,C00749,2024-02-18 19:07:00,page_view
E005992,C00749,2025-12-28 16:57:00,add_to_cart
E005993,C00750,2024-11-25 11:16:00,add_to_cart
E005994,C00750,2024-12-24 08:49:00,search
E005995,C00750,2024-10-04 06:33:00,app_open
E005996,C00750,2023-01-10 01:03:00,search
E005997,C00750,2025-08-15 03:05:00,search
E005998,C00750,2024-11-08 05:00:00,page_view
E005999,C00750,2024-11-21 18:28:00,page_view
E006000,C00750,2025-11-28 09:57:00,add_to_cart
E006001,C00751,2023-10-28 18:42:00,page_view
E006002,C00751,2023-02-09 14:26:00,page_view
E006003,C00751,2025-12-03 10:57:00,app_open
E006004,C00751,2023-10-26 14:28:00,app_open
E006005,C00751,2024-06-03 12:14:00,add_to_cart
E006006,C00751,2023-03-11 10:29:00,add_to_cart
E006007,C00751,2023-09-17 19:26:00,app_open
E006008,C00751,2025-09-11 12:45:00,add_to_cart
E006009,C00752,2025-01-16 13:56:00,app_open
E006010,C00752,2024-12-22 06:00:00,app_open
E006011,C00752,2023-05-03 13:42:00,app_open
E006012,C00752,2023-06-29 10:43:00,app_open
E006013,C00752,2023-03-08 03:45:00,search
E006014,C00752,2023-06-07 03:23:00,add_to_cart
E006015,C00752,2024-07-05 07:01:00,search
E006016,C00752,2023-02-14 10:52:00,page_view
E006017,C00753,2025-05-10 19:05:00,add_to_cart
E006018,C00753,2024-05-06 12:09:00,app_open
E006019,C00753,2025-03-05 09:26:00,add_to_cart
E006020,C00753,2023-01-04 05:22:00,page_view
E006021,C00753,2024-07-24 18:50:00,app_open
E006022,C00753,2025-05-03 07:07:00,add_to_cart
E006023,C00753,2024-07-01 15:43:00,search
E006024,C00753,2023-09-25 12:11:00,page_view
E006025,C00754,2023-04-08 22:52:00,search
E006026,C00754,2024-12-11 05:41:00,add_to_cart
E006027,C00754,2024-11-16 10:03:00,app_open
E006028,C00754,2024-06-24 17:15:00,page_view
E006029,C00754,2023-04-27 06:27:00,app_open
E006030,C00754,2024-05-29 08:07:00,search
E006031,C00754,2023-01-02 06:25:00,page_view
E006032,C00754,2023-01-15 00:40:00,add_to_cart
E006033,C00755,2023-03-18 07:26:00,add_to_cart
E006034,C00755,2025-04-15 17:19:00,add_to_cart
E006035,C00755,2023-04-29 08:17:00,search
E006036,C00755,2023-12-13 14:18:00,search
E006037,C00755,2024-02-22 08:05:00,app_open
E006038,C00755,2025-01-07 18:32:00,app_open
E006039,C00755,2025-12-16 21:53:00,search
E006040,C00755,2025-03-05 12:41:00,add_to_cart
E006041,C00756,2023-08-25 03:25:00,search
E006042,C00756,2025-07-25 00:43:00,app_open
E006043,C00756,2025-05-08 10:24:00,app_open
E006044,C00756,2025-04-20 12:25:00,app_open
E006045,C00756,2024-07-04 10:56:00,app_open
E006046,C00756,2024-11-07 02:18:00,search
E006047,C00756,2024-05-18 02:58:00,add_to_cart
E006048,C00756,2023-01-30 23:25:00,search
E006049,C00757,2024-09-29 19:39:00,add_to_cart
E006050,C00757,2025-02-09 06:27:00,app_open
E006051,C00757,2025-08-15 22:07:00,app_open
E006052,C00757,2025-04-14 11:35:00,search
E006053,C00757,2023-10-22 07:23:00,add_to_cart
E006054,C00757,2023-06-25 02:38:00,add_to_cart
E006055,C00757,2024-01-07 07:23:00,page_view
E006056,C00757,2024-04-17 15:34:00,app_open
E006057,C00758,2025-09-26 07:41:00,add_to_cart
E006058,C00758,2025-01-24 07:34:00,add_to_cart
E006059,C00758,2023-03-07 09:44:00,page_view
E006060,C00758,2024-04-01 05:17:00,page_view
E006061,C00758,2023-10-03 23:05:00,app_open
E006062,C00758,2024-06-10 20:12:00,app_open
E006063,C00758,2024-05-18 18:26:00,app_open
E006064,C00758,2025-12-24 12:28:00,add_to_cart
E006065,C00759,2023-02-11 13:54:00,search
E006066,C00759,2023-08-04 19:57:00,add_to_cart
E006067,C00759,2025-07-24 11:10:00,app_open
E006068,C00759,2023-08-20 08:23:00,search
E006069,C00759,2025-01-21 11:03:00,app_open
E006070,C00759,2025-07-23 19:27:00,app_open
E006071,C00759,2023-03-09 21:39:00,add_to_cart
E006072,C00759,2024-04-11 02:18:00,add_to_cart
E006073,C00760,2023-01-08 17:47:00,page_view
E006074,C00760,2023-07-28 09:26:00,add_to_cart
E006075,C00760,2025-06-05 14:23:00,page_view
E006076,C00760,2024-03-25 08:11:00,search
E006077,C00760,2024-12-25 11:09:00,add_to_cart
E006078,C00760,2024-08-09 20:27:00,page_view
E006079,C00760,2025-11-23 21:45:00,page_view
E006080,C00760,2024-07-07 01:45:00,add_to_cart
E006081,C00761,2023-02-16 10:08:00,app_open
E006082,C00761,2023-02-12 05:21:00,page_view
E006083,C00761,2025-08-17 13:03:00,search
E006084,C00761,2024-08-20 00:12:00,add_to_cart
E006085,C00761,2024-09-08 09:10:00,add_to_cart
E006086,C00761,2024-09-24 13:18:00,search
E006087,C00761,2024-06-04 01:27:00,app_open
E006088,C00761,2024-07-26 08:53:00,app_open
E006089,C00762,2024-02-29 00:06:00,app_open
E006090,C00762,2023-06-16 19:19:00,add_to_cart
E006091,C00762,2024-04-26 17:30:00,page_view
E006092,C00762,2025-01-28 14:54:00,app_open
E006093,C00762,2023-03-10 01:37:00,add_to_cart
E006094,C00762,2024-12-20 09:18:00,add_to_cart
E006095,C00762,2023-10-06 19:19:00,add_to_cart
E006096,C00762,2025-11-24 10:06:00,add_to_cart
E006097,C00763,2023-04-06 18:59:00,app_open
E006098,C00763,2025-10-27 06:31:00,app_open
E006099,C00763,2023-09-23 19:27:00,add_to_cart
E006100,C00763,2024-04-26 22:57:00,add_to_cart
E006101,C00763,2023-12-08 09:31:00,add_to_cart
E006102,C00763,2024-03-11 12:28:00,search
E006103,C00763,2025-06-24 18:39:00,page_view
E006104,C00763,2024-09-02 18:56:00,app_open
E006105,C00764,2023-07-30 18:03:00,add_to_cart
E006106,C00764,2025-05-23 22:59:00,search
E006107,C00764,2023-03-13 18:22:00,search
E006108,C00764,2023-07-05 16:01:00,add_to_cart
E006109,C00764,2025-11-30 00:01:00,search
E006110,C00764,2025-09-14 18:40:00,search
E006111,C00764,2023-09-06 04:50:00,page_view
E006112,C00764,2025-09-05 01:53:00,add_to_cart
E006113,C00765,2024-07-03 13:56:00,app_open
E006114,C00765,2024-10-31 15:30:00,app_open
E006115,C00765,2024-04-30 03:04:00,page_view
E006116,C00765,2024-05-25 12:42:00,app_open
E006117,C00765,2025-02-01 22:26:00,add_to_cart
E006118,C00765,2024-03-19 22:12:00,app_open
E006119,C00765,2023-07-20 03:43:00,page_view
E006120,C00765,2024-04-21 23:23:00,app_open
E006121,C00766,2023-07-05 07:40:00,search
E006122,C00766,2023-11-26 05:53:00,app_open
E006123,C00766,2025-01-28 13:56:00,add_to_cart
E006124,C00766,2024-05-13 21:05:00,search
E006125,C00766,2023-12-24 17:24:00,app_open
E006126,C00766,2023-08-31 09:45:00,page_view
E006127,C00766,2023-07-13 14:19:00,add_to_cart
E006128,C00766,2023-07-26 11:42:00,app_open
E006129,C00767,2025-04-16 14:46:00,add_to_cart
E006130,C00767,2024-11-10 13:09:00,add_to_cart
E006131,C00767,2025-03-05 23:41:00,add_to_cart
E006132,C00767,2025-01-15 09:22:00,page_view
E006133,C00767,2024-07-27 12:35:00,add_to_cart
E006134,C00767,2023-01-13 23:05:00,app_open
E006135,C00767,2025-03-04 07:52:00,search
E006136,C00767,2023-04-06 06:03:00,page_view
E006137,C00768,2024-09-06 16:46:00,add_to_cart
E006138,C00768,2023-07-19 10:04:00,page_view
E006139,C00768,2023-11-17 15:24:00,page_view
E006140,C00768,2024-10-14 01:13:00,app_open
E006141,C00768,2025-01-31 16:01:00,add_to_cart
E006142,C00768,2023-06-28 02:33:00,search
E006143,C00768,2024-05-07 07:37:00,app_open
E006144,C00768,2025-12-15 06:12:00,page_view
E006145,C00769,2024-09-21 15:20:00,add_to_cart
E006146,C00769,2024-02-01 00:39:00,app_open
E006147,C00769,2024-09-15 09:00:00,add_to_cart
E006148,C00769,2023-03-11 00:18:00,add_to_cart
E006149,C00769,2023-05-31 15:39:00,add_to_cart
E006150,C00769,2023-12-08 17:14:00,add_to_cart
E006151,C00769,2023-09-23 12:14:00,add_to_cart
E006152,C00769,2025-04-16 21:13:00,app_open
E006153,C00770,2023-12-31 18:25:00,app_open
E006154,C00770,2025-01-03 15:35:00,page_view
E006155,C00770,2025-08-14 22:28:00,add_to_cart
E006156,C00770,2024-02-13 19:56:00,search
E006157,C00770,2024-06-20 11:41:00,app_open
E006158,C00770,2023-04-16 13:13:00,search
E006159,C00770,2024-09-24 04:52:00,page_view
E006160,C00770,2024-06-03 17:58:00,add_to_cart
E006161,C00771,2024-12-26 05:15:00,search
E006162,C00771,2025-04-15 03:27:00,page_view
E006163,C00771,2023-06-17 10:54:00,app_open
E006164,C00771,2025-09-06 15:02:00,page_view
E006165,C00771,2023-06-23 11:17:00,page_view
E006166,C00771,2025-02-25 09:00:00,page_view
E006167,C00771,2025-08-14 00:32:00,add_to_cart
E006168,C00771,2025-10-28 14:24:00,app_open
E006169,C00772,2023-04-26 04:03:00,app_open
E006170,C00772,2023-11-23 18:54:00,page_view
E006171,C00772,2024-12-01 01:55:00,page_view
E006172,C00772,2024-03-13 01:01:00,app_open
E006173,C00772,2023-07-12 20:36:00,page_view
E006174,C00772,2024-08-25 12:32:00,search
E006175,C00772,2024-11-15 09:20:00,app_open
E006176,C00772,2023-08-04 10:57:00,add_to_cart
E006177,C00773,2024-09-07 02:23:00,app_open
E006178,C00773,2025-04-26 14:25:00,page_view
E006179,C00773,2025-10-10 21:32:00,add_to_cart
E006180,C00773,2024-03-20 22:38:00,page_view
E006181,C00773,2023-12-23 09:17:00,app_open
E006182,C00773,2025-04-23 00:47:00,add_to_cart
E006183,C00773,2024-05-23 00:25:00,app_open
E006184,C00773,2024-11-08 10:20:00,app_open
E006185,C00774,2023-02-16 14:41:00,search
E006186,C00774,2023-03-10 08:52:00,app_open
E006187,C00774,2024-08-07 02:07:00,search
E006188,C00774,2025-12-01 10:49:00,app_open
E006189,C00774,2024-09-06 09:38:00,page_view
E006190,C00774,2024-05-04 15:40:00,add_to_cart
E006191,C00774,2025-04-09 07:10:00,app_open
E006192,C00774,2025-09-29 16:16:00,page_view
E006193,C00775,2024-05-09 18:21:00,page_view
E006194,C00775,2025-09-07 14:53:00,page_view
E006195,C00775,2023-09-29 01:19:00,app_open
E006196,C00775,2025-01-21 01:32:00,add_to_cart
E006197,C00775,2023-10-19 23:03:00,add_to_cart
E006198,C00775,2025-07-08 03:29:00,add_to_cart
E006199,C00775,2025-02-02 22:51:00,app_open
E006200,C00775,2024-05-12 09:14:00,add_to_cart
E006201,C00776,2023-04-09 02:32:00,page_view
E006202,C00776,2023-12-30 03:18:00,app_open
E006203,C00776,2024-11-19 06:34:00,add_to_cart
E006204,C00776,2023-03-21 17:25:00,search
E006205,C00776,2024-01-25 16:04:00,search
E006206,C00776,2024-08-25 07:35:00,page_view
E006207,C00776,2024-01-04 08:21:00,add_to_cart
E006208,C00776,2024-01-15 10:55:00,page_view
E006209,C00777,2023-05-31 07:26:00,add_to_cart
E006210,C00777,2025-02-15 19:17:00,search
E006211,C00777,2023-10-10 19:41:00,search
E006212,C00777,2025-08-16 07:59:00,search
E006213,C00777,2025-04-08 04:02:00,add_to_cart
E006214,C00777,2024-03-29 23:06:00,page_view
E006215,C00777,2023-10-02 08:13:00,page_view
E006216,C00777,2025-08-27 20:07:00,add_to_cart
E006217,C00778,2024-08-19 22:02:00,add_to_cart
E006218,C00778,2025-01-08 03:09:00,search
E006219,C00778,2023-08-10 14:15:00,add_to_cart
E006220,C00778,2024-07-04 19:52:00,search
E006221,C00778,2024-09-19 12:50:00,add_to_cart
E006222,C00778,2024-12-15 02:06:00,app_open
E006223,C00778,2025-07-12 06:14:00,search
E006224,C00778,2024-03-22 14:28:00,search
E006225,C00779,2023-10-01 09:21:00,app_open
E006226,C00779,2023-06-05 13:46:00,app_open
E006227,C00779,2023-10-26 21:42:00,search
E006228,C00779,2024-03-21 11:53:00,page_view
E006229,C00779,2023-01-25 08:29:00,search
E006230,C00779,2023-01-11 13:15:00,add_to_cart
E006231,C00779,2024-01-30 02:19:00,app_open
E006232,C00779,2023-04-11 23:00:00,app_open
E006233,C00780,2025-03-14 05:35:00,search
E006234,C00780,2025-02-13 18:38:00,add_to_cart
E006235,C00780,2023-10-29 07:08:00,app_open
E006236,C00780,2024-01-30 16:18:00,search
E006237,C00780,2023-02-15 07:26:00,app_open
E006238,C00780,2025-08-15 09:49:00,app_open
E006239,C00780,2024-02-15 01:20:00,add_to_cart
E006240,C00780,2025-07-24 06:01:00,page_view
E006241,C00781,2025-07-21 01:23:00,search
E006242,C00781,2024-07-30 14:42:00,page_view
E006243,C00781,2025-05-20 09:22:00,search
E006244,C00781,2024-12-17 04:36:00,add_to_cart
E006245,C00781,2024-01-05 12:07:00,app_open
E006246,C00781,2023-11-08 18:29:00,page_view
E006247,C00781,2023-05-19 18:10:00,page_view
E006248,C00781,2024-10-11 22:10:00,search
E006249,C00782,2024-10-13 15:02:00,add_to_cart
E006250,C00782,2023-04-06 07:23:00,page_view
E006251,C00782,2025-02-02 09:48:00,page_view
E006252,C00782,2025-05-07 01:53:00,app_open
E006253,C00782,2024-06-13 07:29:00,app_open
E006254,C00782,2023-09-11 06:58:00,app_open
E006255,C00782,2025-10-09 10:53:00,add_to_cart
E006256,C00782,2023-12-19 16:18:00,app_open
E006257,C00783,2024-05-24 09:06:00,page_view
E006258,C00783,2023-08-25 20:00:00,app_open
E006259,C00783,2024-02-07 16:48:00,page_view
E006260,C00783,2025-04-19 07:33:00,page_view
E006261,C00783,2025-05-16 16:26:00,app_open
E006262,C00783,2023-08-15 05:22:00,app_open
E006263,C00783,2024-05-20 00:56:00,add_to_cart
E006264,C00783,2023-03-23 04:12:00,add_to_cart
E006265,C00784,2025-12-07 02:44:00,page_view
E006266,C00784,2025-02-12 04:04:00,page_view
E006267,C00784,2024-07-12 01:46:00,search
E006268,C00784,2024-07-07 04:13:00,app_open
E006269,C00784,2024-07-23 18:28:00,app_open
E006270,C00784,2025-04-11 21:15:00,page_view
E006271,C00784,2023-11-14 13:03:00,search
E006272,C00784,2025-08-05 23:58:00,search
E006273,C00785,2024-08-11 05:45:00,add_to_cart
E006274,C00785,2023-06-16 03:15:00,page_view
E006275,C00785,2024-07-09 11:50:00,search
E006276,C00785,2023-07-11 03:22:00,search
E006277,C00785,2023-01-20 11:35:00,add_to_cart
E006278,C00785,2023-08-14 17:36:00,add_to_cart
E006279,C00785,2024-02-20 06:50:00,search
E006280,C00785,2024-05-14 05:03:00,search
E006281,C00786,2025-06-10 04:30:00,page_view
E006282,C00786,2025-12-15 06:51:00,add_to_cart
E006283,C00786,2023-09-19 17:01:00,search
E006284,C00786,2024-03-18 18:28:00,search
E006285,C00786,2023-08-17 01:29:00,app_open
E006286,C00786,2024-07-17 20:14:00,page_view
E006287,C00786,2023-02-04 20:19:00,add_to_cart
E006288,C00786,2025-04-02 05:57:00,search
E006289,C00787,2023-07-13 01:49:00,search
E006290,C00787,2023-02-15 18:18:00,add_to_cart
E006291,C00787,2024-10-03 13:36:00,search
E006292,C00787,2024-02-12 03:19:00,search
E006293,C00787,2024-11-27 05:41:00,search
E006294,C00787,2024-08-19 06:13:00,search
E006295,C00787,2023-10-18 00:36:00,page_view
E006296,C00787,2023-05-27 08:14:00,app_open
E006297,C00788,2025-01-14 07:27:00,page_view
E006298,C00788,2023-04-30 15:57:00,add_to_cart
E006299,C00788,2024-06-04 06:55:00,page_view
E006300,C00788,2025-12-06 00:29:00,search
E006301,C00788,2025-06-19 10:55:00,search
E006302,C00788,2023-08-26 12:12:00,app_open
E006303,C00788,2023-02-27 04:10:00,page_view
E006304,C00788,2024-03-07 15:08:00,add_to_cart
E006305,C00789,2023-04-15 23:24:00,search
E006306,C00789,2025-05-12 01:25:00,app_open
E006307,C00789,2025-09-01 22:05:00,page_view
E006308,C00789,2025-01-20 21:42:00,page_view
E006309,C00789,2023-12-10 05:18:00,add_to_cart
E006310,C00789,2023-05-26 14:59:00,page_view
E006311,C00789,2023-12-20 09:14:00,app_open
E006312,C00789,2025-10-03 03:34:00,search
E006313,C00790,2024-12-31 09:30:00,search
E006314,C00790,2023-12-11 15:20:00,page_view
E006315,C00790,2023-05-28 05:05:00,app_open
E006316,C00790,2024-06-03 03:18:00,search
E006317,C00790,2025-02-25 00:23:00,search
E006318,C00790,2025-04-17 04:36:00,search
E006319,C00790,2024-06-23 18:54:00,search
E006320,C00790,2025-02-17 00:42:00,app_open
E006321,C00791,2025-03-21 16:45:00,search
E006322,C00791,2025-02-19 09:10:00,page_view
E006323,C00791,2023-03-10 13:30:00,add_to_cart
E006324,C00791,2023-09-04 07:15:00,page_view
E006325,C00791,2024-10-08 18:31:00,app_open
E006326,C00791,2025-01-16 10:11:00,page_view
E006327,C00791,2023-06-10 09:33:00,search
E006328,C00791,2025-05-19 12:55:00,app_open
E006329,C00792,2024-02-20 23:53:00,app_open
E006330,C00792,2025-12-30 00:51:00,app_open
E006331,C00792,2024-02-09 08:58:00,app_open
E006332,C00792,2024-12-01 17:58:00,search
E006333,C00792,2025-11-19 05:34:00,app_open
E006334,C00792,2024-01-06 10:45:00,page_view
E006335,C00792,2023-08-03 19:18:00,app_open
E006336,C00792,2025-02-05 10:42:00,page_view
E006337,C00793,2025-12-16 00:30:00,add_to_cart
E006338,C00793,2024-04-12 09:38:00,app_open
E006339,C00793,2023-09-19 02:57:00,page_view
E006340,C00793,2023-10-26 04:39:00,app_open
E006341,C00793,2025-08-21 22:45:00,app_open
E006342,C00793,2023-07-29 19:52:00,add_to_cart
E006343,C00793,2023-07-10 13:49:00,page_view
E006344,C00793,2025-12-07 16:47:00,add_to_cart
E006345,C00794,2023-08-23 15:55:00,add_to_cart
E006346,C00794,2024-07-10 04:54:00,app_open
E006347,C00794,2023-07-02 22:02:00,page_view
E006348,C00794,2024-11-28 17:31:00,add_to_cart
E006349,C00794,2024-10-11 05:41:00,add_to_cart
E006350,C00794,2023-11-28 06:14:00,add_to_cart
E006351,C00794,2025-03-16 19:48:00,app_open
E006352,C00794,2023-11-11 18:49:00,app_open
E006353,C00795,2023-05-05 02:24:00,page_view
E006354,C00795,2025-04-13 07:58:00,app_open
E006355,C00795,2023-06-03 12:24:00,search
E006356,C00795,2023-03-30 10:46:00,page_view
E006357,C00795,2024-07-20 02:59:00,page_view
E006358,C00795,2024-12-03 01:43:00,page_view
E006359,C00795,2023-02-04 22:56:00,app_open
E006360,C00795,2023-12-31 20:47:00,add_to_cart
E006361,C00796,2023-02-19 07:34:00,app_open
E006362,C00796,2023-10-22 15:37:00,page_view
E006363,C00796,2025-02-05 15:41:00,app_open
E006364,C00796,2025-03-08 12:29:00,add_to_cart
E006365,C00796,2024-12-11 15:53:00,add_to_cart
E006366,C00796,2024-03-07 10:28:00,add_to_cart
E006367,C00796,2024-07-06 13:33:00,app_open
E006368,C00796,2024-06-10 19:21:00,search
E006369,C00797,2025-10-02 12:55:00,add_to_cart
E006370,C00797,2024-04-13 16:10:00,page_view
E006371,C00797,2025-12-13 14:33:00,add_to_cart
E006372,C00797,2024-11-17 13:31:00,search
E006373,C00797,2023-07-16 10:24:00,search
E006374,C00797,2024-11-20 13:37:00,add_to_cart
E006375,C00797,2023-01-07 23:35:00,page_view
E006376,C00797,2025-06-29 19:38:00,app_open
E006377,C00798,2024-10-30 04:26:00,page_view
E006378,C00798,2023-01-30 18:27:00,app_open
E006379,C00798,2023-12-28 11:45:00,add_to_cart
E006380,C00798,2025-04-28 16:42:00,add_to_cart
E006381,C00798,2023-03-09 07:22:00,search
E006382,C00798,2025-09-18 19:46:00,app_open
E006383,C00798,2023-02-02 07:49:00,page_view
E006384,C00798,2023-10-08 09:58:00,search
E006385,C00799,2025-09-20 14:57:00,add_to_cart
E006386,C00799,2023-03-25 21:21:00,page_view
E006387,C00799,2024-12-18 08:40:00,search
E006388,C00799,2023-04-04 01:41:00,add_to_cart
E006389,C00799,2023-12-06 13:12:00,add_to_cart
E006390,C00799,2023-02-21 05:49:00,search
E006391,C00799,2025-05-22 16:07:00,search
E006392,C00799,2024-03-17 16:05:00,page_view
E006393,C00800,2023-04-24 12:09:00,app_open
E006394,C00800,2023-06-12 16:30:00,page_view
E006395,C00800,2023-07-20 12:36:00,app_open
E006396,C00800,2023-04-29 09:13:00,add_to_cart
E006397,C00800,2025-03-07 23:13:00,add_to_cart
E006398,C00800,2023-07-06 20:36:00,page_view
E006399,C00800,2023-11-19 00:49:00,search
E006400,C00800,2023-05-24 09:40:00,search
E006401,C00801,2023-02-23 12:38:00,page_view
E006402,C00801,2023-06-12 10:44:00,search
E006403,C00801,2024-11-08 05:49:00,add_to_cart
E006404,C00801,2025-08-14 04:20:00,app_open
E006405,C00801,2024-09-11 00:10:00,app_open
E006406,C00801,2025-04-04 10:16:00,search
E006407,C00801,2025-10-02 22:17:00,page_view
E006408,C00801,2025-06-07 22:05:00,add_to_cart
E006409,C00802,2023-03-27 19:58:00,search
E006410,C00802,2024-07-31 20:19:00,add_to_cart
E006411,C00802,2024-02-20 23:37:00,search
E006412,C00802,2024-07-03 21:32:00,search
E006413,C00802,2023-08-10 12:32:00,search
E006414,C00802,2023-03-10 17:56:00,page_view
E006415,C00802,2025-11-02 00:52:00,app_open
E006416,C00802,2025-09-19 05:52:00,app_open
E006417,C00803,2023-01-24 02:48:00,add_to_cart
E006418,C00803,2023-10-10 11:38:00,search
E006419,C00803,2023-11-09 03:31:00,app_open
E006420,C00803,2025-08-26 20:52:00,app_open
E006421,C00803,2025-01-10 22:45:00,add_to_cart
E006422,C00803,2025-12-01 14:49:00,app_open
E006423,C00803,2025-06-27 23:11:00,add_to_cart
E006424,C00803,2025-04-05 19:29:00,app_open
E006425,C00804,2023-05-02 16:51:00,page_view
E006426,C00804,2023-07-22 13:41:00,page_view
E006427,C00804,2025-03-19 03:33:00,search
E006428,C00804,2024-03-19 04:05:00,add_to_cart
E006429,C00804,2024-12-25 06:53:00,search
E006430,C00804,2025-12-18 02:20:00,app_open
E006431,C00804,2024-08-05 23:30:00,add_to_cart
E006432,C00804,2023-02-14 00:54:00,page_view
E006433,C00805,2024-08-09 09:11:00,add_to_cart
E006434,C00805,2024-12-23 19:33:00,search
E006435,C00805,2025-08-30 12:42:00,search
E006436,C00805,2025-10-09 01:15:00,app_open
E006437,C00805,2024-03-24 06:45:00,search
E006438,C00805,2025-09-28 10:39:00,app_open
E006439,C00805,2024-07-25 00:15:00,search
E006440,C00805,2024-05-31 05:44:00,app_open
E006441,C00806,2025-12-08 15:35:00,search
E006442,C00806,2023-08-29 14:14:00,page_view
E006443,C00806,2025-10-10 18:57:00,page_view
E006444,C00806,2024-01-15 08:07:00,app_open
E006445,C00806,2023-03-31 16:10:00,page_view
E006446,C00806,2025-12-07 02:46:00,page_view
E006447,C00806,2023-01-24 17:27:00,app_open
E006448,C00806,2025-06-19 03:47:00,page_view
E006449,C00807,2025-09-10 12:08:00,page_view
E006450,C00807,2023-07-20 01:00:00,app_open
E006451,C00807,2023-03-01 05:31:00,search
E006452,C00807,2024-05-16 12:15:00,add_to_cart
E006453,C00807,2024-05-26 12:54:00,page_view
E006454,C00807,2023-06-10 14:21:00,app_open
E006455,C00807,2025-11-11 19:51:00,app_open
E006456,C00807,2024-01-17 04:08:00,app_open
E006457,C00808,2024-05-06 09:04:00,page_view
E006458,C00808,2024-02-19 03:12:00,app_open
E006459,C00808,2025-07-18 11:38:00,add_to_cart
E006460,C00808,2025-01-31 19:23:00,page_view
E006461,C00808,2023-06-06 02:36:00,app_open
E006462,C00808,2024-02-18 02:19:00,add_to_cart
E006463,C00808,2025-05-08 01:59:00,page_view
E006464,C00808,2023-08-21 06:08:00,app_open
E006465,C00809,2025-10-02 18:47:00,page_view
E006466,C00809,2025-06-22 09:27:00,page_view
E006467,C00809,2023-07-30 23:20:00,search
E006468,C00809,2023-07-13 03:03:00,app_open
E006469,C00809,2023-04-24 14:22:00,search
E006470,C00809,2025-04-10 23:30:00,app_open
E006471,C00809,2023-01-08 03:01:00,search
E006472,C00809,2024-02-13 12:52:00,add_to_cart
E006473,C00810,2025-09-07 20:15:00,add_to_cart
E006474,C00810,2025-10-07 17:03:00,add_to_cart
E006475,C00810,2025-12-13 07:05:00,app_open
E006476,C00810,2023-03-13 18:39:00,search
E006477,C00810,2025-03-26 14:53:00,search
E006478,C00810,2025-04-25 09:49:00,page_view
E006479,C00810,2023-01-06 15:12:00,page_view
E006480,C00810,2024-11-14 14:34:00,search
E006481,C00811,2024-12-29 23:45:00,search
E006482,C00811,2023-01-02 10:58:00,add_to_cart
E006483,C00811,2024-04-03 00:19:00,app_open
E006484,C00811,2025-02-09 04:54:00,page_view
E006485,C00811,2024-05-13 03:37:00,search
E006486,C00811,2025-05-17 00:51:00,add_to_cart
E006487,C00811,2024-06-22 07:41:00,app_open
E006488,C00811,2023-10-12 17:22:00,add_to_cart
E006489,C00812,2025-09-07 00:01:00,app_open
E006490,C00812,2023-05-10 23:29:00,page_view
E006491,C00812,2025-07-15 01:26:00,search
E006492,C00812,2024-05-30 02:23:00,add_to_cart
E006493,C00812,2024-11-03 20:48:00,page_view
E006494,C00812,2023-07-03 05:58:00,page_view
E006495,C00812,2023-12-30 17:52:00,page_view
E006496,C00812,2023-11-16 14:41:00,app_open
E006497,C00813,2025-02-22 19:39:00,page_view
E006498,C00813,2023-10-15 19:47:00,page_view
E006499,C00813,2024-07-29 05:28:00,app_open
E006500,C00813,2023-07-12 09:58:00,add_to_cart
E006501,C00813,2025-02-26 20:57:00,add_to_cart
E006502,C00813,2025-09-18 15:04:00,search
E006503,C00813,2023-04-24 21:42:00,app_open
E006504,C00813,2023-06-27 20:10:00,search
E006505,C00814,2025-03-17 15:47:00,add_to_cart
E006506,C00814,2025-04-26 05:57:00,app_open
E006507,C00814,2023-05-30 16:41:00,page_view
E006508,C00814,2025-03-04 08:56:00,page_view
E006509,C00814,2024-10-01 06:06:00,page_view
E006510,C00814,2023-04-07 10:41:00,search
E006511,C00814,2024-11-23 07:43:00,page_view
E006512,C00814,2024-02-26 03:51:00,page_view
E006513,C00815,2024-10-14 21:27:00,search
E006514,C00815,2024-02-10 14:29:00,add_to_cart
E006515,C00815,2024-10-09 22:40:00,page_view
E006516,C00815,2024-01-01 22:24:00,add_to_cart
E006517,C00815,2023-04-01 07:14:00,app_open
E006518,C00815,2024-06-18 17:38:00,page_view
E006519,C00815,2025-02-16 01:23:00,add_to_cart
E006520,C00815,2025-12-26 15:31:00,page_view
E006521,C00816,2023-06-24 05:06:00,search
E006522,C00816,2023-11-17 20:16:00,search
E006523,C00816,2024-04-11 12:11:00,page_view
E006524,C00816,2023-04-17 03:01:00,page_view
E006525,C00816,2025-04-14 17:59:00,page_view
E006526,C00816,2023-11-06 20:34:00,page_view
E006527,C00816,2023-05-03 10:23:00,search
E006528,C00816,2024-12-19 18:11:00,page_view
E006529,C00817,2023-07-13 20:35:00,app_open
E006530,C00817,2025-10-16 05:06:00,page_view
E006531,C00817,2023-08-27 02:13:00,app_open
E006532,C00817,2024-07-15 22:28:00,search
E006533,C00817,2023-05-01 13:45:00,add_to_cart
E006534,C00817,2023-10-18 21:07:00,page_view
E006535,C00817,2023-04-10 07:14:00,add_to_cart
E006536,C00817,2025-11-11 03:08:00,search
E006537,C00818,2024-01-11 15:21:00,page_view
E006538,C00818,2025-01-11 05:40:00,search
E006539,C00818,2023-09-27 17:57:00,app_open
E006540,C00818,2023-12-26 20:00:00,add_to_cart
E006541,C00818,2025-05-26 14:08:00,app_open
E006542,C00818,2023-06-13 06:39:00,app_open
E006543,C00818,2025-06-15 17:25:00,add_to_cart
E006544,C00818,2025-04-10 06:37:00,page_view
E006545,C00819,2024-03-09 11:40:00,add_to_cart
E006546,C00819,2023-08-26 05:21:00,app_open
E006547,C00819,2024-02-03 16:20:00,app_open
E006548,C00819,2023-06-28 04:38:00,add_to_cart
E006549,C00819,2025-08-24 22:59:00,add_to_cart
E006550,C00819,2025-06-14 07:59:00,add_to_cart
E006551,C00819,2023-11-20 13:13:00,page_view
E006552,C00819,2024-01-02 20:25:00,page_view
E006553,C00820,2024-09-21 05:33:00,page_view
E006554,C00820,2023-06-27 08:04:00,app_open
E006555,C00820,2025-05-27 03:56:00,add_to_cart
E006556,C00820,2024-02-29 19:20:00,search
E006557,C00820,2023-10-13 21:20:00,app_open
E006558,C00820,2023-03-16 00:37:00,search
E006559,C00820,2023-12-21 13:17:00,add_to_cart
E006560,C00820,2024-04-18 14:51:00,search
E006561,C00821,2025-07-06 10:29:00,search
E006562,C00821,2024-06-29 20:22:00,add_to_cart
E006563,C00821,2024-05-31 11:53:00,page_view
E006564,C00821,2024-03-01 11:18:00,add_to_cart
E006565,C00821,2023-04-20 03:13:00,add_to_cart
E006566,C00821,2025-01-31 18:38:00,add_to_cart
E006567,C00821,2024-03-11 17:13:00,add_to_cart
E006568,C00821,2024-04-12 04:43:00,search
E006569,C00822,2023-01-22 13:42:00,add_to_cart
E006570,C00822,2025-11-12 10:04:00,page_view
E006571,C00822,2024-10-10 06:01:00,search
E006572,C00822,2024-08-12 20:25:00,search
E006573,C00822,2023-02-05 04:40:00,app_open
E006574,C00822,2024-06-07 01:15:00,app_open
E006575,C00822,2025-12-20 16:41:00,add_to_cart
E006576,C00822,2025-04-12 08:51:00,add_to_cart
E006577,C00823,2023-09-13 08:43:00,app_open
E006578,C00823,2024-09-08 14:06:00,app_open
E006579,C00823,2024-04-03 21:54:00,page_view
E006580,C00823,2023-04-01 11:47:00,app_open
E006581,C00823,2025-07-29 19:50:00,search
E006582,C00823,2024-05-27 18:07:00,add_to_cart
E006583,C00823,2025-10-24 17:00:00,app_open
E006584,C00823,2025-08-08 09:08:00,search
E006585,C00824,2025-01-26 23:17:00,add_to_cart
E006586,C00824,2024-02-01 23:53:00,search
E006587,C00824,2025-09-05 02:33:00,app_open
E006588,C00824,2024-12-21 01:44:00,search
E006589,C00824,2023-01-16 03:06:00,page_view
E006590,C00824,2023-03-11 13:21:00,search
E006591,C00824,2025-08-09 12:54:00,app_open
E006592,C00824,2023-08-13 01:30:00,search
E006593,C00825,2024-09-25 07:24:00,search
E006594,C00825,2024-12-29 21:47:00,page_view
E006595,C00825,2025-05-17 10:02:00,search
E006596,C00825,2023-12-21 05:27:00,app_open
E006597,C00825,2025-09-15 19:06:00,app_open
E006598,C00825,2025-07-31 08:23:00,page_view
E006599,C00825,2025-12-16 22:30:00,page_view
E006600,C00825,2025-01-12 09:01:00,search
E006601,C00826,2025-11-02 17:39:00,page_view
E006602,C00826,2024-02-09 03:32:00,page_view
E006603,C00826,2023-08-18 18:05:00,app_open
E006604,C00826,2023-06-06 23:42:00,add_to_cart
E006605,C00826,2024-02-23 03:15:00,page_view
E006606,C00826,2025-10-21 12:50:00,app_open
E006607,C00826,2023-06-22 08:15:00,page_view
E006608,C00826,2025-09-24 11:32:00,app_open
E006609,C00827,2024-09-04 20:58:00,page_view
E006610,C00827,2024-03-22 13:46:00,add_to_cart
E006611,C00827,2025-09-26 09:39:00,app_open
E006612,C00827,2024-11-07 22:35:00,page_view
E006613,C00827,2023-03-09 16:53:00,add_to_cart
E006614,C00827,2024-06-19 06:55:00,add_to_cart
E006615,C00827,2023-08-12 13:47:00,app_open
E006616,C00827,2025-02-22 10:57:00,app_open
E006617,C00828,2023-11-18 13:20:00,page_view
E006618,C00828,2024-11-28 08:00:00,page_view
E006619,C00828,2025-05-28 05:03:00,search
E006620,C00828,2025-10-07 22:36:00,app_open
E006621,C00828,2025-05-25 23:53:00,search
E006622,C00828,2024-01-02 06:29:00,search
E006623,C00828,2023-12-14 12:25:00,app_open
E006624,C00828,2025-03-25 03:20:00,add_to_cart
E006625,C00829,2024-12-12 17:36:00,app_open
E006626,C00829,2025-06-22 08:13:00,app_open
E006627,C00829,2024-10-24 22:28:00,add_to_cart
E006628,C00829,2024-02-22 17:37:00,page_view
E006629,C00829,2023-03-13 20:05:00,search
E006630,C00829,2023-06-02 18:49:00,add_to_cart
E006631,C00829,2024-04-01 01:00:00,app_open
E006632,C00829,2023-09-12 01:51:00,page_view
E006633,C00830,2025-08-09 09:22:00,add_to_cart
E006634,C00830,2025-09-19 15:09:00,page_view
E006635,C00830,2023-07-05 08:39:00,search
E006636,C00830,2023-04-19 15:24:00,page_view
E006637,C00830,2024-11-27 17:26:00,app_open
E006638,C00830,2023-05-05 15:53:00,page_view
E006639,C00830,2024-01-01 17:34:00,add_to_cart
E006640,C00830,2024-12-13 20:32:00,add_to_cart
E006641,C00831,2024-10-26 10:03:00,add_to_cart
E006642,C00831,2023-05-03 04:29:00,app_open
E006643,C00831,2025-04-29 08:46:00,add_to_cart
E006644,C00831,2023-03-07 12:58:00,search
E006645,C00831,2025-09-28 20:53:00,add_to_cart
E006646,C00831,2024-03-18 21:23:00,search
E006647,C00831,2025-12-28 18:07:00,app_open
E006648,C00831,2025-02-10 08:37:00,page_view
E006649,C00832,2023-10-03 18:41:00,app_open
E006650,C00832,2023-01-07 06:56:00,app_open
E006651,C00832,2024-03-18 10:37:00,add_to_cart
E006652,C00832,2024-10-22 07:58:00,app_open
E006653,C00832,2025-10-15 07:00:00,page_view
E006654,C00832,2024-04-10 20:15:00,search
E006655,C00832,2024-03-25 21:26:00,search
E006656,C00832,2025-07-16 09:11:00,search
E006657,C00833,2024-02-18 21:43:00,page_view
E006658,C00833,2024-02-01 02:58:00,page_view
E006659,C00833,2023-04-10 06:59:00,app_open
E006660,C00833,2025-01-04 05:10:00,add_to_cart
E006661,C00833,2025-10-15 00:33:00,add_to_cart
E006662,C00833,2025-07-13 14:07:00,page_view
E006663,C00833,2025-11-15 15:08:00,page_view
E006664,C00833,2023-06-19 22:37:00,search
E006665,C00834,2025-10-26 16:31:00,app_open
E006666,C00834,2023-08-28 21:15:00,add_to_cart
E006667,C00834,2023-09-20 07:02:00,add_to_cart
E006668,C00834,2025-06-29 13:34:00,page_view
E006669,C00834,2025-05-26 03:30:00,add_to_cart
E006670,C00834,2025-07-31 03:56:00,app_open
E006671,C00834,2025-10-24 11:04:00,app_open
E006672,C00834,2025-05-24 10:50:00,add_to_cart
E006673,C00835,2025-12-08 01:10:00,search
E006674,C00835,2024-06-03 22:46:00,search
E006675,C00835,2024-07-03 00:49:00,app_open
E006676,C00835,2024-09-16 16:00:00,add_to_cart
E006677,C00835,2024-12-07 22:29:00,search
E006678,C00835,2025-10-23 06:58:00,search
E006679,C00835,2025-02-24 10:52:00,app_open
E006680,C00835,2024-05-07 05:41:00,add_to_cart
E006681,C00836,2024-10-30 16:10:00,app_open
E006682,C00836,2025-09-03 00:01:00,search
E006683,C00836,2025-06-26 04:36:00,search
E006684,C00836,2025-01-28 20:50:00,page_view
E006685,C00836,2023-06-14 12:00:00,page_view
E006686,C00836,2023-01-20 15:06:00,search
E006687,C00836,2023-06-11 11:35:00,app_open
E006688,C00836,2024-03-02 19:09:00,page_view
E006689,C00837,2025-06-05 10:46:00,add_to_cart
E006690,C00837,2024-05-23 17:39:00,page_view
E006691,C00837,2023-01-23 16:01:00,page_view
E006692,C00837,2024-12-09 05:52:00,search
E006693,C00837,2023-07-25 06:29:00,add_to_cart
E006694,C00837,2024-11-23 10:01:00,search
E006695,C00837,2024-01-11 07:50:00,page_view
E006696,C00837,2023-06-12 07:05:00,page_view
E006697,C00838,2023-07-26 21:17:00,page_view
E006698,C00838,2023-06-30 06:44:00,page_view
E006699,C00838,2025-06-19 19:08:00,app_open
E006700,C00838,2023-02-22 17:57:00,add_to_cart
E006701,C00838,2024-10-26 19:21:00,add_to_cart
E006702,C00838,2025-09-21 13:39:00,search
E006703,C00838,2023-11-02 21:40:00,search
E006704,C00838,2023-01-18 12:09:00,search
E006705,C00839,2024-04-14 06:02:00,page_view
E006706,C00839,2025-09-23 15:17:00,page_view
E006707,C00839,2023-10-11 14:23:00,add_to_cart
E006708,C00839,2025-07-25 06:58:00,page_view
E006709,C00839,2023-01-22 08:58:00,search
E006710,C00839,2024-08-31 03:49:00,app_open
E006711,C00839,2024-12-09 20:17:00,page_view
E006712,C00839,2023-01-25 23:00:00,add_to_cart
E006713,C00840,2025-05-12 19:11:00,page_view
E006714,C00840,2023-02-22 08:27:00,search
E006715,C00840,2024-07-13 12:41:00,app_open
E006716,C00840,2024-08-13 02:33:00,search
E006717,C00840,2025-10-17 03:44:00,search
E006718,C00840,2023-01-18 18:34:00,page_view
E006719,C00840,2025-07-15 17:47:00,page_view
E006720,C00840,2025-07-13 10:02:00,page_view
E006721,C00841,2025-11-10 12:44:00,app_open
E006722,C00841,2023-11-05 02:28:00,add_to_cart
E006723,C00841,2023-05-23 23:25:00,app_open
E006724,C00841,2025-11-05 20:32:00,app_open
E006725,C00841,2023-10-20 16:21:00,app_open
E006726,C00841,2025-10-15 05:59:00,add_to_cart
E006727,C00841,2025-09-01 19:50:00,add_to_cart
E006728,C00841,2025-05-24 02:20:00,search
E006729,C00842,2023-10-29 02:06:00,add_to_cart
E006730,C00842,2024-01-22 16:04:00,add_to_cart
E006731,C00842,2024-11-25 17:12:00,add_to_cart
E006732,C00842,2025-03-21 07:26:00,app_open
E006733,C00842,2023-02-14 11:06:00,add_to_cart
E006734,C00842,2025-09-26 21:40:00,page_view
E006735,C00842,2024-05-12 19:16:00,app_open
E006736,C00842,2024-04-10 07:40:00,add_to_cart
E006737,C00843,2025-10-23 19:39:00,app_open
E006738,C00843,2024-07-04 05:01:00,app_open
E006739,C00843,2023-08-09 07:51:00,app_open
E006740,C00843,2025-10-14 09:21:00,search
E006741,C00843,2024-06-08 22:32:00,add_to_cart
E006742,C00843,2025-04-12 18:39:00,app_open
E006743,C00843,2025-04-27 03:56:00,app_open
E006744,C00843,2025-12-24 03:42:00,search
E006745,C00844,2024-08-15 21:26:00,search
E006746,C00844,2024-05-11 04:20:00,search
E006747,C00844,2023-02-09 02:22:00,app_open
E006748,C00844,2025-08-11 15:38:00,page_view
E006749,C00844,2025-06-11 11:37:00,page_view
E006750,C00844,2023-12-15 22:36:00,page_view
E006751,C00844,2025-01-30 17:31:00,search
E006752,C00844,2023-08-11 09:19:00,page_view
E006753,C00845,2025-02-07 04:30:00,add_to_cart
E006754,C00845,2024-04-01 20:39:00,app_open
E006755,C00845,2023-03-24 17:17:00,add_to_cart
E006756,C00845,2025-10-06 14:49:00,app_open
E006757,C00845,2023-02-01 23:26:00,app_open
E006758,C00845,2024-10-23 05:40:00,add_to_cart
E006759,C00845,2024-02-19 16:52:00,page_view
E006760,C00845,2023-09-04 11:42:00,add_to_cart
E006761,C00846,2023-09-25 05:28:00,search
E006762,C00846,2025-08-06 06:41:00,add_to_cart
E006763,C00846,2023-11-15 10:47:00,search
E006764,C00846,2024-11-28 03:31:00,app_open
E006765,C00846,2025-03-30 07:24:00,add_to_cart
E006766,C00846,2025-08-19 03:22:00,page_view
E006767,C00846,2025-07-12 08:57:00,search
E006768,C00846,2023-09-08 06:36:00,add_to_cart
E006769,C00847,2023-04-02 11:16:00,page_view
E006770,C00847,2024-09-21 04:43:00,add_to_cart
E006771,C00847,2023-12-20 09:01:00,page_view
E006772,C00847,2025-11-13 14:38:00,app_open
E006773,C00847,2025-02-12 02:10:00,page_view
E006774,C00847,2025-04-13 11:49:00,add_to_cart
E006775,C00847,2023-05-28 02:42:00,search
E006776,C00847,2023-08-15 10:56:00,page_view
E006777,C00848,2023-07-31 19:23:00,add_to_cart
E006778,C00848,2023-07-28 04:07:00,page_view
E006779,C00848,2025-08-31 03:52:00,page_view
E006780,C00848,2024-06-20 18:01:00,add_to_cart
E006781,C00848,2023-09-12 07:38:00,add_to_cart
E006782,C00848,2024-06-14 14:18:00,search
E006783,C00848,2025-06-10 19:58:00,app_open
E006784,C00848,2024-01-19 12:58:00,add_to_cart
E006785,C00849,2024-06-12 17:37:00,search
E006786,C00849,2023-04-30 13:53:00,search
E006787,C00849,2023-04-03 06:42:00,app_open
E006788,C00849,2025-09-16 01:53:00,search
E006789,C00849,2024-02-02 13:21:00,add_to_cart
E006790,C00849,2024-09-28 07:07:00,app_open
E006791,C00849,2023-01-23 09:19:00,search
E006792,C00849,2023-06-10 12:41:00,page_view
E006793,C00850,2025-02-27 00:31:00,search
E006794,C00850,2025-10-28 12:12:00,app_open
E006795,C00850,2023-02-14 05:55:00,app_open
E006796,C00850,2024-07-04 07:29:00,page_view
E006797,C00850,2025-06-03 20:19:00,page_view
E006798,C00850,2023-01-18 10:02:00,page_view
E006799,C00850,2024-10-11 12:14:00,page_view
E006800,C00850,2023-06-30 02:47:00,add_to_cart
E006801,C00851,2025-05-24 06:35:00,page_view
E006802,C00851,2025-05-03 20:19:00,page_view
E006803,C00851,2023-05-21 04:40:00,add_to_cart
E006804,C00851,2025-04-02 07:05:00,add_to_cart
E006805,C00851,2023-09-09 14:00:00,add_to_cart
E006806,C00851,2025-07-22 04:19:00,search
E006807,C00851,2025-08-16 22:39:00,page_view
E006808,C00851,2023-10-04 10:54:00,app_open
E006809,C00852,2025-07-09 17:59:00,app_open
E006810,C00852,2024-02-07 16:13:00,add_to_cart
E006811,C00852,2024-10-15 19:48:00,search
E006812,C00852,2023-03-09 09:21:00,add_to_cart
E006813,C00852,2024-10-26 14:10:00,page_view
E006814,C00852,2023-09-29 08:30:00,search
E006815,C00852,2024-09-06 16:49:00,app_open
E006816,C00852,2024-09-25 23:20:00,search
E006817,C00853,2023-07-07 06:08:00,page_view
E006818,C00853,2023-08-22 07:30:00,page_view
E006819,C00853,2025-05-18 21:09:00,search
E006820,C00853,2025-07-11 01:12:00,app_open
E006821,C00853,2025-03-24 11:31:00,app_open
E006822,C00853,2024-04-14 11:34:00,add_to_cart
E006823,C00853,2025-07-09 12:19:00,page_view
E006824,C00853,2025-09-21 07:30:00,search
E006825,C00854,2023-08-17 22:44:00,app_open
E006826,C00854,2023-01-14 18:48:00,search
E006827,C00854,2024-07-07 23:54:00,page_view
E006828,C00854,2023-11-27 07:05:00,add_to_cart
E006829,C00854,2025-06-08 15:03:00,add_to_cart
E006830,C00854,2023-06-16 10:55:00,app_open
E006831,C00854,2024-01-09 17:19:00,app_open
E006832,C00854,2025-10-03 17:50:00,page_view
E006833,C00855,2025-04-18 05:58:00,search
E006834,C00855,2025-07-14 02:17:00,page_view
E006835,C00855,2023-12-23 06:10:00,page_view
E006836,C00855,2024-09-02 11:11:00,add_to_cart
E006837,C00855,2025-03-06 07:37:00,app_open
E006838,C00855,2025-03-24 04:58:00,search
E006839,C00855,2023-01-13 20:55:00,app_open
E006840,C00855,2023-09-23 07:44:00,add_to_cart
E006841,C00856,2024-04-07 00:21:00,add_to_cart
E006842,C00856,2024-05-12 12:41:00,search
E006843,C00856,2023-10-06 22:06:00,search
E006844,C00856,2023-01-08 00:15:00,app_open
E006845,C00856,2023-06-09 16:01:00,page_view
E006846,C00856,2024-08-02 02:13:00,page_view
E006847,C00856,2024-05-29 01:10:00,app_open
E006848,C00856,2025-12-19 00:27:00,page_view
E006849,C00857,2023-12-15 23:14:00,page_view
E006850,C00857,2023-04-06 11:56:00,search
E006851,C00857,2024-04-06 07:54:00,search
E006852,C00857,2024-11-13 09:09:00,app_open
E006853,C00857,2023-09-28 02:19:00,add_to_cart
E006854,C00857,2023-10-01 21:37:00,page_view
E006855,C00857,2025-08-22 00:55:00,search
E006856,C00857,2023-03-02 23:18:00,search
E006857,C00858,2023-06-28 02:14:00,add_to_cart
E006858,C00858,2023-03-28 21:42:00,app_open
E006859,C00858,2023-03-10 12:45:00,page_view
E006860,C00858,2023-06-08 21:26:00,page_view
E006861,C00858,2024-03-16 18:09:00,add_to_cart
E006862,C00858,2024-08-18 17:08:00,page_view
E006863,C00858,2024-01-11 20:37:00,search
E006864,C00858,2025-08-07 12:16:00,page_view
E006865,C00859,2025-05-24 20:45:00,app_open
E006866,C00859,2023-06-16 02:57:00,add_to_cart
E006867,C00859,2025-05-22 07:02:00,search
E006868,C00859,2025-11-09 20:57:00,search
E006869,C00859,2023-03-27 20:25:00,page_view
E006870,C00859,2025-12-10 18:31:00,search
E006871,C00859,2025-03-19 21:25:00,app_open
E006872,C00859,2025-09-02 04:19:00,search
E006873,C00860,2025-01-16 05:19:00,app_open
E006874,C00860,2024-01-29 07:15:00,add_to_cart
E006875,C00860,2025-04-21 15:27:00,page_view
E006876,C00860,2023-03-10 18:48:00,add_to_cart
E006877,C00860,2024-09-20 06:12:00,add_to_cart
E006878,C00860,2025-03-12 14:25:00,page_view
E006879,C00860,2024-02-05 02:41:00,page_view
E006880,C00860,2024-11-09 16:10:00,search
E006881,C00861,2025-01-03 12:32:00,page_view
E006882,C00861,2023-09-21 02:45:00,app_open
E006883,C00861,2023-06-14 21:47:00,page_view
E006884,C00861,2023-11-29 18:45:00,search
E006885,C00861,2023-07-06 11:05:00,app_open
E006886,C00861,2024-02-11 17:15:00,page_view
E006887,C00861,2024-03-09 18:18:00,page_view
E006888,C00861,2025-07-07 14:27:00,page_view
E006889,C00862,2024-05-13 10:48:00,app_open
E006890,C00862,2024-02-02 18:12:00,page_view
E006891,C00862,2024-11-09 02:25:00,add_to_cart
E006892,C00862,2023-01-18 19:01:00,search
E006893,C00862,2025-05-16 11:40:00,search
E006894,C00862,2023-01-05 05:47:00,add_to_cart
E006895,C00862,2024-08-20 17:35:00,app_open
E006896,C00862,2025-12-07 13:37:00,app_open
E006897,C00863,2024-06-25 02:20:00,page_view
E006898,C00863,2025-07-12 07:15:00,search
E006899,C00863,2023-05-17 01:29:00,page_view
E006900,C00863,2024-09-28 06:47:00,page_view
E006901,C00863,2024-12-28 17:16:00,page_view
E006902,C00863,2024-05-08 13:39:00,app_open
E006903,C00863,2025-08-10 10:21:00,search
E006904,C00863,2023-03-15 22:23:00,search
E006905,C00864,2025-01-31 14:52:00,search
E006906,C00864,2024-03-31 00:29:00,page_view
E006907,C00864,2024-10-14 22:30:00,search
E006908,C00864,2025-10-23 13:55:00,add_to_cart
E006909,C00864,2023-02-08 15:57:00,add_to_cart
E006910,C00864,2023-08-31 04:59:00,app_open
E006911,C00864,2025-07-29 10:01:00,app_open
E006912,C00864,2025-07-07 15:42:00,add_to_cart
E006913,C00865,2024-09-13 15:57:00,add_to_cart
E006914,C00865,2025-03-09 03:37:00,search
E006915,C00865,2023-10-01 01:36:00,search
E006916,C00865,2023-03-30 18:46:00,page_view
E006917,C00865,2024-10-09 11:15:00,add_to_cart
E006918,C00865,2025-06-27 19:39:00,app_open
E006919,C00865,2023-06-06 20:36:00,search
E006920,C00865,2024-05-26 02:23:00,add_to_cart
E006921,C00866,2025-06-06 00:44:00,page_view
E006922,C00866,2024-01-14 04:10:00,page_view
E006923,C00866,2023-01-20 16:21:00,search
E006924,C00866,2023-11-30 10:44:00,search
E006925,C00866,2024-05-12 03:19:00,add_to_cart
E006926,C00866,2025-02-01 23:07:00,add_to_cart
E006927,C00866,2023-09-06 20:39:00,app_open
E006928,C00866,2023-08-27 10:33:00,add_to_cart
E006929,C00867,2023-12-12 15:52:00,app_open
E006930,C00867,2025-04-25 01:16:00,search
E006931,C00867,2024-09-12 12:26:00,add_to_cart
E006932,C00867,2024-01-01 23:56:00,page_view
E006933,C00867,2025-09-07 01:39:00,app_open
E006934,C00867,2023-12-24 21:45:00,search
E006935,C00867,2025-05-24 03:32:00,search
E006936,C00867,2025-07-13 08:42:00,search
E006937,C00868,2025-07-14 17:58:00,page_view
E006938,C00868,2025-05-30 08:03:00,page_view
E006939,C00868,2024-08-21 13:53:00,app_open
E006940,C00868,2024-11-23 23:25:00,page_view
E006941,C00868,2025-02-03 15:23:00,search
E006942,C00868,2024-06-24 22:58:00,page_view
E006943,C00868,2025-04-21 09:19:00,app_open
E006944,C00868,2023-05-21 03:47:00,search
E006945,C00869,2024-10-01 13:04:00,app_open
E006946,C00869,2023-03-15 06:16:00,page_view
E006947,C00869,2023-08-09 03:40:00,page_view
E006948,C00869,2025-07-07 16:02:00,app_open
E006949,C00869,2024-10-19 20:21:00,page_view
E006950,C00869,2023-12-20 23:11:00,page_view
E006951,C00869,2024-08-03 17:21:00,app_open
E006952,C00869,2025-05-08 00:29:00,page_view
E006953,C00870,2023-09-30 01:22:00,app_open
E006954,C00870,2024-06-23 06:04:00,app_open
E006955,C00870,2023-04-08 23:06:00,add_to_cart
E006956,C00870,2025-03-17 19:11:00,add_to_cart
E006957,C00870,2025-11-18 20:33:00,page_view
E006958,C00870,2023-05-13 20:33:00,search
E006959,C00870,2025-10-30 21:43:00,page_view
E006960,C00870,2024-07-16 16:18:00,app_open
E006961,C00871,2023-04-02 19:44:00,app_open
E006962,C00871,2025-11-21 14:20:00,add_to_cart
E006963,C00871,2023-08-28 16:53:00,app_open
E006964,C00871,2024-12-03 18:50:00,app_open
E006965,C00871,2023-11-02 04:16:00,search
E006966,C00871,2023-08-18 10:14:00,app_open
E006967,C00871,2023-06-19 18:00:00,search
E006968,C00871,2025-10-18 16:12:00,app_open
E006969,C00872,2024-04-30 08:57:00,page_view
E006970,C00872,2025-12-02 02:38:00,app_open
E006971,C00872,2024-12-10 12:08:00,app_open
E006972,C00872,2024-03-04 11:51:00,page_view
E006973,C00872,2025-12-02 09:11:00,add_to_cart
E006974,C00872,2025-02-14 18:16:00,page_view
E006975,C00872,2023-03-20 11:25:00,search
E006976,C00872,2023-05-10 14:17:00,add_to_cart
E006977,C00873,2025-07-21 15:29:00,app_open
E006978,C00873,2024-01-15 21:18:00,page_view
E006979,C00873,2025-08-28 07:03:00,app_open
E006980,C00873,2023-10-02 23:38:00,app_open
E006981,C00873,2024-11-19 04:01:00,add_to_cart
E006982,C00873,2025-06-16 19:44:00,app_open
E006983,C00873,2024-10-11 19:38:00,page_view
E006984,C00873,2023-12-11 04:18:00,search
E006985,C00874,2023-06-14 00:06:00,add_to_cart
E006986,C00874,2024-11-11 08:03:00,app_open
E006987,C00874,2025-06-21 02:28:00,search
E006988,C00874,2025-08-11 21:39:00,search
E006989,C00874,2024-02-14 08:23:00,page_view
E006990,C00874,2024-12-25 05:31:00,page_view
E006991,C00874,2023-06-24 22:55:00,add_to_cart
E006992,C00874,2023-09-24 06:29:00,page_view
E006993,C00875,2023-09-18 07:10:00,search
E006994,C00875,2025-01-01 12:19:00,app_open
E006995,C00875,2023-09-24 01:53:00,page_view
E006996,C00875,2025-05-10 01:02:00,app_open
E006997,C00875,2023-01-12 05:46:00,add_to_cart
E006998,C00875,2025-05-20 10:01:00,page_view
E006999,C00875,2025-09-02 20:12:00,search
E007000,C00875,2025-01-30 19:44:00,add_to_cart
E007001,C00876,2024-05-01 13:14:00,page_view
E007002,C00876,2025-08-05 17:55:00,page_view
E007003,C00876,2024-03-10 23:41:00,add_to_cart
E007004,C00876,2025-02-26 19:02:00,page_view
E007005,C00876,2025-11-26 16:59:00,search
E007006,C00876,2024-08-14 23:03:00,app_open
E007007,C00876,2024-12-10 19:22:00,search
E007008,C00876,2023-12-07 03:26:00,app_open
E007009,C00877,2025-01-24 09:56:00,search
E007010,C00877,2023-12-21 11:44:00,search
E007011,C00877,2024-11-19 12:25:00,search
E007012,C00877,2024-06-28 13:56:00,page_view
E007013,C00877,2023-06-17 03:43:00,search
E007014,C00877,2024-02-08 17:27:00,page_view
E007015,C00877,2024-05-02 22:50:00,app_open
E007016,C00877,2023-03-13 03:14:00,app_open
E007017,C00878,2025-11-10 00:34:00,page_view
E007018,C00878,2025-06-02 02:59:00,add_to_cart
E007019,C00878,2023-02-09 15:28:00,page_view
E007020,C00878,2024-04-07 14:38:00,add_to_cart
E007021,C00878,2023-03-10 18:56:00,search
E007022,C00878,2025-06-03 11:38:00,search
E007023,C00878,2025-05-06 01:05:00,app_open
E007024,C00878,2025-10-10 13:52:00,add_to_cart
E007025,C00879,2023-02-03 10:09:00,app_open
E007026,C00879,2025-09-13 00:15:00,add_to_cart
E007027,C00879,2024-11-26 04:01:00,app_open
E007028,C00879,2025-12-07 08:32:00,page_view
E007029,C00879,2024-06-17 11:30:00,app_open
E007030,C00879,2024-08-29 14:01:00,app_open
E007031,C00879,2024-03-25 18:01:00,page_view
E007032,C00879,2024-12-17 10:30:00,search
E007033,C00880,2024-11-26 09:12:00,page_view
E007034,C00880,2025-10-13 12:58:00,app_open
E007035,C00880,2024-12-04 17:01:00,app_open
E007036,C00880,2023-01-10 02:13:00,page_view
E007037,C00880,2025-04-24 17:40:00,page_view
E007038,C00880,2024-05-26 10:18:00,search
E007039,C00880,2025-08-05 23:08:00,app_open
E007040,C00880,2024-03-29 14:29:00,page_view
E007041,C00881,2024-01-11 23:05:00,add_to_cart
E007042,C00881,2024-10-14 03:21:00,page_view
E007043,C00881,2023-11-20 14:03:00,page_view
E007044,C00881,2025-11-30 10:31:00,app_open
E007045,C00881,2024-03-09 00:07:00,page_view
E007046,C00881,2025-09-10 03:46:00,add_to_cart
E007047,C00881,2024-02-03 14:31:00,page_view
E007048,C00881,2024-11-23 17:21:00,app_open
E007049,C00882,2025-09-22 23:17:00,page_view
E007050,C00882,2023-02-14 03:54:00,search
E007051,C00882,2023-04-21 08:16:00,page_view
E007052,C00882,2025-01-03 20:37:00,add_to_cart
E007053,C00882,2023-01-24 07:08:00,add_to_cart
E007054,C00882,2023-07-03 10:39:00,search
E007055,C00882,2023-07-20 13:36:00,search
E007056,C00882,2023-03-24 21:08:00,page_view
E007057,C00883,2024-04-12 01:05:00,app_open
E007058,C00883,2025-06-30 14:27:00,search
E007059,C00883,2023-08-26 04:18:00,page_view
E007060,C00883,2025-07-14 05:05:00,add_to_cart
E007061,C00883,2024-06-16 12:15:00,app_open
E007062,C00883,2024-03-10 03:08:00,search
E007063,C00883,2024-01-04 17:43:00,search
E007064,C00883,2023-01-31 05:25:00,app_open
E007065,C00884,2024-02-21 16:20:00,add_to_cart
E007066,C00884,2023-06-04 14:40:00,add_to_cart
E007067,C00884,2025-03-10 06:49:00,page_view
E007068,C00884,2024-09-27 03:15:00,app_open
E007069,C00884,2023-03-30 02:11:00,page_view
E007070,C00884,2024-09-02 08:42:00,app_open
E007071,C00884,2025-02-03 23:54:00,page_view
E007072,C00884,2025-09-07 11:18:00,page_view
E007073,C00885,2025-02-12 17:21:00,page_view
E007074,C00885,2024-06-28 21:37:00,add_to_cart
E007075,C00885,2025-10-14 07:56:00,page_view
E007076,C00885,2023-05-19 21:14:00,add_to_cart
E007077,C00885,2023-09-26 11:54:00,search
E007078,C00885,2023-08-12 08:06:00,page_view
E007079,C00885,2023-05-07 22:26:00,app_open
E007080,C00885,2024-06-19 06:02:00,add_to_cart
E007081,C00886,2025-12-27 02:37:00,search
E007082,C00886,2023-02-03 02:34:00,search
E007083,C00886,2023-11-16 22:22:00,app_open
E007084,C00886,2025-07-19 00:32:00,app_open
E007085,C00886,2024-12-02 00:40:00,app_open
E007086,C00886,2025-02-18 00:39:00,app_open
E007087,C00886,2023-03-19 09:22:00,add_to_cart
E007088,C00886,2024-08-30 07:30:00,add_to_cart
E007089,C00887,2024-08-08 13:20:00,page_view
E007090,C00887,2024-01-05 03:04:00,search
E007091,C00887,2024-11-14 18:51:00,add_to_cart
E007092,C00887,2025-04-20 10:03:00,page_view
E007093,C00887,2023-03-15 05:04:00,app_open
E007094,C00887,2025-12-21 21:33:00,search
E007095,C00887,2024-10-06 11:43:00,app_open
E007096,C00887,2024-08-01 07:25:00,add_to_cart
E007097,C00888,2024-05-25 19:43:00,app_open
E007098,C00888,2023-11-18 18:44:00,page_view
E007099,C00888,2025-01-04 06:57:00,search
E007100,C00888,2023-10-18 17:20:00,page_view
E007101,C00888,2023-04-28 19:15:00,page_view
E007102,C00888,2023-07-28 11:52:00,app_open
E007103,C00888,2025-01-08 09:18:00,app_open
E007104,C00888,2025-04-10 02:53:00,add_to_cart
E007105,C00889,2024-11-20 13:42:00,search
E007106,C00889,2025-05-25 21:13:00,add_to_cart
E007107,C00889,2023-12-23 16:41:00,add_to_cart
E007108,C00889,2025-12-19 11:26:00,app_open
E007109,C00889,2024-04-30 19:48:00,app_open
E007110,C00889,2023-02-27 08:46:00,add_to_cart
E007111,C00889,2025-09-14 03:28:00,app_open
E007112,C00889,2025-09-20 18:37:00,app_open
E007113,C00890,2025-01-14 18:17:00,search
E007114,C00890,2025-04-18 17:29:00,search
E007115,C00890,2023-09-08 21:32:00,add_to_cart
E007116,C00890,2024-05-05 20:12:00,page_view
E007117,C00890,2023-11-10 03:27:00,search
E007118,C00890,2023-02-05 21:28:00,search
E007119,C00890,2023-03-24 07:07:00,search
E007120,C00890,2025-03-18 05:05:00,add_to_cart
E007121,C00891,2025-12-06 22:25:00,app_open
E007122,C00891,2024-02-27 08:55:00,page_view
E007123,C00891,2023-05-29 03:59:00,page_view
E007124,C00891,2025-08-03 21:02:00,search
E007125,C00891,2023-05-19 22:48:00,page_view
E007126,C00891,2023-01-25 08:11:00,page_view
E007127,C00891,2024-07-21 09:29:00,page_view
E007128,C00891,2025-09-29 19:33:00,search
E007129,C00892,2023-06-02 16:11:00,app_open
E007130,C00892,2024-07-09 05:02:00,add_to_cart
E007131,C00892,2025-07-20 04:50:00,page_view
E007132,C00892,2023-08-09 02:55:00,page_view
E007133,C00892,2025-09-18 01:37:00,search
E007134,C00892,2024-07-13 03:09:00,add_to_cart
E007135,C00892,2023-07-24 17:45:00,search
E007136,C00892,2023-11-20 02:57:00,app_open
E007137,C00893,2025-04-24 10:26:00,add_to_cart
E007138,C00893,2025-04-04 19:31:00,add_to_cart
E007139,C00893,2024-03-11 19:03:00,app_open
E007140,C00893,2025-12-26 22:27:00,add_to_cart
E007141,C00893,2023-11-15 13:15:00,page_view
E007142,C00893,2023-02-06 14:12:00,add_to_cart
E007143,C00893,2025-03-12 07:50:00,app_open
E007144,C00893,2024-04-07 17:10:00,search
E007145,C00894,2023-04-08 19:37:00,page_view
E007146,C00894,2024-06-21 16:35:00,add_to_cart
E007147,C00894,2025-09-30 06:49:00,add_to_cart
E007148,C00894,2024-11-06 12:25:00,page_view
E007149,C00894,2025-09-26 11:09:00,app_open
E007150,C00894,2024-11-02 00:24:00,page_view
E007151,C00894,2023-06-10 20:05:00,search
E007152,C00894,2025-01-02 10:58:00,add_to_cart
E007153,C00895,2024-01-17 05:20:00,app_open
E007154,C00895,2024-05-04 00:13:00,search
E007155,C00895,2024-10-17 17:52:00,page_view
E007156,C00895,2023-03-20 15:42:00,add_to_cart
E007157,C00895,2024-09-05 21:07:00,add_to_cart
E007158,C00895,2025-08-25 11:02:00,page_view
E007159,C00895,2025-11-27 04:32:00,app_open
E007160,C00895,2023-10-29 22:03:00,search
E007161,C00896,2023-02-01 08:44:00,page_view
E007162,C00896,2023-10-03 03:53:00,app_open
E007163,C00896,2023-03-23 03:09:00,add_to_cart
E007164,C00896,2023-01-19 07:08:00,search
E007165,C00896,2024-11-22 21:28:00,page_view
E007166,C00896,2024-08-05 17:39:00,page_view
E007167,C00896,2024-12-24 16:08:00,page_view
E007168,C00896,2025-07-11 20:34:00,app_open
E007169,C00897,2024-03-12 05:16:00,search
E007170,C00897,2023-05-24 08:43:00,app_open
E007171,C00897,2025-12-27 18:22:00,add_to_cart
E007172,C00897,2024-09-18 16:58:00,add_to_cart
E007173,C00897,2025-07-13 19:05:00,page_view
E007174,C00897,2023-11-13 14:09:00,page_view
E007175,C00897,2024-02-07 01:25:00,add_to_cart
E007176,C00897,2023-06-13 07:11:00,page_view
E007177,C00898,2023-08-17 19:46:00,page_view
E007178,C00898,2025-10-06 06:30:00,app_open
E007179,C00898,2023-11-04 14:32:00,add_to_cart
E007180,C00898,2024-09-18 21:57:00,search
E007181,C00898,2024-07-05 00:54:00,page_view
E007182,C00898,2023-11-15 11:32:00,app_open
E007183,C00898,2024-01-13 08:50:00,add_to_cart
E007184,C00898,2025-06-06 02:32:00,app_open
E007185,C00899,2024-10-02 05:49:00,page_view
E007186,C00899,2023-06-08 12:19:00,app_open
E007187,C00899,2025-12-18 20:06:00,page_view
E007188,C00899,2025-10-22 21:23:00,page_view
E007189,C00899,2023-01-15 14:23:00,page_view
E007190,C00899,2024-09-15 03:14:00,page_view
E007191,C00899,2025-10-11 18:01:00,app_open
E007192,C00899,2025-06-25 05:13:00,page_view
E007193,C00900,2025-03-14 16:21:00,page_view
E007194,C00900,2024-06-26 08:31:00,page_view
E007195,C00900,2023-11-14 02:05:00,page_view
E007196,C00900,2023-09-21 11:50:00,search
E007197,C00900,2023-07-06 16:50:00,search
E007198,C00900,2024-07-28 17:13:00,add_to_cart
E007199,C00900,2023-08-31 23:56:00,page_view
E007200,C00900,2023-04-19 04:00:00,app_open
E007201,C00901,2025-04-11 04:43:00,page_view
E007202,C00901,2025-03-13 20:58:00,app_open
E007203,C00901,2023-01-14 02:59:00,app_open
E007204,C00901,2023-05-12 14:54:00,search
E007205,C00901,2025-04-13 14:43:00,page_view
E007206,C00901,2024-02-28 20:24:00,search
E007207,C00901,2024-07-10 10:15:00,app_open
E007208,C00901,2023-05-14 23:30:00,app_open
E007209,C00902,2025-03-31 18:04:00,page_view
E007210,C00902,2023-04-09 19:50:00,app_open
E007211,C00902,2025-10-09 08:38:00,page_view
E007212,C00902,2023-09-30 05:52:00,app_open
E007213,C00902,2025-06-03 09:24:00,add_to_cart
E007214,C00902,2024-03-06 02:33:00,page_view
E007215,C00902,2023-06-06 07:17:00,search
E007216,C00902,2024-12-15 09:27:00,page_view
E007217,C00903,2024-12-31 13:40:00,add_to_cart
E007218,C00903,2025-02-14 15:07:00,search
E007219,C00903,2024-05-12 20:19:00,search
E007220,C00903,2023-12-14 06:29:00,page_view
E007221,C00903,2024-05-14 14:48:00,app_open
E007222,C00903,2025-08-12 03:30:00,add_to_cart
E007223,C00903,2025-01-28 02:06:00,search
E007224,C00903,2025-02-18 20:03:00,app_open
E007225,C00904,2025-11-21 05:03:00,add_to_cart
E007226,C00904,2024-01-29 02:00:00,page_view
E007227,C00904,2024-10-13 05:26:00,add_to_cart
E007228,C00904,2023-11-08 14:35:00,page_view
E007229,C00904,2023-05-02 01:27:00,page_view
E007230,C00904,2025-06-22 00:52:00,add_to_cart
E007231,C00904,2023-07-23 03:43:00,add_to_cart
E007232,C00904,2024-08-13 03:26:00,search
E007233,C00905,2024-02-27 11:45:00,search
E007234,C00905,2023-11-01 07:54:00,add_to_cart
E007235,C00905,2025-08-24 23:02:00,app_open
E007236,C00905,2024-09-14 08:52:00,search
E007237,C00905,2024-09-07 17:55:00,page_view
E007238,C00905,2024-05-26 14:19:00,search
E007239,C00905,2024-03-15 15:39:00,search
E007240,C00905,2025-02-28 00:08:00,app_open
E007241,C00906,2023-11-14 22:13:00,search
E007242,C00906,2023-02-08 00:29:00,page_view
E007243,C00906,2025-09-01 04:32:00,page_view
E007244,C00906,2024-10-06 03:17:00,page_view
E007245,C00906,2025-01-09 08:35:00,search
E007246,C00906,2024-03-25 14:42:00,add_to_cart
E007247,C00906,2024-07-07 13:09:00,add_to_cart
E007248,C00906,2025-03-27 03:43:00,search
E007249,C00907,2023-10-05 08:51:00,app_open
E007250,C00907,2025-03-06 07:27:00,app_open
E007251,C00907,2025-07-20 16:40:00,app_open
E007252,C00907,2024-10-19 14:17:00,search
E007253,C00907,2024-04-23 04:13:00,app_open
E007254,C00907,2023-05-11 18:46:00,app_open
E007255,C00907,2024-11-14 00:59:00,app_open
E007256,C00907,2024-10-14 16:30:00,add_to_cart
E007257,C00908,2025-01-04 18:57:00,app_open
E007258,C00908,2025-06-25 05:02:00,add_to_cart
E007259,C00908,2025-07-11 00:27:00,page_view
E007260,C00908,2023-05-31 02:53:00,app_open
E007261,C00908,2025-03-07 15:12:00,app_open
E007262,C00908,2024-03-08 09:01:00,page_view
E007263,C00908,2024-06-19 07:12:00,page_view
E007264,C00908,2025-01-15 06:41:00,search
E007265,C00909,2024-07-17 10:14:00,search
E007266,C00909,2023-10-21 01:05:00,app_open
E007267,C00909,2023-03-24 22:03:00,app_open
E007268,C00909,2023-09-06 12:48:00,app_open
E007269,C00909,2024-07-23 09:32:00,add_to_cart
E007270,C00909,2024-12-09 01:38:00,page_view
E007271,C00909,2023-04-04 03:44:00,page_view
E007272,C00909,2024-01-28 22:22:00,app_open
E007273,C00910,2024-12-17 01:32:00,search
E007274,C00910,2025-01-23 17:57:00,search
E007275,C00910,2025-03-08 17:20:00,app_open
E007276,C00910,2024-02-09 23:28:00,add_to_cart
E007277,C00910,2023-08-20 20:29:00,page_view
E007278,C00910,2025-08-28 19:05:00,app_open
E007279,C00910,2024-04-15 13:47:00,app_open
E007280,C00910,2025-03-08 13:00:00,add_to_cart
E007281,C00911,2025-07-03 17:01:00,search
E007282,C00911,2025-04-23 22:58:00,page_view
E007283,C00911,2023-10-27 17:37:00,page_view
E007284,C00911,2024-11-13 19:37:00,page_view
E007285,C00911,2024-06-30 08:57:00,page_view
E007286,C00911,2025-01-17 06:48:00,app_open
E007287,C00911,2025-05-31 07:41:00,app_open
E007288,C00911,2024-05-28 07:20:00,search
E007289,C00912,2025-03-19 14:23:00,page_view
E007290,C00912,2024-08-21 16:26:00,add_to_cart
E007291,C00912,2025-08-01 11:38:00,app_open
E007292,C00912,2025-09-19 01:47:00,page_view
E007293,C00912,2024-12-28 08:57:00,add_to_cart
E007294,C00912,2023-07-16 08:43:00,add_to_cart
E007295,C00912,2023-10-28 12:01:00,add_to_cart
E007296,C00912,2025-10-11 06:09:00,add_to_cart
E007297,C00913,2023-04-24 04:35:00,search
E007298,C00913,2023-11-09 07:07:00,search
E007299,C00913,2023-02-11 05:37:00,search
E007300,C00913,2023-11-29 16:36:00,add_to_cart
E007301,C00913,2024-04-25 10:18:00,app_open
E007302,C00913,2023-08-31 02:14:00,page_view
E007303,C00913,2025-07-01 17:36:00,add_to_cart
E007304,C00913,2025-05-16 00:03:00,app_open
E007305,C00914,2024-10-06 15:15:00,app_open
E007306,C00914,2025-02-26 03:12:00,add_to_cart
E007307,C00914,2024-04-19 21:47:00,app_open
E007308,C00914,2024-08-11 13:46:00,search
E007309,C00914,2023-11-18 13:36:00,page_view
E007310,C00914,2023-09-26 16:31:00,page_view
E007311,C00914,2023-05-28 12:36:00,app_open
E007312,C00914,2023-01-12 00:07:00,page_view
E007313,C00915,2024-09-20 22:18:00,page_view
E007314,C00915,2025-09-12 04:01:00,page_view
E007315,C00915,2024-08-01 07:42:00,add_to_cart
E007316,C00915,2023-07-20 10:08:00,page_view
E007317,C00915,2025-05-15 22:48:00,app_open
E007318,C00915,2023-10-13 23:47:00,app_open
E007319,C00915,2023-03-09 15:30:00,page_view
E007320,C00915,2025-10-13 08:29:00,app_open
E007321,C00916,2025-09-26 17:40:00,app_open
E007322,C00916,2023-08-26 20:51:00,add_to_cart
E007323,C00916,2023-11-25 20:57:00,page_view
E007324,C00916,2023-12-12 14:16:00,add_to_cart
E007325,C00916,2024-05-20 13:24:00,add_to_cart
E007326,C00916,2024-07-06 06:18:00,search
E007327,C00916,2023-12-24 05:22:00,add_to_cart
E007328,C00916,2025-07-06 10:00:00,add_to_cart
E007329,C00917,2025-12-07 14:39:00,app_open
E007330,C00917,2025-05-10 02:36:00,app_open
E007331,C00917,2025-03-08 01:12:00,page_view
E007332,C00917,2023-04-16 04:55:00,app_open
E007333,C00917,2025-07-23 22:47:00,search
E007334,C00917,2023-05-30 20:02:00,app_open
E007335,C00917,2025-09-14 12:28:00,add_to_cart
E007336,C00917,2025-10-01 18:58:00,search
E007337,C00918,2025-04-15 02:09:00,search
E007338,C00918,2023-12-26 02:37:00,page_view
E007339,C00918,2025-01-26 15:52:00,add_to_cart
E007340,C00918,2025-12-03 18:20:00,page_view
E007341,C00918,2023-12-26 23:30:00,search
E007342,C00918,2024-07-27 23:40:00,search
E007343,C00918,2024-03-17 07:56:00,add_to_cart
E007344,C00918,2023-06-23 18:04:00,search
E007345,C00919,2025-07-03 22:10:00,search
E007346,C00919,2024-02-25 02:38:00,app_open
E007347,C00919,2024-06-18 03:09:00,add_to_cart
E007348,C00919,2025-04-19 15:59:00,app_open
E007349,C00919,2025-10-09 20:31:00,add_to_cart
E007350,C00919,2023-01-14 06:24:00,app_open
E007351,C00919,2023-02-25 11:49:00,add_to_cart
E007352,C00919,2024-01-23 15:04:00,app_open
E007353,C00920,2024-12-20 09:54:00,add_to_cart
E007354,C00920,2023-09-20 17:44:00,search
E007355,C00920,2024-11-06 16:33:00,add_to_cart
E007356,C00920,2024-06-14 03:49:00,add_to_cart
E007357,C00920,2025-01-22 05:48:00,page_view
E007358,C00920,2023-06-24 18:36:00,search
E007359,C00920,2023-07-23 23:36:00,add_to_cart
E007360,C00920,2023-09-25 14:16:00,app_open
E007361,C00921,2025-06-28 13:34:00,add_to_cart
E007362,C00921,2023-08-02 13:43:00,page_view
E007363,C00921,2024-07-12 06:16:00,page_view
E007364,C00921,2025-02-17 20:07:00,page_view
E007365,C00921,2024-03-11 17:01:00,app_open
E007366,C00921,2024-02-17 02:50:00,search
E007367,C00921,2025-12-04 16:55:00,app_open
E007368,C00921,2025-01-08 17:04:00,search
E007369,C00922,2025-03-31 14:07:00,add_to_cart
E007370,C00922,2024-05-14 17:34:00,page_view
E007371,C00922,2023-01-07 04:00:00,page_view
E007372,C00922,2023-10-21 02:36:00,add_to_cart
E007373,C00922,2023-09-24 00:15:00,add_to_cart
E007374,C00922,2025-04-04 00:29:00,app_open
E007375,C00922,2023-11-07 05:17:00,add_to_cart
E007376,C00922,2025-05-04 16:17:00,page_view
E007377,C00923,2024-01-28 16:02:00,search
E007378,C00923,2023-11-04 03:59:00,app_open
E007379,C00923,2023-01-08 21:15:00,add_to_cart
E007380,C00923,2024-01-01 23:13:00,page_view
E007381,C00923,2024-11-08 13:23:00,add_to_cart
E007382,C00923,2024-05-14 18:42:00,app_open
E007383,C00923,2025-08-19 21:25:00,app_open
E007384,C00923,2025-07-08 11:00:00,search
E007385,C00924,2023-05-16 21:10:00,page_view
E007386,C00924,2024-02-25 11:08:00,page_view
E007387,C00924,2024-03-26 18:27:00,app_open
E007388,C00924,2025-11-07 14:37:00,page_view
E007389,C00924,2024-12-03 00:37:00,page_view
E007390,C00924,2023-11-26 23:41:00,page_view
E007391,C00924,2023-01-20 17:48:00,page_view
E007392,C00924,2023-11-09 03:08:00,add_to_cart
E007393,C00925,2025-09-13 16:40:00,add_to_cart
E007394,C00925,2024-06-26 21:28:00,search
E007395,C00925,2025-04-25 01:05:00,add_to_cart
E007396,C00925,2024-09-09 14:32:00,page_view
E007397,C00925,2024-03-31 11:13:00,page_view
E007398,C00925,2025-11-29 03:35:00,page_view
E007399,C00925,2025-04-06 21:35:00,search
E007400,C00925,2024-07-21 21:07:00,search
E007401,C00926,2023-05-14 04:20:00,page_view
E007402,C00926,2023-07-07 08:58:00,app_open
E007403,C00926,2023-09-27 23:07:00,app_open
E007404,C00926,2025-09-09 21:58:00,search
E007405,C00926,2023-03-24 09:22:00,app_open
E007406,C00926,2025-08-29 01:55:00,add_to_cart
E007407,C00926,2025-09-11 20:35:00,app_open
E007408,C00926,2025-02-17 02:09:00,app_open
E007409,C00927,2024-05-01 22:27:00,add_to_cart
E007410,C00927,2025-01-21 12:15:00,page_view
E007411,C00927,2025-07-14 03:37:00,add_to_cart
E007412,C00927,2023-01-26 01:08:00,search
E007413,C00927,2023-11-10 00:27:00,app_open
E007414,C00927,2024-01-11 00:10:00,add_to_cart
E007415,C00927,2023-12-22 15:14:00,add_to_cart
E007416,C00927,2025-08-30 13:52:00,search
E007417,C00928,2023-03-23 18:36:00,search
E007418,C00928,2025-11-19 02:10:00,page_view
E007419,C00928,2024-03-01 04:58:00,search
E007420,C00928,2023-02-18 06:03:00,add_to_cart
E007421,C00928,2025-09-06 02:54:00,add_to_cart
E007422,C00928,2023-11-02 02:55:00,search
E007423,C00928,2025-07-09 11:57:00,add_to_cart
E007424,C00928,2025-06-03 23:52:00,search
E007425,C00929,2023-08-29 18:08:00,search
E007426,C00929,2024-03-03 10:07:00,page_view
E007427,C00929,2024-12-09 16:23:00,add_to_cart
E007428,C00929,2025-03-02 03:39:00,page_view
E007429,C00929,2024-07-23 08:19:00,search
E007430,C00929,2023-07-13 10:16:00,app_open
E007431,C00929,2024-07-31 22:29:00,search
E007432,C00929,2023-06-28 07:39:00,add_to_cart
E007433,C00930,2025-01-10 04:22:00,app_open
E007434,C00930,2023-02-06 05:53:00,add_to_cart
E007435,C00930,2025-06-09 15:48:00,page_view
E007436,C00930,2025-04-20 12:59:00,page_view
E007437,C00930,2025-05-25 09:04:00,page_view
E007438,C00930,2025-05-26 07:02:00,app_open
E007439,C00930,2023-08-26 22:45:00,page_view
E007440,C00930,2025-09-28 13:25:00,app_open
E007441,C00931,2024-11-26 17:54:00,app_open
E007442,C00931,2023-02-02 03:28:00,app_open
E007443,C00931,2025-10-29 11:37:00,search
E007444,C00931,2025-12-02 15:51:00,search
E007445,C00931,2023-02-07 15:13:00,app_open
E007446,C00931,2024-08-12 15:27:00,app_open
E007447,C00931,2024-09-04 04:58:00,page_view
E007448,C00931,2025-11-02 20:52:00,search
E007449,C00932,2023-09-26 07:54:00,page_view
E007450,C00932,2024-05-31 20:45:00,search
E007451,C00932,2024-10-04 06:16:00,add_to_cart
E007452,C00932,2023-04-18 20:27:00,page_view
E007453,C00932,2023-09-16 07:48:00,app_open
E007454,C00932,2023-08-03 04:22:00,add_to_cart
E007455,C00932,2025-07-09 18:48:00,add_to_cart
E007456,C00932,2023-10-22 14:12:00,add_to_cart
E007457,C00933,2025-08-12 19:51:00,search
E007458,C00933,2023-10-19 21:42:00,app_open
E007459,C00933,2025-05-20 18:49:00,page_view
E007460,C00933,2024-12-09 07:10:00,app_open
E007461,C00933,2025-12-11 17:08:00,page_view
E007462,C00933,2023-07-08 02:24:00,page_view
E007463,C00933,2023-08-29 04:45:00,app_open
E007464,C00933,2025-09-12 02:31:00,add_to_cart
E007465,C00934,2023-05-14 23:27:00,app_open
E007466,C00934,2023-06-21 09:31:00,app_open
E007467,C00934,2025-12-04 01:02:00,page_view
E007468,C00934,2025-10-18 08:42:00,page_view
E007469,C00934,2025-11-30 16:40:00,add_to_cart
E007470,C00934,2023-03-24 23:52:00,add_to_cart
E007471,C00934,2024-01-03 15:43:00,page_view
E007472,C00934,2024-07-07 23:50:00,add_to_cart
E007473,C00935,2023-07-24 13:06:00,app_open
E007474,C00935,2023-01-29 23:34:00,page_view
E007475,C00935,2024-06-26 14:20:00,page_view
E007476,C00935,2025-06-17 05:24:00,add_to_cart
E007477,C00935,2025-01-17 10:03:00,search
E007478,C00935,2024-08-25 23:36:00,add_to_cart
E007479,C00935,2025-01-28 22:38:00,page_view
E007480,C00935,2023-10-01 02:53:00,search
E007481,C00936,2023-10-28 00:39:00,search
E007482,C00936,2023-03-14 22:28:00,page_view
E007483,C00936,2024-01-08 22:05:00,page_view
E007484,C00936,2025-09-04 11:06:00,add_to_cart
E007485,C00936,2025-11-24 09:59:00,app_open
E007486,C00936,2023-11-14 14:05:00,add_to_cart
E007487,C00936,2023-05-25 15:32:00,add_to_cart
E007488,C00936,2024-06-24 18:20:00,add_to_cart
E007489,C00937,2023-07-16 19:59:00,search
E007490,C00937,2023-08-12 11:36:00,page_view
E007491,C00937,2025-04-25 03:06:00,search
E007492,C00937,2025-08-18 18:50:00,page_view
E007493,C00937,2024-03-10 07:49:00,add_to_cart
E007494,C00937,2024-02-24 13:25:00,add_to_cart
E007495,C00937,2023-07-24 17:41:00,app_open
E007496,C00937,2023-09-20 15:46:00,search
E007497,C00938,2023-05-17 14:06:00,app_open
E007498,C00938,2025-11-15 17:12:00,add_to_cart
E007499,C00938,2024-07-05 06:12:00,page_view
E007500,C00938,2024-10-13 17:07:00,page_view
E007501,C00938,2025-10-01 07:39:00,app_open
E007502,C00938,2025-09-20 11:19:00,search
E007503,C00938,2024-03-27 13:52:00,app_open
E007504,C00938,2023-12-24 05:45:00,add_to_cart
E007505,C00939,2024-07-19 21:46:00,search
E007506,C00939,2024-12-29 10:34:00,search
E007507,C00939,2024-07-12 22:28:00,add_to_cart
E007508,C00939,2023-09-01 21:06:00,page_view
E007509,C00939,2023-12-04 10:30:00,app_open
E007510,C00939,2024-03-19 06:55:00,search
E007511,C00939,2024-06-13 23:58:00,page_view
E007512,C00939,2023-12-06 19:38:00,search
E007513,C00940,2023-11-16 05:22:00,page_view
E007514,C00940,2023-02-21 12:05:00,page_view
E007515,C00940,2024-05-15 17:38:00,app_open
E007516,C00940,2025-11-07 05:12:00,search
E007517,C00940,2023-01-04 06:00:00,add_to_cart
E007518,C00940,2025-03-31 15:00:00,search
E007519,C00940,2024-10-15 11:03:00,search
E007520,C00940,2024-04-13 22:39:00,page_view
E007521,C00941,2025-09-23 10:26:00,search
E007522,C00941,2023-06-05 05:13:00,app_open
E007523,C00941,2023-02-23 00:39:00,search
E007524,C00941,2024-09-16 18:22:00,search
E007525,C00941,2023-05-28 06:03:00,page_view
E007526,C00941,2023-12-22 11:37:00,search
E007527,C00941,2024-10-31 10:14:00,app_open
E007528,C00941,2025-11-27 12:43:00,page_view
E007529,C00942,2024-01-09 06:39:00,add_to_cart
E007530,C00942,2023-04-30 20:01:00,add_to_cart
E007531,C00942,2023-05-14 07:28:00,page_view
E007532,C00942,2023-09-26 13:12:00,search
E007533,C00942,2025-05-18 04:00:00,page_view
E007534,C00942,2024-03-14 11:33:00,search
E007535,C00942,2024-04-14 13:01:00,page_view
E007536,C00942,2024-04-17 16:40:00,page_view
E007537,C00943,2024-05-25 07:00:00,add_to_cart
E007538,C00943,2025-08-30 08:19:00,app_open
E007539,C00943,2025-08-11 05:29:00,add_to_cart
E007540,C00943,2024-04-03 19:14:00,app_open
E007541,C00943,2023-07-05 07:44:00,page_view
E007542,C00943,2025-01-03 17:26:00,search
E007543,C00943,2024-08-21 20:07:00,add_to_cart
E007544,C00943,2024-05-03 18:54:00,search
E007545,C00944,2023-08-14 01:24:00,add_to_cart
E007546,C00944,2024-04-27 01:05:00,page_view
E007547,C00944,2023-07-17 21:22:00,page_view
E007548,C00944,2023-11-08 07:01:00,add_to_cart
E007549,C00944,2025-02-01 02:28:00,add_to_cart
E007550,C00944,2025-09-10 03:35:00,add_to_cart
E007551,C00944,2023-05-30 18:47:00,add_to_cart
E007552,C00944,2023-08-23 15:57:00,search
E007553,C00945,2025-06-29 21:16:00,search
E007554,C00945,2023-09-30 00:53:00,search
E007555,C00945,2023-05-02 08:33:00,add_to_cart
E007556,C00945,2024-01-12 07:18:00,app_open
E007557,C00945,2025-09-04 04:16:00,add_to_cart
E007558,C00945,2024-11-09 19:40:00,page_view
E007559,C00945,2024-01-14 00:37:00,search
E007560,C00945,2023-12-31 18:12:00,page_view
E007561,C00946,2025-12-03 01:53:00,app_open
E007562,C00946,2023-09-07 19:16:00,search
E007563,C00946,2025-10-10 03:53:00,search
E007564,C00946,2024-06-04 01:54:00,page_view
E007565,C00946,2025-11-11 21:36:00,search
E007566,C00946,2025-06-06 17:19:00,search
E007567,C00946,2025-05-08 12:53:00,add_to_cart
E007568,C00946,2023-11-04 09:16:00,search
E007569,C00947,2023-05-09 08:08:00,page_view
E007570,C00947,2025-12-24 20:45:00,page_view
E007571,C00947,2025-12-24 06:51:00,page_view
E007572,C00947,2024-04-09 07:55:00,add_to_cart
E007573,C00947,2025-01-26 04:01:00,add_to_cart
E007574,C00947,2024-02-14 00:59:00,app_open
E007575,C00947,2023-08-24 00:48:00,search
E007576,C00947,2023-02-26 14:15:00,page_view
E007577,C00948,2023-05-10 09:40:00,page_view
E007578,C00948,2023-04-24 23:08:00,app_open
E007579,C00948,2025-04-28 00:01:00,page_view
E007580,C00948,2023-02-22 06:27:00,page_view
E007581,C00948,2025-01-21 20:39:00,app_open
E007582,C00948,2025-10-30 15:10:00,search
E007583,C00948,2023-10-06 18:46:00,add_to_cart
E007584,C00948,2024-12-13 04:59:00,page_view
E007585,C00949,2025-07-06 07:27:00,search
E007586,C00949,2024-07-02 15:03:00,add_to_cart
E007587,C00949,2023-09-09 05:26:00,page_view
E007588,C00949,2025-11-02 17:16:00,page_view
E007589,C00949,2024-01-13 09:16:00,search
E007590,C00949,2025-11-19 07:37:00,page_view
E007591,C00949,2025-10-04 19:28:00,search
E007592,C00949,2025-08-09 05:23:00,app_open
E007593,C00950,2025-02-12 11:47:00,app_open
E007594,C00950,2025-11-07 06:27:00,add_to_cart
E007595,C00950,2023-10-25 21:23:00,add_to_cart
E007596,C00950,2024-01-18 15:07:00,page_view
E007597,C00950,2025-01-26 08:43:00,add_to_cart
E007598,C00950,2024-09-29 16:27:00,app_open
E007599,C00950,2023-12-04 06:39:00,add_to_cart
E007600,C00950,2024-07-02 10:05:00,app_open
E007601,C00951,2025-03-04 15:10:00,search
E007602,C00951,2025-09-04 16:50:00,page_view
E007603,C00951,2024-04-26 02:48:00,search
E007604,C00951,2023-08-06 06:42:00,app_open
E007605,C00951,2025-10-22 02:07:00,app_open
E007606,C00951,2024-03-05 08:42:00,app_open
E007607,C00951,2025-04-28 05:21:00,add_to_cart
E007608,C00951,2023-02-19 01:24:00,app_open
E007609,C00952,2024-06-30 02:49:00,add_to_cart
E007610,C00952,2025-01-07 23:32:00,app_open
E007611,C00952,2023-12-18 00:25:00,add_to_cart
E007612,C00952,2023-08-12 07:06:00,page_view
E007613,C00952,2024-05-05 13:57:00,app_open
E007614,C00952,2025-06-05 04:18:00,add_to_cart
E007615,C00952,2025-10-17 05:21:00,app_open
E007616,C00952,2024-04-03 23:06:00,page_view
E007617,C00953,2023-02-23 15:34:00,search
E007618,C00953,2025-10-11 15:11:00,page_view
E007619,C00953,2024-01-12 23:40:00,search
E007620,C00953,2024-12-27 09:27:00,search
E007621,C00953,2023-03-14 15:56:00,app_open
E007622,C00953,2023-02-20 11:48:00,page_view
E007623,C00953,2023-08-21 08:53:00,page_view
E007624,C00953,2024-12-16 04:05:00,app_open
E007625,C00954,2024-12-21 20:40:00,add_to_cart
E007626,C00954,2025-04-25 02:31:00,search
E007627,C00954,2024-09-09 13:49:00,add_to_cart
E007628,C00954,2023-06-07 03:40:00,page_view
E007629,C00954,2024-07-20 18:32:00,add_to_cart
E007630,C00954,2023-09-21 15:02:00,page_view
E007631,C00954,2023-02-10 02:09:00,page_view
E007632,C00954,2023-10-19 00:34:00,page_view
E007633,C00955,2024-01-08 08:10:00,add_to_cart
E007634,C00955,2025-11-24 01:05:00,search
E007635,C00955,2025-09-09 21:26:00,app_open
E007636,C00955,2025-03-12 19:29:00,app_open
E007637,C00955,2024-11-01 00:20:00,app_open
E007638,C00955,2024-09-03 01:05:00,add_to_cart
E007639,C00955,2025-11-05 20:57:00,page_view
E007640,C00955,2023-01-14 15:59:00,app_open
E007641,C00956,2025-10-28 06:44:00,page_view
E007642,C00956,2025-09-13 07:59:00,search
E007643,C00956,2023-05-08 01:53:00,search
E007644,C00956,2023-12-13 05:16:00,search
E007645,C00956,2023-03-08 08:43:00,page_view
E007646,C00956,2025-10-30 09:41:00,add_to_cart
E007647,C00956,2024-04-26 22:27:00,page_view
E007648,C00956,2023-04-20 18:15:00,search
E007649,C00957,2023-12-22 16:39:00,app_open
E007650,C00957,2023-11-08 00:10:00,page_view
E007651,C00957,2025-07-06 07:15:00,page_view
E007652,C00957,2024-06-11 16:32:00,page_view
E007653,C00957,2024-04-04 08:23:00,app_open
E007654,C00957,2024-04-20 10:56:00,add_to_cart
E007655,C00957,2023-04-09 16:21:00,app_open
E007656,C00957,2025-09-01 08:51:00,app_open
E007657,C00958,2025-08-09 19:13:00,page_view
E007658,C00958,2023-12-28 16:26:00,add_to_cart
E007659,C00958,2024-06-16 16:37:00,add_to_cart
E007660,C00958,2024-08-25 22:13:00,app_open
E007661,C00958,2024-12-01 04:16:00,app_open
E007662,C00958,2023-01-12 06:03:00,search
E007663,C00958,2024-07-23 03:45:00,add_to_cart
E007664,C00958,2025-02-14 01:50:00,add_to_cart
E007665,C00959,2024-04-12 16:07:00,page_view
E007666,C00959,2025-11-07 12:21:00,app_open
E007667,C00959,2024-04-08 12:53:00,add_to_cart
E007668,C00959,2023-06-14 03:19:00,add_to_cart
E007669,C00959,2024-05-18 18:06:00,add_to_cart
E007670,C00959,2024-12-04 06:05:00,search
E007671,C00959,2025-04-19 13:43:00,search
E007672,C00959,2024-11-11 09:39:00,app_open
E007673,C00960,2024-04-02 20:21:00,page_view
E007674,C00960,2024-10-29 06:41:00,app_open
E007675,C00960,2023-04-22 11:17:00,add_to_cart
E007676,C00960,2024-01-02 21:52:00,add_to_cart
E007677,C00960,2023-06-06 14:39:00,search
E007678,C00960,2024-03-28 18:22:00,search
E007679,C00960,2024-08-22 17:48:00,search
E007680,C00960,2024-12-09 07:54:00,search
E007681,C00961,2023-05-06 02:41:00,page_view
E007682,C00961,2025-09-23 23:00:00,page_view
E007683,C00961,2025-01-20 02:39:00,add_to_cart
E007684,C00961,2023-03-22 05:07:00,search
E007685,C00961,2023-04-01 15:16:00,add_to_cart
E007686,C00961,2024-08-25 00:11:00,add_to_cart
E007687,C00961,2023-11-28 05:48:00,app_open
E007688,C00961,2025-02-11 16:43:00,add_to_cart
E007689,C00962,2025-04-02 23:19:00,add_to_cart
E007690,C00962,2024-01-29 15:25:00,search
E007691,C00962,2025-07-06 07:02:00,search
E007692,C00962,2023-05-08 10:41:00,app_open
E007693,C00962,2025-04-26 10:30:00,app_open
E007694,C00962,2025-06-07 05:07:00,page_view
E007695,C00962,2025-11-22 10:52:00,search
E007696,C00962,2025-03-09 19:36:00,page_view
E007697,C00963,2025-10-16 14:25:00,page_view
E007698,C00963,2025-11-25 19:08:00,search
E007699,C00963,2024-04-17 09:41:00,add_to_cart
E007700,C00963,2025-03-23 12:07:00,add_to_cart
E007701,C00963,2025-10-12 03:23:00,app_open
E007702,C00963,2023-01-19 11:06:00,app_open
E007703,C00963,2025-05-10 15:56:00,app_open
E007704,C00963,2023-02-03 21:07:00,search
E007705,C00964,2024-04-16 02:58:00,app_open
E007706,C00964,2023-08-04 20:21:00,page_view
E007707,C00964,2025-07-12 06:54:00,search
E007708,C00964,2024-10-03 13:34:00,add_to_cart
E007709,C00964,2025-04-08 20:23:00,search
E007710,C00964,2023-10-30 13:19:00,app_open
E007711,C00964,2025-04-27 00:47:00,add_to_cart
E007712,C00964,2025-10-26 19:17:00,search
E007713,C00965,2025-03-13 08:53:00,app_open
E007714,C00965,2023-09-06 05:39:00,page_view
E007715,C00965,2025-07-26 14:51:00,app_open
E007716,C00965,2024-02-27 14:39:00,add_to_cart
E007717,C00965,2023-10-20 16:54:00,page_view
E007718,C00965,2024-04-04 12:02:00,add_to_cart
E007719,C00965,2024-09-30 04:50:00,search
E007720,C00965,2024-06-04 11:08:00,add_to_cart
E007721,C00966,2023-11-27 19:17:00,page_view
E007722,C00966,2024-05-02 19:21:00,search
E007723,C00966,2023-07-02 02:43:00,page_view
E007724,C00966,2023-06-07 08:34:00,page_view
E007725,C00966,2025-12-06 21:32:00,app_open
E007726,C00966,2023-09-21 21:24:00,add_to_cart
E007727,C00966,2024-12-27 10:51:00,app_open
E007728,C00966,2023-12-10 10:06:00,search
E007729,C00967,2023-07-24 16:44:00,page_view
E007730,C00967,2025-10-30 04:55:00,search
E007731,C00967,2024-10-24 03:59:00,search
E007732,C00967,2023-05-30 19:18:00,add_to_cart
E007733,C00967,2025-05-08 23:08:00,app_open
E007734,C00967,2025-06-23 15:53:00,page_view
E007735,C00967,2024-01-26 21:17:00,app_open
E007736,C00967,2023-07-22 14:14:00,page_view
E007737,C00968,2024-12-21 19:34:00,add_to_cart
E007738,C00968,2023-11-18 12:38:00,search
E007739,C00968,2023-06-20 21:49:00,search
E007740,C00968,2024-08-05 13:26:00,search
E007741,C00968,2025-12-22 11:44:00,add_to_cart
E007742,C00968,2025-12-10 11:18:00,page_view
E007743,C00968,2024-08-25 08:32:00,app_open
E007744,C00968,2023-06-03 05:53:00,add_to_cart
E007745,C00969,2025-04-26 00:32:00,page_view
E007746,C00969,2025-04-05 15:40:00,app_open
E007747,C00969,2023-02-13 22:20:00,add_to_cart
E007748,C00969,2025-01-23 17:22:00,app_open
E007749,C00969,2023-03-05 02:56:00,search
E007750,C00969,2025-05-21 02:21:00,search
E007751,C00969,2023-07-05 17:24:00,add_to_cart
E007752,C00969,2024-03-11 13:29:00,search
E007753,C00970,2023-02-26 11:31:00,page_view
E007754,C00970,2024-02-02 03:59:00,search
E007755,C00970,2024-12-28 01:54:00,search
E007756,C00970,2023-10-02 01:25:00,app_open
E007757,C00970,2023-01-24 20:09:00,search
E007758,C00970,2024-03-28 19:08:00,app_open
E007759,C00970,2024-04-14 01:36:00,search
E007760,C00970,2023-04-25 02:00:00,add_to_cart
E007761,C00971,2023-04-23 15:57:00,app_open
E007762,C00971,2025-05-01 09:39:00,search
E007763,C00971,2023-12-13 07:32:00,search
E007764,C00971,2023-01-19 07:04:00,add_to_cart
E007765,C00971,2025-01-27 03:10:00,page_view
E007766,C00971,2023-03-13 21:05:00,page_view
E007767,C00971,2025-01-30 14:54:00,app_open
E007768,C00971,2025-04-04 20:40:00,add_to_cart
E007769,C00972,2023-12-12 23:47:00,add_to_cart
E007770,C00972,2023-02-19 06:57:00,add_to_cart
E007771,C00972,2024-10-02 18:23:00,page_view
E007772,C00972,2024-02-23 11:30:00,search
E007773,C00972,2024-11-25 19:22:00,add_to_cart
E007774,C00972,2023-05-04 14:18:00,add_to_cart
E007775,C00972,2024-10-28 13:36:00,app_open
E007776,C00972,2024-01-18 12:30:00,app_open
E007777,C00973,2024-07-23 19:38:00,page_view
E007778,C00973,2023-04-27 22:22:00,app_open
E007779,C00973,2023-12-09 21:06:00,search
E007780,C00973,2024-05-03 04:30:00,app_open
E007781,C00973,2024-04-21 17:15:00,add_to_cart
E007782,C00973,2024-01-21 21:51:00,page_view
E007783,C00973,2023-10-21 20:52:00,page_view
E007784,C00973,2025-05-29 13:26:00,app_open
E007785,C00974,2025-12-05 18:57:00,search
E007786,C00974,2025-08-06 16:43:00,search
E007787,C00974,2024-11-17 01:08:00,add_to_cart
E007788,C00974,2024-02-15 02:13:00,add_to_cart
E007789,C00974,2023-07-21 23:07:00,page_view
E007790,C00974,2023-05-25 01:42:00,search
E007791,C00974,2025-12-01 13:01:00,page_view
E007792,C00974,2024-02-24 23:55:00,app_open
E007793,C00975,2023-04-26 10:26:00,add_to_cart
E007794,C00975,2024-05-12 05:23:00,page_view
E007795,C00975,2025-01-22 01:59:00,app_open
E007796,C00975,2023-02-10 14:24:00,app_open
E007797,C00975,2023-02-10 13:48:00,app_open
E007798,C00975,2024-01-18 07:00:00,page_view
E007799,C00975,2025-08-24 04:37:00,search
E007800,C00975,2024-03-04 11:01:00,page_view
E007801,C00976,2023-03-02 16:37:00,page_view
E007802,C00976,2024-04-01 23:56:00,app_open
E007803,C00976,2023-12-20 13:22:00,add_to_cart
E007804,C00976,2024-04-21 05:11:00,search
E007805,C00976,2023-03-24 20:35:00,page_view
E007806,C00976,2023-01-05 14:33:00,page_view
E007807,C00976,2023-07-17 12:41:00,add_to_cart
E007808,C00976,2025-02-12 12:47:00,page_view
E007809,C00977,2024-12-12 23:08:00,page_view
E007810,C00977,2024-01-18 13:13:00,page_view
E007811,C00977,2025-02-24 18:17:00,app_open
E007812,C00977,2023-01-27 08:32:00,page_view
E007813,C00977,2025-01-23 11:18:00,app_open
E007814,C00977,2025-07-12 00:06:00,search
E007815,C00977,2025-03-13 06:34:00,add_to_cart
E007816,C00977,2023-04-14 02:57:00,search
E007817,C00978,2023-09-02 00:16:00,app_open
E007818,C00978,2024-02-09 17:50:00,add_to_cart
E007819,C00978,2024-05-05 03:04:00,add_to_cart
E007820,C00978,2023-05-04 23:16:00,search
E007821,C00978,2025-10-20 09:13:00,search
E007822,C00978,2023-11-06 23:47:00,page_view
E007823,C00978,2025-07-25 09:00:00,add_to_cart
E007824,C00978,2024-01-04 19:23:00,app_open
E007825,C00979,2023-04-16 02:05:00,app_open
E007826,C00979,2025-10-14 05:08:00,app_open
E007827,C00979,2024-12-03 20:44:00,page_view
E007828,C00979,2023-07-17 05:14:00,page_view
E007829,C00979,2024-06-01 09:52:00,app_open
E007830,C00979,2025-03-17 22:15:00,add_to_cart
E007831,C00979,2025-06-19 22:07:00,search
E007832,C00979,2025-10-16 03:47:00,page_view
E007833,C00980,2024-03-27 20:17:00,add_to_cart
E007834,C00980,2023-04-04 17:02:00,add_to_cart
E007835,C00980,2023-09-10 13:32:00,page_view
E007836,C00980,2023-08-10 21:37:00,add_to_cart
E007837,C00980,2023-03-11 08:44:00,add_to_cart
E007838,C00980,2023-12-17 16:14:00,add_to_cart
E007839,C00980,2023-12-10 06:20:00,add_to_cart
E007840,C00980,2025-10-28 12:37:00,search
E007841,C00981,2025-01-24 23:37:00,add_to_cart
E007842,C00981,2023-09-12 10:57:00,add_to_cart
E007843,C00981,2025-05-30 17:14:00,app_open
E007844,C00981,2024-05-22 16:17:00,search
E007845,C00981,2023-02-08 10:32:00,page_view
E007846,C00981,2025-08-11 23:05:00,add_to_cart
E007847,C00981,2025-09-07 00:46:00,search
E007848,C00981,2023-02-21 02:35:00,app_open
E007849,C00982,2025-11-18 18:12:00,app_open
E007850,C00982,2024-07-01 02:48:00,add_to_cart
E007851,C00982,2025-10-01 07:35:00,search
E007852,C00982,2025-08-24 17:28:00,search
E007853,C00982,2024-03-14 01:52:00,add_to_cart
E007854,C00982,2023-10-06 01:21:00,page_view
E007855,C00982,2024-12-09 15:24:00,page_view
E007856,C00982,2024-09-10 19:49:00,search
E007857,C00983,2023-03-01 21:54:00,add_to_cart
E007858,C00983,2024-12-24 10:43:00,add_to_cart
E007859,C00983,2024-07-09 12:55:00,search
E007860,C00983,2025-12-31 09:39:00,search
E007861,C00983,2023-12-07 22:28:00,page_view
E007862,C00983,2025-07-19 05:56:00,add_to_cart
E007863,C00983,2025-10-09 12:31:00,page_view
E007864,C00983,2023-09-03 18:01:00,add_to_cart
E007865,C00984,2025-05-04 11:29:00,add_to_cart
E007866,C00984,2023-11-17 08:07:00,app_open
E007867,C00984,2024-05-10 14:27:00,search
E007868,C00984,2025-09-21 10:08:00,page_view
E007869,C00984,2024-04-19 18:57:00,page_view
E007870,C00984,2024-09-12 16:54:00,page_view
E007871,C00984,2025-02-22 03:46:00,search
E007872,C00984,2025-01-26 13:29:00,app_open
E007873,C00985,2024-05-24 18:57:00,add_to_cart
E007874,C00985,2025-06-13 14:55:00,app_open
E007875,C00985,2025-10-09 18:13:00,add_to_cart
E007876,C00985,2023-08-27 00:09:00,page_view
E007877,C00985,2025-06-03 07:04:00,add_to_cart
E007878,C00985,2025-09-22 00:35:00,add_to_cart
E007879,C00985,2023-11-13 12:57:00,app_open
E007880,C00985,2025-10-25 23:50:00,search
E007881,C00986,2024-02-22 20:35:00,add_to_cart
E007882,C00986,2023-01-26 13:58:00,add_to_cart
E007883,C00986,2024-09-18 15:35:00,app_open
E007884,C00986,2025-03-15 20:58:00,page_view
E007885,C00986,2023-07-09 08:26:00,search
E007886,C00986,2023-10-12 03:45:00,add_to_cart
E007887,C00986,2024-03-10 08:54:00,add_to_cart
E007888,C00986,2023-05-17 01:28:00,add_to_cart
E007889,C00987,2025-11-18 15:09:00,app_open
E007890,C00987,2024-03-22 09:30:00,app_open
E007891,C00987,2025-12-07 03:48:00,search
E007892,C00987,2025-01-06 16:12:00,add_to_cart
E007893,C00987,2025-01-01 13:45:00,page_view
E007894,C00987,2023-01-25 21:07:00,add_to_cart
E007895,C00987,2025-06-01 04:09:00,page_view
E007896,C00987,2025-02-18 00:48:00,search
E007897,C00988,2024-07-03 22:21:00,app_open
E007898,C00988,2024-04-02 11:50:00,search
E007899,C00988,2024-10-14 23:50:00,add_to_cart
E007900,C00988,2023-06-21 18:09:00,add_to_cart
E007901,C00988,2023-12-07 12:28:00,add_to_cart
E007902,C00988,2024-09-14 09:35:00,add_to_cart
E007903,C00988,2024-05-09 22:37:00,add_to_cart
E007904,C00988,2023-10-16 02:39:00,search
E007905,C00989,2024-05-12 19:54:00,add_to_cart
E007906,C00989,2023-11-12 09:58:00,add_to_cart
E007907,C00989,2025-06-07 05:07:00,app_open
E007908,C00989,2023-04-15 21:36:00,search
E007909,C00989,2023-04-19 14:15:00,page_view
E007910,C00989,2023-06-17 20:42:00,page_view
E007911,C00989,2023-03-05 14:31:00,app_open
E007912,C00989,2024-07-11 21:37:00,page_view
E007913,C00990,2024-02-28 22:02:00,app_open
E007914,C00990,2024-01-15 20:13:00,search
E007915,C00990,2025-11-09 16:56:00,app_open
E007916,C00990,2024-06-13 12:10:00,add_to_cart
E007917,C00990,2025-08-08 00:58:00,page_view
E007918,C00990,2024-07-07 21:16:00,app_open
E007919,C00990,2025-10-05 08:46:00,add_to_cart
E007920,C00990,2023-01-10 07:09:00,app_open
E007921,C00991,2025-06-16 11:54:00,add_to_cart
E007922,C00991,2024-08-14 04:01:00,add_to_cart
E007923,C00991,2023-09-18 08:11:00,search
E007924,C00991,2024-02-15 22:13:00,add_to_cart
E007925,C00991,2025-07-05 04:15:00,search
E007926,C00991,2023-04-12 07:32:00,app_open
E007927,C00991,2023-07-09 06:59:00,app_open
E007928,C00991,2024-03-19 20:58:00,app_open
E007929,C00992,2025-03-25 16:32:00,page_view
E007930,C00992,2023-06-06 18:39:00,add_to_cart
E007931,C00992,2024-04-29 05:21:00,search
E007932,C00992,2023-11-06 17:46:00,add_to_cart
E007933,C00992,2023-07-02 02:49:00,search
E007934,C00992,2025-02-26 03:20:00,search
E007935,C00992,2024-05-21 05:30:00,page_view
E007936,C00992,2023-03-31 16:18:00,add_to_cart
E007937,C00993,2024-12-15 10:55:00,add_to_cart
E007938,C00993,2025-05-29 10:31:00,add_to_cart
E007939,C00993,2024-12-16 07:51:00,add_to_cart
E007940,C00993,2023-01-12 02:49:00,search
E007941,C00993,2024-11-29 12:08:00,page_view
E007942,C00993,2023-03-09 14:56:00,add_to_cart
E007943,C00993,2025-12-20 13:17:00,add_to_cart
E007944,C00993,2024-08-03 14:55:00,page_view
E007945,C00994,2025-08-29 15:23:00,search
E007946,C00994,2023-05-10 23:29:00,search
E007947,C00994,2025-10-20 10:49:00,search
E007948,C00994,2023-08-27 16:24:00,search
E007949,C00994,2025-05-03 18:18:00,add_to_cart
E007950,C00994,2025-08-09 12:31:00,search
E007951,C00994,2023-06-29 08:09:00,add_to_cart
E007952,C00994,2025-08-02 00:27:00,search
E007953,C00995,2024-07-22 19:07:00,add_to_cart
E007954,C00995,2025-08-21 13:15:00,page_view
E007955,C00995,2025-03-24 04:03:00,app_open
E007956,C00995,2025-03-20 10:58:00,page_view
E007957,C00995,2024-12-01 10:52:00,search
E007958,C00995,2025-06-03 09:05:00,page_view
E007959,C00995,2024-09-16 16:44:00,page_view
E007960,C00995,2023-06-22 20:53:00,app_open
E007961,C00996,2024-12-19 00:25:00,app_open
E007962,C00996,2024-07-01 13:09:00,search
E007963,C00996,2023-02-23 22:32:00,add_to_cart
E007964,C00996,2024-09-23 07:14:00,app_open
E007965,C00996,2024-04-23 22:16:00,search
E007966,C00996,2023-08-28 22:13:00,app_open
E007967,C00996,2024-10-31 09:41:00,app_open
E007968,C00996,2025-01-11 10:24:00,search
E007969,C00997,2025-06-27 18:02:00,page_view
E007970,C00997,2024-04-21 22:45:00,search
E007971,C00997,2024-05-22 01:39:00,app_open
E007972,C00997,2023-10-05 11:47:00,app_open
E007973,C00997,2024-11-03 10:42:00,search
E007974,C00997,2024-09-13 05:06:00,add_to_cart
E007975,C00997,2025-11-07 09:53:00,search
E007976,C00997,2025-03-07 00:42:00,add_to_cart
E007977,C00998,2025-09-20 14:40:00,add_to_cart
E007978,C00998,2023-11-20 01:28:00,app_open
E007979,C00998,2025-04-27 17:06:00,page_view
E007980,C00998,2025-09-30 01:31:00,search
E007981,C00998,2025-08-30 19:17:00,page_view
E007982,C00998,2024-08-13 20:41:00,add_to_cart
E007983,C00998,2023-09-16 17:28:00,add_to_cart
E007984,C00998,2025-10-30 13:02:00,page_view
E007985,C00999,2025-06-23 20:45:00,page_view
E007986,C00999,2023-10-18 13:08:00,search
E007987,C00999,2024-07-25 13:44:00,app_open
E007988,C00999,2025-03-09 19:28:00,search
E007989,C00999,2024-01-15 05:56:00,search
E007990,C00999,2024-02-23 16:54:00,search
E007991,C00999,2024-03-15 07:48:00,add_to_cart
E007992,C00999,2024-02-19 04:36:00,add_to_cart
E007993,C01000,2023-09-18 15:15:00,app_open
E007994,C01000,2024-11-27 01:21:00,search
E007995,C01000,2024-11-13 02:25:00,add_to_cart
E007996,C01000,2023-07-04 13:57:00,add_to_cart
E007997,C01000,2025-09-07 18:06:00,page_view
E007998,C01000,2025-11-01 02:35:00,search
E007999,C01000,2023-09-16 20:56:00,add_to_cart
E008000,C01000,2025-07-07 18:28:00,search
E008001,C01001,2025-04-08 23:30:00,search
E008002,C01001,2024-01-12 10:15:00,search
E008003,C01001,2025-02-02 17:19:00,add_to_cart
E008004,C01001,2025-03-16 13:09:00,app_open
E008005,C01001,2025-05-31 04:55:00,search
E008006,C01001,2024-04-30 19:35:00,page_view
E008007,C01001,2023-05-22 04:51:00,search
E008008,C01001,2024-05-08 18:41:00,search
E008009,C01002,2025-02-04 23:55:00,app_open
E008010,C01002,2024-05-02 05:30:00,page_view
E008011,C01002,2023-07-22 14:22:00,add_to_cart
E008012,C01002,2024-05-26 18:28:00,search
E008013,C01002,2023-02-05 11:24:00,app_open
E008014,C01002,2023-07-05 07:12:00,app_open
E008015,C01002,2024-03-03 08:12:00,add_to_cart
E008016,C01002,2024-12-04 02:44:00,app_open
E008017,C01003,2024-03-10 04:24:00,app_open
E008018,C01003,2025-08-02 14:54:00,add_to_cart
E008019,C01003,2025-12-16 05:58:00,page_view
E008020,C01003,2025-01-27 20:11:00,page_view
E008021,C01003,2025-09-26 10:06:00,search
E008022,C01003,2025-12-12 13:02:00,search
E008023,C01003,2025-09-16 03:28:00,page_view
E008024,C01003,2025-11-27 11:04:00,page_view
E008025,C01004,2023-11-03 17:40:00,page_view
E008026,C01004,2025-03-07 05:25:00,add_to_cart
E008027,C01004,2024-12-07 11:44:00,app_open
E008028,C01004,2025-10-14 13:52:00,search
E008029,C01004,2025-07-26 19:38:00,search
E008030,C01004,2023-03-09 06:52:00,app_open
E008031,C01004,2023-09-24 13:08:00,search
E008032,C01004,2024-09-03 00:01:00,search
E008033,C01005,2023-11-02 21:55:00,add_to_cart
E008034,C01005,2023-11-15 19:50:00,search
E008035,C01005,2023-08-23 00:12:00,page_view
E008036,C01005,2024-12-11 13:23:00,app_open
E008037,C01005,2023-05-03 12:36:00,page_view
E008038,C01005,2025-04-03 14:24:00,page_view
E008039,C01005,2023-03-16 22:47:00,add_to_cart
E008040,C01005,2023-09-23 19:02:00,app_open
E008041,C01006,2024-04-04 20:48:00,search
E008042,C01006,2023-11-05 06:02:00,page_view
E008043,C01006,2025-12-10 10:43:00,add_to_cart
E008044,C01006,2025-10-19 02:08:00,app_open
E008045,C01006,2025-12-02 13:51:00,page_view
E008046,C01006,2025-01-23 12:42:00,page_view
E008047,C01006,2023-11-21 22:45:00,app_open
E008048,C01006,2023-05-06 09:48:00,search
E008049,C01007,2024-05-03 13:03:00,page_view
E008050,C01007,2025-08-12 23:31:00,page_view
E008051,C01007,2025-05-22 10:48:00,app_open
E008052,C01007,2023-02-06 13:56:00,search
E008053,C01007,2025-01-12 22:15:00,page_view
E008054,C01007,2024-08-05 21:26:00,add_to_cart
E008055,C01007,2023-06-08 22:09:00,search
E008056,C01007,2023-07-29 07:10:00,app_open
E008057,C01008,2024-04-21 23:30:00,app_open
E008058,C01008,2023-06-09 03:20:00,page_view
E008059,C01008,2024-03-20 22:39:00,search
E008060,C01008,2023-11-09 08:25:00,add_to_cart
E008061,C01008,2025-06-24 00:56:00,app_open
E008062,C01008,2025-10-02 14:48:00,add_to_cart
E008063,C01008,2025-03-29 15:10:00,page_view
E008064,C01008,2025-12-09 02:50:00,add_to_cart
E008065,C01009,2023-02-03 21:53:00,search
E008066,C01009,2024-07-08 14:59:00,page_view
E008067,C01009,2023-01-12 10:43:00,add_to_cart
E008068,C01009,2023-07-29 09:23:00,add_to_cart
E008069,C01009,2023-01-18 10:48:00,page_view
E008070,C01009,2025-02-14 20:24:00,search
E008071,C01009,2024-10-19 01:08:00,add_to_cart
E008072,C01009,2025-11-27 08:59:00,add_to_cart
E008073,C01010,2025-07-22 20:03:00,app_open
E008074,C01010,2024-01-21 19:16:00,page_view
E008075,C01010,2024-10-08 19:12:00,add_to_cart
E008076,C01010,2024-07-02 23:41:00,app_open
E008077,C01010,2025-05-04 04:17:00,add_to_cart
E008078,C01010,2025-08-07 17:24:00,app_open
E008079,C01010,2025-04-03 06:58:00,app_open
E008080,C01010,2023-10-31 18:35:00,app_open
E008081,C01011,2025-09-07 02:46:00,page_view
E008082,C01011,2024-01-24 07:39:00,search
E008083,C01011,2024-08-22 06:24:00,page_view
E008084,C01011,2024-02-04 02:42:00,search
E008085,C01011,2023-02-03 10:41:00,search
E008086,C01011,2024-09-15 22:41:00,add_to_cart
E008087,C01011,2025-08-06 09:17:00,app_open
E008088,C01011,2024-04-19 03:22:00,search
E008089,C01012,2024-09-22 15:38:00,search
E008090,C01012,2025-10-13 14:11:00,app_open
E008091,C01012,2023-11-29 13:57:00,add_to_cart
E008092,C01012,2024-06-07 03:07:00,add_to_cart
E008093,C01012,2024-03-20 02:47:00,page_view
E008094,C01012,2023-08-23 16:25:00,search
E008095,C01012,2023-05-26 10:40:00,app_open
E008096,C01012,2024-07-27 18:46:00,app_open
E008097,C01013,2025-10-06 21:14:00,add_to_cart
E008098,C01013,2024-09-09 12:11:00,search
E008099,C01013,2024-11-16 11:04:00,page_view
E008100,C01013,2023-09-11 07:28:00,add_to_cart
E008101,C01013,2023-05-08 19:06:00,app_open
E008102,C01013,2025-04-28 05:26:00,app_open
E008103,C01013,2025-06-25 16:11:00,search
E008104,C01013,2025-03-26 19:11:00,search
E008105,C01014,2025-08-07 12:28:00,add_to_cart
E008106,C01014,2024-09-12 08:58:00,add_to_cart
E008107,C01014,2023-10-04 23:13:00,page_view
E008108,C01014,2024-07-30 14:09:00,add_to_cart
E008109,C01014,2024-10-08 21:32:00,app_open
E008110,C01014,2024-10-15 10:22:00,add_to_cart
E008111,C01014,2024-07-29 05:28:00,add_to_cart
E008112,C01014,2025-08-27 19:28:00,app_open
E008113,C01015,2025-08-13 21:14:00,page_view
E008114,C01015,2023-03-05 13:01:00,page_view
E008115,C01015,2024-04-10 11:21:00,add_to_cart
E008116,C01015,2024-11-02 06:37:00,add_to_cart
E008117,C01015,2025-11-02 09:33:00,search
E008118,C01015,2024-12-18 17:30:00,search
E008119,C01015,2024-02-17 14:46:00,app_open
E008120,C01015,2023-08-28 13:33:00,page_view
E008121,C01016,2023-09-22 15:51:00,add_to_cart
E008122,C01016,2023-11-07 17:20:00,page_view
E008123,C01016,2024-01-30 15:27:00,add_to_cart
E008124,C01016,2024-09-26 07:42:00,app_open
E008125,C01016,2023-01-03 21:08:00,add_to_cart
E008126,C01016,2024-07-05 19:56:00,search
E008127,C01016,2025-08-25 00:18:00,page_view
E008128,C01016,2024-03-27 16:17:00,app_open
E008129,C01017,2023-07-30 16:23:00,add_to_cart
E008130,C01017,2024-08-30 09:58:00,app_open
E008131,C01017,2025-08-03 13:58:00,page_view
E008132,C01017,2024-01-26 18:08:00,page_view
E008133,C01017,2023-05-25 07:29:00,search
E008134,C01017,2024-01-05 03:52:00,add_to_cart
E008135,C01017,2023-09-27 05:30:00,search
E008136,C01017,2024-06-04 00:13:00,search
E008137,C01018,2024-02-12 12:25:00,search
E008138,C01018,2023-08-26 06:01:00,page_view
E008139,C01018,2023-05-16 10:24:00,page_view
E008140,C01018,2024-05-08 11:32:00,app_open
E008141,C01018,2023-05-05 22:31:00,search
E008142,C01018,2023-11-25 12:27:00,page_view
E008143,C01018,2025-11-05 05:53:00,search
E008144,C01018,2023-02-12 14:38:00,page_view
E008145,C01019,2025-07-10 09:58:00,app_open
E008146,C01019,2024-12-08 14:02:00,app_open
E008147,C01019,2024-06-15 08:27:00,search
E008148,C01019,2025-12-09 04:46:00,page_view
E008149,C01019,2025-07-12 18:32:00,search
E008150,C01019,2025-03-13 10:39:00,search
E008151,C01019,2023-04-13 21:04:00,app_open
E008152,C01019,2024-03-28 06:52:00,page_view
E008153,C01020,2023-08-29 01:15:00,search
E008154,C01020,2023-01-17 18:38:00,page_view
E008155,C01020,2023-11-19 17:37:00,page_view
E008156,C01020,2025-06-10 22:03:00,add_to_cart
E008157,C01020,2023-01-28 22:28:00,search
E008158,C01020,2023-03-01 17:45:00,search
E008159,C01020,2025-06-06 00:22:00,add_to_cart
E008160,C01020,2023-12-15 00:30:00,page_view
E008161,C01021,2024-11-07 03:02:00,app_open
E008162,C01021,2024-04-13 16:20:00,search
E008163,C01021,2023-02-25 00:40:00,app_open
E008164,C01021,2023-09-28 21:44:00,page_view
E008165,C01021,2023-03-06 11:16:00,page_view
E008166,C01021,2023-02-13 00:06:00,search
E008167,C01021,2023-08-16 17:25:00,add_to_cart
E008168,C01021,2024-03-29 23:49:00,page_view
E008169,C01022,2025-09-21 17:14:00,add_to_cart
E008170,C01022,2023-12-29 12:51:00,page_view
E008171,C01022,2023-02-12 16:44:00,add_to_cart
E008172,C01022,2024-05-27 22:16:00,add_to_cart
E008173,C01022,2024-09-19 16:46:00,add_to_cart
E008174,C01022,2025-03-26 06:56:00,search
E008175,C01022,2025-01-10 21:03:00,search
E008176,C01022,2023-03-25 21:10:00,add_to_cart
E008177,C01023,2024-07-26 06:12:00,search
E008178,C01023,2024-10-25 12:17:00,page_view
E008179,C01023,2024-02-04 23:23:00,search
E008180,C01023,2023-09-24 10:24:00,page_view
E008181,C01023,2024-06-07 03:33:00,page_view
E008182,C01023,2023-04-11 20:07:00,app_open
E008183,C01023,2025-08-19 19:00:00,add_to_cart
E008184,C01023,2025-05-23 23:03:00,add_to_cart
E008185,C01024,2023-10-10 16:00:00,page_view
E008186,C01024,2023-02-19 01:28:00,add_to_cart
E008187,C01024,2025-02-19 18:15:00,search
E008188,C01024,2024-09-01 08:52:00,search
E008189,C01024,2025-09-21 20:32:00,search
E008190,C01024,2024-07-16 21:31:00,add_to_cart
E008191,C01024,2024-02-01 05:40:00,search
E008192,C01024,2024-09-05 02:42:00,add_to_cart
E008193,C01025,2024-05-27 15:52:00,search
E008194,C01025,2024-10-12 13:18:00,app_open
E008195,C01025,2024-01-26 03:44:00,app_open
E008196,C01025,2023-08-12 01:22:00,app_open
E008197,C01025,2025-06-03 16:41:00,search
E008198,C01025,2023-07-21 16:53:00,add_to_cart
E008199,C01025,2024-11-21 23:59:00,page_view
E008200,C01025,2025-09-16 17:39:00,search
E008201,C01026,2023-11-20 05:18:00,add_to_cart
E008202,C01026,2024-05-01 09:30:00,add_to_cart
E008203,C01026,2024-12-26 23:08:00,app_open
E008204,C01026,2024-01-16 09:23:00,page_view
E008205,C01026,2024-12-19 02:47:00,app_open
E008206,C01026,2025-12-13 14:01:00,page_view
E008207,C01026,2023-03-09 14:48:00,page_view
E008208,C01026,2023-01-15 12:19:00,add_to_cart
E008209,C01027,2023-12-16 18:30:00,search
E008210,C01027,2023-07-12 21:05:00,add_to_cart
E008211,C01027,2024-03-31 13:33:00,page_view
E008212,C01027,2024-01-05 11:37:00,add_to_cart
E008213,C01027,2025-10-07 02:30:00,add_to_cart
E008214,C01027,2023-07-13 07:24:00,page_view
E008215,C01027,2024-01-05 15:24:00,page_view
E008216,C01027,2024-05-18 06:57:00,page_view
E008217,C01028,2025-07-25 21:59:00,add_to_cart
E008218,C01028,2024-02-12 05:02:00,search
E008219,C01028,2024-11-28 06:48:00,search
E008220,C01028,2025-02-08 00:00:00,search
E008221,C01028,2025-06-01 01:01:00,page_view
E008222,C01028,2025-07-20 03:21:00,search
E008223,C01028,2023-12-07 13:01:00,search
E008224,C01028,2023-12-14 04:01:00,app_open
E008225,C01029,2023-08-10 21:03:00,add_to_cart
E008226,C01029,2023-09-26 06:45:00,search
E008227,C01029,2024-01-21 09:52:00,search
E008228,C01029,2025-02-13 19:38:00,add_to_cart
E008229,C01029,2023-09-27 04:05:00,page_view
E008230,C01029,2023-09-16 19:49:00,app_open
E008231,C01029,2025-09-30 00:35:00,search
E008232,C01029,2025-09-03 09:05:00,add_to_cart
E008233,C01030,2023-03-23 12:24:00,page_view
E008234,C01030,2023-08-22 06:42:00,search
E008235,C01030,2024-01-02 19:26:00,app_open
E008236,C01030,2024-11-15 12:35:00,page_view
E008237,C01030,2023-11-06 02:31:00,search
E008238,C01030,2023-08-20 01:18:00,page_view
E008239,C01030,2023-10-12 06:41:00,app_open
E008240,C01030,2024-09-09 16:01:00,app_open
E008241,C01031,2025-12-07 22:25:00,app_open
E008242,C01031,2024-09-15 18:42:00,page_view
E008243,C01031,2023-06-09 02:37:00,page_view
E008244,C01031,2024-08-09 09:49:00,add_to_cart
E008245,C01031,2023-06-21 14:02:00,app_open
E008246,C01031,2025-12-30 12:01:00,add_to_cart
E008247,C01031,2023-07-03 17:54:00,page_view
E008248,C01031,2025-03-29 01:29:00,add_to_cart
E008249,C01032,2024-06-06 04:53:00,app_open
E008250,C01032,2025-05-17 15:07:00,search
E008251,C01032,2024-12-07 15:30:00,app_open
E008252,C01032,2025-11-02 06:34:00,search
E008253,C01032,2023-07-10 15:09:00,search
E008254,C01032,2023-08-24 11:45:00,add_to_cart
E008255,C01032,2024-09-18 23:38:00,search
E008256,C01032,2025-01-26 04:04:00,page_view
E008257,C01033,2023-01-28 14:59:00,search
E008258,C01033,2023-09-28 06:03:00,app_open
E008259,C01033,2025-04-30 03:34:00,app_open
E008260,C01033,2024-06-09 02:25:00,search
E008261,C01033,2024-04-17 14:26:00,page_view
E008262,C01033,2024-12-21 06:44:00,app_open
E008263,C01033,2023-05-03 06:24:00,add_to_cart
E008264,C01033,2025-03-11 16:56:00,search
E008265,C01034,2025-01-18 17:26:00,add_to_cart
E008266,C01034,2025-04-25 04:02:00,add_to_cart
E008267,C01034,2024-10-20 16:19:00,page_view
E008268,C01034,2023-11-06 02:59:00,add_to_cart
E008269,C01034,2023-04-29 13:17:00,page_view
E008270,C01034,2025-07-31 12:07:00,add_to_cart
E008271,C01034,2024-01-02 09:13:00,page_view
E008272,C01034,2023-05-20 10:55:00,page_view
E008273,C01035,2023-03-10 16:42:00,page_view
E008274,C01035,2024-06-13 01:12:00,page_view
E008275,C01035,2023-04-20 15:17:00,app_open
E008276,C01035,2024-11-21 06:57:00,search
E008277,C01035,2025-03-27 21:20:00,app_open
E008278,C01035,2023-04-16 02:46:00,search
E008279,C01035,2025-02-24 07:13:00,add_to_cart
E008280,C01035,2024-07-08 09:09:00,search
E008281,C01036,2023-07-17 06:07:00,add_to_cart
E008282,C01036,2023-01-23 19:24:00,page_view
E008283,C01036,2025-12-27 01:25:00,search
E008284,C01036,2023-02-18 12:27:00,app_open
E008285,C01036,2024-08-04 21:44:00,add_to_cart
E008286,C01036,2023-06-06 13:35:00,search
E008287,C01036,2023-07-08 04:31:00,search
E008288,C01036,2025-05-12 19:27:00,search
E008289,C01037,2023-07-21 01:19:00,search
E008290,C01037,2025-08-13 12:47:00,app_open
E008291,C01037,2024-08-30 06:44:00,page_view
E008292,C01037,2024-11-29 21:09:00,page_view
E008293,C01037,2023-02-14 16:24:00,app_open
E008294,C01037,2024-10-31 00:14:00,search
E008295,C01037,2024-06-04 01:02:00,add_to_cart
E008296,C01037,2023-04-22 00:32:00,add_to_cart
E008297,C01038,2024-12-09 16:45:00,search
E008298,C01038,2023-02-07 09:30:00,search
E008299,C01038,2024-01-31 19:21:00,page_view
E008300,C01038,2025-08-22 12:48:00,page_view
E008301,C01038,2024-02-13 20:41:00,page_view
E008302,C01038,2023-11-24 05:02:00,add_to_cart
E008303,C01038,2024-12-08 15:11:00,search
E008304,C01038,2024-10-31 21:51:00,search
E008305,C01039,2025-04-27 07:23:00,app_open
E008306,C01039,2024-06-28 10:48:00,add_to_cart
E008307,C01039,2024-05-13 20:22:00,app_open
E008308,C01039,2025-11-25 15:50:00,search
E008309,C01039,2023-10-12 15:52:00,app_open
E008310,C01039,2023-10-11 16:15:00,add_to_cart
E008311,C01039,2025-10-17 12:05:00,add_to_cart
E008312,C01039,2024-08-16 17:23:00,page_view
E008313,C01040,2024-10-17 23:52:00,search
E008314,C01040,2024-10-26 02:17:00,add_to_cart
E008315,C01040,2023-04-19 05:04:00,app_open
E008316,C01040,2025-11-04 08:52:00,page_view
E008317,C01040,2024-06-08 10:48:00,app_open
E008318,C01040,2025-12-28 13:25:00,search
E008319,C01040,2025-02-17 17:37:00,page_view
E008320,C01040,2023-12-28 10:27:00,add_to_cart
E008321,C01041,2025-01-11 05:03:00,add_to_cart
E008322,C01041,2025-08-03 20:50:00,app_open
E008323,C01041,2023-06-07 01:26:00,add_to_cart
E008324,C01041,2024-12-15 03:36:00,add_to_cart
E008325,C01041,2023-08-02 22:22:00,add_to_cart
E008326,C01041,2024-10-25 20:21:00,search
E008327,C01041,2024-03-11 06:44:00,app_open
E008328,C01041,2025-04-07 22:28:00,app_open
E008329,C01042,2024-04-15 00:39:00,search
E008330,C01042,2025-09-26 03:56:00,app_open
E008331,C01042,2024-10-10 04:08:00,app_open
E008332,C01042,2023-04-14 03:27:00,search
E008333,C01042,2025-06-08 01:01:00,search
E008334,C01042,2023-05-19 04:03:00,search
E008335,C01042,2023-09-12 22:45:00,add_to_cart
E008336,C01042,2023-12-18 20:59:00,app_open
E008337,C01043,2024-06-14 10:30:00,page_view
E008338,C01043,2024-07-24 04:07:00,page_view
E008339,C01043,2025-09-22 11:10:00,page_view
E008340,C01043,2024-07-28 12:32:00,page_view
E008341,C01043,2025-11-17 02:08:00,page_view
E008342,C01043,2024-03-27 03:59:00,search
E008343,C01043,2024-01-06 10:44:00,add_to_cart
E008344,C01043,2023-07-21 12:15:00,search
E008345,C01044,2023-02-17 04:11:00,search
E008346,C01044,2024-08-11 22:41:00,add_to_cart
E008347,C01044,2025-11-15 21:52:00,search
E008348,C01044,2024-07-01 18:47:00,app_open
E008349,C01044,2025-12-18 02:42:00,add_to_cart
E008350,C01044,2023-05-14 06:43:00,search
E008351,C01044,2023-04-12 08:24:00,page_view
E008352,C01044,2024-12-20 15:15:00,app_open
E008353,C01045,2024-11-08 00:10:00,add_to_cart
E008354,C01045,2024-04-11 18:09:00,add_to_cart
E008355,C01045,2023-05-19 15:36:00,app_open
E008356,C01045,2023-05-02 03:04:00,app_open
E008357,C01045,2023-04-18 14:45:00,app_open
E008358,C01045,2024-08-27 13:52:00,app_open
E008359,C01045,2023-07-20 13:39:00,add_to_cart
E008360,C01045,2025-07-02 18:16:00,page_view
E008361,C01046,2024-03-24 02:15:00,add_to_cart
E008362,C01046,2023-09-07 01:41:00,search
E008363,C01046,2023-03-24 08:47:00,add_to_cart
E008364,C01046,2024-12-16 10:05:00,page_view
E008365,C01046,2023-04-11 02:28:00,page_view
E008366,C01046,2024-07-25 13:46:00,page_view
E008367,C01046,2023-06-02 22:56:00,app_open
E008368,C01046,2023-11-21 02:27:00,page_view
E008369,C01047,2025-09-29 20:33:00,add_to_cart
E008370,C01047,2025-10-15 14:54:00,page_view
E008371,C01047,2023-06-25 09:28:00,add_to_cart
E008372,C01047,2025-01-08 07:38:00,add_to_cart
E008373,C01047,2024-07-06 13:34:00,page_view
E008374,C01047,2024-05-24 01:31:00,search
E008375,C01047,2025-01-21 01:10:00,search
E008376,C01047,2024-10-30 13:15:00,app_open
E008377,C01048,2025-12-22 23:45:00,page_view
E008378,C01048,2024-03-02 05:16:00,search
E008379,C01048,2025-04-21 13:17:00,page_view
E008380,C01048,2025-03-13 04:46:00,app_open
E008381,C01048,2024-01-08 09:09:00,app_open
E008382,C01048,2025-03-15 22:15:00,search
E008383,C01048,2025-10-16 05:43:00,search
E008384,C01048,2025-12-17 18:39:00,add_to_cart
E008385,C01049,2024-01-02 08:35:00,page_view
E008386,C01049,2024-09-14 04:20:00,add_to_cart
E008387,C01049,2023-03-12 20:43:00,search
E008388,C01049,2024-09-13 12:30:00,search
E008389,C01049,2025-03-31 18:55:00,app_open
E008390,C01049,2025-09-26 11:31:00,app_open
E008391,C01049,2025-11-22 18:51:00,search
E008392,C01049,2025-02-02 22:34:00,add_to_cart
E008393,C01050,2024-10-22 00:25:00,add_to_cart
E008394,C01050,2025-06-18 19:13:00,search
E008395,C01050,2023-07-08 00:10:00,search
E008396,C01050,2023-06-17 11:49:00,app_open
E008397,C01050,2024-08-09 17:13:00,add_to_cart
E008398,C01050,2023-05-18 21:59:00,search
E008399,C01050,2025-02-13 03:48:00,page_view
E008400,C01050,2023-04-21 13:35:00,page_view
E008401,C01051,2023-12-09 03:33:00,page_view
E008402,C01051,2025-06-16 00:42:00,app_open
E008403,C01051,2024-12-12 00:02:00,page_view
E008404,C01051,2025-01-29 12:58:00,search
E008405,C01051,2024-09-14 11:00:00,add_to_cart
E008406,C01051,2025-04-13 06:24:00,add_to_cart
E008407,C01051,2023-05-04 03:52:00,app_open
E008408,C01051,2023-05-01 12:41:00,search
E008409,C01052,2023-09-19 17:23:00,page_view
E008410,C01052,2025-11-30 03:30:00,add_to_cart
E008411,C01052,2023-06-11 02:13:00,add_to_cart
E008412,C01052,2025-12-24 05:02:00,add_to_cart
E008413,C01052,2024-05-02 13:16:00,page_view
E008414,C01052,2024-09-29 22:43:00,page_view
E008415,C01052,2025-12-10 09:58:00,app_open
E008416,C01052,2024-12-23 05:15:00,search
E008417,C01053,2024-11-25 01:08:00,search
E008418,C01053,2023-06-17 07:36:00,app_open
E008419,C01053,2025-02-12 11:35:00,add_to_cart
E008420,C01053,2025-06-01 17:43:00,app_open
E008421,C01053,2024-03-07 17:16:00,app_open
E008422,C01053,2024-11-06 10:13:00,search
E008423,C01053,2023-10-26 19:16:00,app_open
E008424,C01053,2025-09-04 21:44:00,search
E008425,C01054,2024-12-24 05:04:00,add_to_cart
E008426,C01054,2023-04-09 14:06:00,add_to_cart
E008427,C01054,2023-02-23 12:11:00,page_view
E008428,C01054,2023-06-11 01:41:00,page_view
E008429,C01054,2024-07-12 08:08:00,page_view
E008430,C01054,2024-11-02 22:19:00,app_open
E008431,C01054,2023-10-03 22:51:00,add_to_cart
E008432,C01054,2025-03-14 09:03:00,page_view
E008433,C01055,2024-12-09 02:53:00,page_view
E008434,C01055,2025-04-12 04:19:00,add_to_cart
E008435,C01055,2024-07-07 03:59:00,app_open
E008436,C01055,2023-06-10 17:46:00,add_to_cart
E008437,C01055,2025-05-22 05:52:00,app_open
E008438,C01055,2023-09-27 03:51:00,app_open
E008439,C01055,2025-11-01 23:41:00,search
E008440,C01055,2023-02-13 23:22:00,search
E008441,C01056,2025-03-22 04:43:00,app_open
E008442,C01056,2025-11-06 20:36:00,search
E008443,C01056,2024-04-29 18:17:00,add_to_cart
E008444,C01056,2023-01-10 10:18:00,add_to_cart
E008445,C01056,2025-02-26 22:59:00,search
E008446,C01056,2025-10-28 01:49:00,page_view
E008447,C01056,2025-12-09 12:59:00,add_to_cart
E008448,C01056,2025-09-05 03:34:00,add_to_cart
E008449,C01057,2024-11-16 16:39:00,page_view
E008450,C01057,2025-11-10 15:09:00,app_open
E008451,C01057,2023-06-26 11:19:00,page_view
E008452,C01057,2024-01-16 10:36:00,page_view
E008453,C01057,2023-12-27 12:25:00,page_view
E008454,C01057,2024-03-07 07:36:00,search
E008455,C01057,2025-09-13 19:31:00,search
E008456,C01057,2025-05-31 08:33:00,add_to_cart
E008457,C01058,2025-11-03 04:36:00,page_view
E008458,C01058,2023-05-23 15:24:00,app_open
E008459,C01058,2023-02-26 23:10:00,page_view
E008460,C01058,2023-02-20 21:12:00,page_view
E008461,C01058,2024-06-06 22:32:00,add_to_cart
E008462,C01058,2025-02-14 13:54:00,search
E008463,C01058,2024-01-30 17:24:00,add_to_cart
E008464,C01058,2025-02-26 00:32:00,app_open
E008465,C01059,2025-05-17 10:16:00,search
E008466,C01059,2025-10-17 09:18:00,page_view
E008467,C01059,2023-03-26 19:37:00,add_to_cart
E008468,C01059,2025-07-11 04:35:00,add_to_cart
E008469,C01059,2025-12-06 10:05:00,add_to_cart
E008470,C01059,2024-07-12 08:31:00,page_view
E008471,C01059,2024-09-01 06:31:00,search
E008472,C01059,2023-08-27 20:50:00,add_to_cart
E008473,C01060,2023-12-13 09:34:00,page_view
E008474,C01060,2025-04-06 06:45:00,page_view
E008475,C01060,2025-09-26 20:46:00,app_open
E008476,C01060,2023-04-05 21:55:00,add_to_cart
E008477,C01060,2023-03-11 22:08:00,app_open
E008478,C01060,2024-02-20 23:32:00,add_to_cart
E008479,C01060,2024-04-02 03:00:00,add_to_cart
E008480,C01060,2025-07-26 20:52:00,add_to_cart
E008481,C01061,2023-12-08 10:43:00,page_view
E008482,C01061,2024-08-20 06:39:00,app_open
E008483,C01061,2025-11-02 02:18:00,search
E008484,C01061,2024-12-30 05:05:00,search
E008485,C01061,2025-05-24 06:01:00,app_open
E008486,C01061,2024-08-04 12:56:00,page_view
E008487,C01061,2024-07-11 00:38:00,app_open
E008488,C01061,2025-05-22 22:09:00,search
E008489,C01062,2025-10-31 19:53:00,add_to_cart
E008490,C01062,2024-12-11 02:07:00,app_open
E008491,C01062,2024-07-10 23:20:00,page_view
E008492,C01062,2023-04-12 00:26:00,search
E008493,C01062,2024-08-23 11:04:00,search
E008494,C01062,2025-12-20 21:13:00,app_open
E008495,C01062,2023-05-03 14:08:00,app_open
E008496,C01062,2025-11-11 05:50:00,search
E008497,C01063,2025-03-21 14:05:00,page_view
E008498,C01063,2025-11-24 00:06:00,add_to_cart
E008499,C01063,2023-07-03 06:34:00,add_to_cart
E008500,C01063,2025-11-11 04:15:00,add_to_cart
E008501,C01063,2023-06-30 15:01:00,add_to_cart
E008502,C01063,2024-06-21 18:39:00,search
E008503,C01063,2024-05-08 16:00:00,add_to_cart
E008504,C01063,2023-06-26 09:43:00,page_view
E008505,C01064,2023-06-03 23:28:00,search
E008506,C01064,2024-11-13 06:40:00,page_view
E008507,C01064,2024-05-14 17:07:00,add_to_cart
E008508,C01064,2025-12-16 10:08:00,add_to_cart
E008509,C01064,2024-06-27 20:50:00,add_to_cart
E008510,C01064,2025-02-22 02:19:00,page_view
E008511,C01064,2025-04-03 23:12:00,search
E008512,C01064,2024-05-09 13:29:00,add_to_cart
E008513,C01065,2024-07-06 18:04:00,add_to_cart
E008514,C01065,2024-07-04 06:14:00,app_open
E008515,C01065,2025-12-01 20:02:00,search
E008516,C01065,2025-07-09 11:46:00,add_to_cart
E008517,C01065,2024-07-14 02:26:00,app_open
E008518,C01065,2024-07-13 23:51:00,app_open
E008519,C01065,2024-10-11 01:50:00,add_to_cart
E008520,C01065,2025-10-25 17:38:00,search
E008521,C01066,2025-12-05 14:52:00,search
E008522,C01066,2024-12-30 04:05:00,app_open
E008523,C01066,2024-04-25 11:28:00,add_to_cart
E008524,C01066,2024-09-20 16:43:00,page_view
E008525,C01066,2025-01-09 18:00:00,app_open
E008526,C01066,2025-11-28 00:41:00,page_view
E008527,C01066,2025-06-21 21:42:00,search
E008528,C01066,2024-06-12 09:25:00,page_view
E008529,C01067,2023-06-09 00:10:00,add_to_cart
E008530,C01067,2023-07-14 08:30:00,page_view
E008531,C01067,2023-12-10 13:25:00,search
E008532,C01067,2025-10-25 21:40:00,page_view
E008533,C01067,2023-06-14 02:55:00,add_to_cart
E008534,C01067,2024-01-20 06:25:00,page_view
E008535,C01067,2025-11-16 18:17:00,app_open
E008536,C01067,2025-06-03 19:45:00,page_view
E008537,C01068,2024-02-04 23:38:00,page_view
E008538,C01068,2023-05-24 14:02:00,page_view
E008539,C01068,2024-12-19 11:41:00,app_open
E008540,C01068,2024-12-09 00:20:00,app_open
E008541,C01068,2024-04-21 06:19:00,page_view
E008542,C01068,2025-03-15 08:14:00,add_to_cart
E008543,C01068,2025-04-27 08:36:00,app_open
E008544,C01068,2024-07-10 04:28:00,search
E008545,C01069,2024-03-27 12:12:00,page_view
E008546,C01069,2024-08-04 21:34:00,app_open
E008547,C01069,2024-08-21 15:26:00,app_open
E008548,C01069,2024-07-08 21:29:00,app_open
E008549,C01069,2023-04-24 09:42:00,page_view
E008550,C01069,2025-05-22 17:55:00,app_open
E008551,C01069,2023-02-13 09:21:00,page_view
E008552,C01069,2025-06-09 15:48:00,search
E008553,C01070,2025-05-13 11:26:00,page_view
E008554,C01070,2025-05-25 19:46:00,app_open
E008555,C01070,2023-09-07 14:06:00,page_view
E008556,C01070,2025-12-01 03:01:00,add_to_cart
E008557,C01070,2024-08-01 13:05:00,app_open
E008558,C01070,2023-09-04 04:41:00,add_to_cart
E008559,C01070,2025-07-25 14:54:00,page_view
E008560,C01070,2023-03-26 01:15:00,add_to_cart
E008561,C01071,2023-11-01 09:46:00,page_view
E008562,C01071,2023-07-17 10:36:00,add_to_cart
E008563,C01071,2025-06-14 17:05:00,search
E008564,C01071,2025-01-28 03:24:00,page_view
E008565,C01071,2024-05-27 10:23:00,page_view
E008566,C01071,2025-02-13 00:38:00,page_view
E008567,C01071,2023-03-09 15:09:00,page_view
E008568,C01071,2023-11-03 16:51:00,search
E008569,C01072,2024-09-21 15:41:00,add_to_cart
E008570,C01072,2025-08-29 11:12:00,page_view
E008571,C01072,2025-02-20 02:27:00,search
E008572,C01072,2023-11-13 02:08:00,app_open
E008573,C01072,2025-12-14 15:29:00,add_to_cart
E008574,C01072,2024-07-30 22:43:00,app_open
E008575,C01072,2024-07-04 21:02:00,page_view
E008576,C01072,2024-10-07 14:03:00,page_view
E008577,C01073,2024-11-20 10:45:00,add_to_cart
E008578,C01073,2025-10-06 23:39:00,app_open
E008579,C01073,2025-06-30 09:32:00,app_open
E008580,C01073,2025-12-31 20:49:00,app_open
E008581,C01073,2025-04-10 22:50:00,add_to_cart
E008582,C01073,2023-11-18 01:52:00,search
E008583,C01073,2023-10-20 03:46:00,search
E008584,C01073,2023-06-11 15:41:00,add_to_cart
E008585,C01074,2023-03-15 11:18:00,page_view
E008586,C01074,2023-10-14 00:36:00,add_to_cart
E008587,C01074,2024-03-07 22:32:00,page_view
E008588,C01074,2023-07-26 02:05:00,add_to_cart
E008589,C01074,2023-07-14 17:07:00,search
E008590,C01074,2023-02-25 15:33:00,app_open
E008591,C01074,2025-04-08 19:35:00,search
E008592,C01074,2025-09-25 07:39:00,search
E008593,C01075,2024-12-01 18:20:00,page_view
E008594,C01075,2024-03-28 13:21:00,search
E008595,C01075,2025-06-22 19:18:00,app_open
E008596,C01075,2024-09-05 07:53:00,page_view
E008597,C01075,2023-09-19 21:25:00,page_view
E008598,C01075,2024-08-08 06:31:00,add_to_cart
E008599,C01075,2023-06-30 11:00:00,add_to_cart
E008600,C01075,2023-08-10 02:55:00,app_open
E008601,C01076,2024-09-11 17:51:00,page_view
E008602,C01076,2024-04-21 06:23:00,search
E008603,C01076,2025-08-02 08:14:00,app_open
E008604,C01076,2023-06-12 01:15:00,search
E008605,C01076,2024-01-25 19:50:00,app_open
E008606,C01076,2024-09-16 14:51:00,page_view
E008607,C01076,2023-03-27 17:08:00,add_to_cart
E008608,C01076,2024-04-05 11:01:00,app_open
E008609,C01077,2025-06-23 02:52:00,add_to_cart
E008610,C01077,2023-09-14 01:42:00,page_view
E008611,C01077,2024-06-27 06:28:00,app_open
E008612,C01077,2024-12-02 15:08:00,app_open
E008613,C01077,2024-09-25 22:54:00,page_view
E008614,C01077,2023-07-07 03:47:00,app_open
E008615,C01077,2023-03-31 18:54:00,search
E008616,C01077,2024-11-14 05:44:00,add_to_cart
E008617,C01078,2024-03-14 18:17:00,page_view
E008618,C01078,2025-02-03 01:09:00,search
E008619,C01078,2024-03-26 06:23:00,add_to_cart
E008620,C01078,2025-01-29 07:57:00,page_view
E008621,C01078,2023-03-27 10:20:00,page_view
E008622,C01078,2025-06-27 14:30:00,app_open
E008623,C01078,2024-10-14 21:23:00,app_open
E008624,C01078,2025-10-24 13:47:00,search
E008625,C01079,2024-11-17 07:24:00,add_to_cart
E008626,C01079,2025-04-21 03:53:00,page_view
E008627,C01079,2024-12-10 04:00:00,app_open
E008628,C01079,2023-01-24 16:19:00,search
E008629,C01079,2024-07-20 15:45:00,app_open
E008630,C01079,2024-01-23 11:52:00,search
E008631,C01079,2025-01-19 17:37:00,search
E008632,C01079,2025-01-06 02:24:00,app_open
E008633,C01080,2025-06-19 01:38:00,search
E008634,C01080,2025-06-21 12:06:00,search
E008635,C01080,2023-08-01 10:32:00,add_to_cart
E008636,C01080,2024-01-04 01:13:00,app_open
E008637,C01080,2025-02-02 07:23:00,page_view
E008638,C01080,2025-05-16 15:17:00,search
E008639,C01080,2025-09-14 15:05:00,search
E008640,C01080,2025-12-20 05:32:00,search
E008641,C01081,2024-06-18 18:24:00,add_to_cart
E008642,C01081,2024-06-25 15:01:00,page_view
E008643,C01081,2024-05-06 01:13:00,page_view
E008644,C01081,2024-11-12 18:56:00,search
E008645,C01081,2023-11-10 15:12:00,search
E008646,C01081,2024-01-26 13:00:00,page_view
E008647,C01081,2023-12-08 07:00:00,app_open
E008648,C01081,2023-02-03 15:24:00,search
E008649,C01082,2023-10-14 16:32:00,search
E008650,C01082,2025-05-16 04:58:00,page_view
E008651,C01082,2025-10-11 03:03:00,search
E008652,C01082,2023-05-31 21:03:00,search
E008653,C01082,2025-12-25 05:49:00,search
E008654,C01082,2025-09-05 19:45:00,app_open
E008655,C01082,2023-07-26 17:00:00,add_to_cart
E008656,C01082,2023-01-23 03:18:00,add_to_cart
E008657,C01083,2024-12-08 00:39:00,search
E008658,C01083,2023-06-23 12:35:00,search
E008659,C01083,2024-02-22 10:17:00,search
E008660,C01083,2023-07-24 20:51:00,app_open
E008661,C01083,2024-11-23 15:25:00,add_to_cart
E008662,C01083,2025-02-17 15:15:00,search
E008663,C01083,2023-05-03 22:18:00,page_view
E008664,C01083,2023-05-06 16:16:00,page_view
E008665,C01084,2023-01-25 04:47:00,search
E008666,C01084,2023-09-01 22:40:00,search
E008667,C01084,2025-08-20 16:39:00,app_open
E008668,C01084,2023-01-08 21:31:00,page_view
E008669,C01084,2024-03-14 18:21:00,app_open
E008670,C01084,2024-05-01 21:54:00,search
E008671,C01084,2024-03-20 22:53:00,search
E008672,C01084,2025-08-11 16:12:00,search
E008673,C01085,2023-05-03 00:41:00,app_open
E008674,C01085,2023-03-28 18:42:00,page_view
E008675,C01085,2024-12-15 16:30:00,add_to_cart
E008676,C01085,2025-06-22 21:39:00,search
E008677,C01085,2024-08-08 16:55:00,page_view
E008678,C01085,2023-03-18 18:41:00,add_to_cart
E008679,C01085,2024-05-27 08:52:00,search
E008680,C01085,2024-11-14 15:06:00,page_view
E008681,C01086,2023-05-21 09:02:00,search
E008682,C01086,2023-04-03 00:26:00,app_open
E008683,C01086,2025-01-10 15:03:00,add_to_cart
E008684,C01086,2025-06-14 03:10:00,add_to_cart
E008685,C01086,2025-01-16 01:38:00,page_view
E008686,C01086,2023-08-02 09:57:00,page_view
E008687,C01086,2023-03-03 04:48:00,app_open
E008688,C01086,2024-05-07 21:36:00,search
E008689,C01087,2023-04-11 04:11:00,app_open
E008690,C01087,2024-10-21 23:16:00,page_view
E008691,C01087,2025-09-14 02:36:00,app_open
E008692,C01087,2024-04-10 09:51:00,add_to_cart
E008693,C01087,2023-11-12 04:52:00,add_to_cart
E008694,C01087,2023-10-12 03:42:00,page_view
E008695,C01087,2024-04-22 06:16:00,app_open
E008696,C01087,2025-10-26 23:53:00,page_view
E008697,C01088,2025-09-05 22:56:00,search
E008698,C01088,2024-11-05 08:35:00,search
E008699,C01088,2024-06-21 04:52:00,app_open
E008700,C01088,2024-11-07 23:31:00,search
E008701,C01088,2025-09-03 07:37:00,add_to_cart
E008702,C01088,2024-12-21 23:07:00,app_open
E008703,C01088,2025-04-09 15:18:00,page_view
E008704,C01088,2025-03-30 03:44:00,app_open
E008705,C01089,2025-11-15 06:52:00,page_view
E008706,C01089,2023-07-28 00:19:00,page_view
E008707,C01089,2023-10-17 10:41:00,page_view
E008708,C01089,2024-08-29 14:12:00,app_open
E008709,C01089,2025-08-08 14:15:00,page_view
E008710,C01089,2023-09-21 21:20:00,add_to_cart
E008711,C01089,2025-10-21 13:04:00,add_to_cart
E008712,C01089,2023-04-10 19:02:00,add_to_cart
E008713,C01090,2024-03-27 06:21:00,page_view
E008714,C01090,2023-10-25 22:01:00,app_open
E008715,C01090,2025-09-17 05:26:00,page_view
E008716,C01090,2024-08-11 10:29:00,page_view
E008717,C01090,2023-01-17 08:56:00,app_open
E008718,C01090,2025-10-10 04:26:00,add_to_cart
E008719,C01090,2025-06-27 17:01:00,search
E008720,C01090,2025-07-30 12:37:00,app_open
E008721,C01091,2024-03-10 04:03:00,app_open
E008722,C01091,2023-02-17 14:57:00,app_open
E008723,C01091,2025-03-07 06:02:00,search
E008724,C01091,2025-08-20 07:34:00,app_open
E008725,C01091,2024-08-26 18:21:00,search
E008726,C01091,2024-12-30 14:50:00,app_open
E008727,C01091,2025-03-16 10:48:00,app_open
E008728,C01091,2024-03-29 16:11:00,add_to_cart
E008729,C01092,2023-08-31 13:17:00,app_open
E008730,C01092,2025-12-31 16:01:00,search
E008731,C01092,2023-02-20 13:21:00,page_view
E008732,C01092,2024-11-11 13:49:00,add_to_cart
E008733,C01092,2025-02-22 23:52:00,app_open
E008734,C01092,2025-01-02 03:01:00,app_open
E008735,C01092,2025-05-05 01:57:00,search
E008736,C01092,2025-04-18 13:33:00,app_open
E008737,C01093,2024-08-02 09:18:00,add_to_cart
E008738,C01093,2023-03-15 03:45:00,app_open
E008739,C01093,2023-11-19 22:19:00,add_to_cart
E008740,C01093,2025-05-14 14:16:00,page_view
E008741,C01093,2024-05-04 16:08:00,page_view
E008742,C01093,2024-11-06 15:41:00,search
E008743,C01093,2023-09-09 16:18:00,add_to_cart
E008744,C01093,2025-09-21 18:21:00,search
E008745,C01094,2023-06-26 16:31:00,app_open
E008746,C01094,2023-07-07 04:20:00,search
E008747,C01094,2024-03-13 14:57:00,page_view
E008748,C01094,2024-02-09 01:56:00,add_to_cart
E008749,C01094,2024-07-09 11:38:00,add_to_cart
E008750,C01094,2024-08-04 05:12:00,search
E008751,C01094,2023-05-13 03:36:00,add_to_cart
E008752,C01094,2023-08-26 16:06:00,page_view
E008753,C01095,2024-04-21 04:43:00,page_view
E008754,C01095,2023-08-14 19:09:00,search
E008755,C01095,2023-10-12 02:05:00,app_open
E008756,C01095,2023-05-01 13:29:00,page_view
E008757,C01095,2024-08-13 11:03:00,search
E008758,C01095,2024-07-24 06:05:00,app_open
E008759,C01095,2024-05-05 20:24:00,add_to_cart
E008760,C01095,2023-08-19 12:42:00,search
E008761,C01096,2025-11-13 05:43:00,page_view
E008762,C01096,2023-07-21 17:06:00,page_view
E008763,C01096,2023-07-16 18:29:00,add_to_cart
E008764,C01096,2024-04-13 20:16:00,search
E008765,C01096,2024-01-15 13:11:00,search
E008766,C01096,2023-12-12 16:26:00,search
E008767,C01096,2025-07-23 19:38:00,search
E008768,C01096,2024-03-14 19:41:00,search
E008769,C01097,2025-04-02 15:49:00,search
E008770,C01097,2024-01-23 18:52:00,add_to_cart
E008771,C01097,2024-01-13 03:28:00,search
E008772,C01097,2025-06-29 18:27:00,app_open
E008773,C01097,2024-04-08 09:10:00,search
E008774,C01097,2023-06-17 11:32:00,app_open
E008775,C01097,2025-12-17 13:23:00,search
E008776,C01097,2023-05-17 02:41:00,add_to_cart
E008777,C01098,2025-09-10 19:12:00,app_open
E008778,C01098,2023-02-10 06:28:00,app_open
E008779,C01098,2025-05-27 20:57:00,page_view
E008780,C01098,2025-11-12 07:24:00,page_view
E008781,C01098,2024-01-22 23:18:00,app_open
E008782,C01098,2025-05-24 22:42:00,add_to_cart
E008783,C01098,2025-09-04 20:14:00,add_to_cart
E008784,C01098,2025-05-03 05:47:00,app_open
E008785,C01099,2023-12-30 04:46:00,app_open
E008786,C01099,2023-03-08 18:34:00,app_open
E008787,C01099,2025-06-13 07:16:00,page_view
E008788,C01099,2023-02-03 10:47:00,app_open
E008789,C01099,2023-08-12 07:32:00,app_open
E008790,C01099,2023-09-11 07:51:00,add_to_cart
E008791,C01099,2025-12-27 05:11:00,add_to_cart
E008792,C01099,2024-09-22 14:10:00,search
E008793,C01100,2024-10-25 22:36:00,search
E008794,C01100,2025-04-24 12:11:00,app_open
E008795,C01100,2025-12-24 05:50:00,search
E008796,C01100,2023-08-03 11:56:00,page_view
E008797,C01100,2025-07-10 00:58:00,search
E008798,C01100,2025-07-03 16:47:00,search
E008799,C01100,2025-10-27 02:38:00,page_view
E008800,C01100,2025-07-07 18:07:00,app_open
E008801,C01101,2025-08-20 06:04:00,page_view
E008802,C01101,2025-07-08 20:13:00,app_open
E008803,C01101,2023-11-09 07:35:00,add_to_cart
E008804,C01101,2025-01-08 09:17:00,app_open
E008805,C01101,2025-06-13 22:41:00,page_view
E008806,C01101,2024-08-12 08:02:00,app_open
E008807,C01101,2023-10-28 05:59:00,search
E008808,C01101,2024-10-16 03:21:00,app_open
E008809,C01102,2023-12-08 04:10:00,add_to_cart
E008810,C01102,2024-05-12 17:58:00,add_to_cart
E008811,C01102,2023-03-11 13:28:00,page_view
E008812,C01102,2024-01-15 05:00:00,add_to_cart
E008813,C01102,2025-07-22 01:55:00,page_view
E008814,C01102,2023-04-06 09:02:00,search
E008815,C01102,2023-02-04 02:33:00,app_open
E008816,C01102,2023-04-21 09:00:00,search
E008817,C01103,2025-07-24 10:29:00,page_view
E008818,C01103,2023-07-26 18:28:00,app_open
E008819,C01103,2023-12-18 08:43:00,page_view
E008820,C01103,2023-08-10 04:46:00,search
E008821,C01103,2025-10-31 14:42:00,app_open
E008822,C01103,2024-09-08 05:12:00,page_view
E008823,C01103,2023-01-03 06:11:00,add_to_cart
E008824,C01103,2024-04-05 11:15:00,add_to_cart
E008825,C01104,2024-01-24 18:15:00,app_open
E008826,C01104,2025-02-02 19:29:00,page_view
E008827,C01104,2023-10-23 21:34:00,search
E008828,C01104,2025-07-21 01:41:00,app_open
E008829,C01104,2025-11-25 12:46:00,page_view
E008830,C01104,2023-12-22 10:05:00,app_open
E008831,C01104,2025-04-01 23:37:00,search
E008832,C01104,2024-07-21 18:43:00,add_to_cart
E008833,C01105,2023-12-23 09:07:00,app_open
E008834,C01105,2023-06-04 08:48:00,page_view
E008835,C01105,2024-12-04 20:02:00,app_open
E008836,C01105,2023-01-31 13:29:00,page_view
E008837,C01105,2025-08-04 23:31:00,add_to_cart
E008838,C01105,2023-04-21 02:30:00,add_to_cart
E008839,C01105,2025-01-14 21:36:00,app_open
E008840,C01105,2023-12-04 12:58:00,search
E008841,C01106,2024-07-18 20:22:00,app_open
E008842,C01106,2023-12-01 08:42:00,search
E008843,C01106,2023-11-24 10:51:00,search
E008844,C01106,2025-12-18 17:21:00,page_view
E008845,C01106,2024-12-30 17:58:00,search
E008846,C01106,2024-06-12 03:49:00,app_open
E008847,C01106,2025-02-17 13:42:00,search
E008848,C01106,2024-04-04 20:26:00,search
E008849,C01107,2024-07-30 12:13:00,page_view
E008850,C01107,2024-12-19 11:32:00,page_view
E008851,C01107,2023-01-03 09:57:00,app_open
E008852,C01107,2023-05-06 21:54:00,search
E008853,C01107,2023-05-05 09:59:00,app_open
E008854,C01107,2024-07-06 15:58:00,page_view
E008855,C01107,2024-06-19 00:52:00,app_open
E008856,C01107,2025-07-31 03:38:00,page_view
E008857,C01108,2025-09-13 01:23:00,add_to_cart
E008858,C01108,2025-08-15 15:50:00,add_to_cart
E008859,C01108,2024-09-12 02:19:00,page_view
E008860,C01108,2023-02-26 02:21:00,add_to_cart
E008861,C01108,2023-09-16 03:46:00,app_open
E008862,C01108,2023-11-07 00:10:00,add_to_cart
E008863,C01108,2025-06-02 07:00:00,app_open
E008864,C01108,2024-05-02 05:29:00,page_view
E008865,C01109,2025-04-27 19:03:00,page_view
E008866,C01109,2024-05-07 06:35:00,app_open
E008867,C01109,2024-01-21 09:23:00,add_to_cart
E008868,C01109,2024-10-31 01:36:00,page_view
E008869,C01109,2024-11-20 05:14:00,page_view
E008870,C01109,2023-10-12 23:28:00,page_view
E008871,C01109,2023-03-06 08:29:00,app_open
E008872,C01109,2024-12-05 22:18:00,app_open
E008873,C01110,2024-08-11 15:54:00,page_view
E008874,C01110,2024-08-02 15:22:00,search
E008875,C01110,2025-03-12 03:35:00,add_to_cart
E008876,C01110,2024-02-25 07:12:00,search
E008877,C01110,2023-07-18 13:37:00,page_view
E008878,C01110,2023-05-30 00:40:00,add_to_cart
E008879,C01110,2023-10-21 04:28:00,app_open
E008880,C01110,2023-12-04 23:03:00,search
E008881,C01111,2023-01-10 19:02:00,search
E008882,C01111,2023-12-23 22:56:00,search
E008883,C01111,2023-12-12 05:51:00,app_open
E008884,C01111,2025-05-20 23:25:00,search
E008885,C01111,2023-03-24 15:48:00,app_open
E008886,C01111,2024-01-21 23:40:00,app_open
E008887,C01111,2024-03-06 02:45:00,add_to_cart
E008888,C01111,2025-04-03 23:55:00,app_open
E008889,C01112,2023-04-07 19:13:00,add_to_cart
E008890,C01112,2025-03-01 15:47:00,search
E008891,C01112,2023-09-10 15:25:00,search
E008892,C01112,2024-05-02 23:19:00,search
E008893,C01112,2024-08-27 10:00:00,app_open
E008894,C01112,2023-11-22 16:00:00,app_open
E008895,C01112,2023-10-08 01:45:00,app_open
E008896,C01112,2023-01-09 04:18:00,add_to_cart
E008897,C01113,2024-06-06 04:34:00,search
E008898,C01113,2025-02-14 06:14:00,add_to_cart
E008899,C01113,2024-08-17 17:49:00,search
E008900,C01113,2023-02-03 16:38:00,page_view
E008901,C01113,2024-12-21 03:33:00,add_to_cart
E008902,C01113,2024-12-25 14:47:00,app_open
E008903,C01113,2024-09-27 11:32:00,app_open
E008904,C01113,2024-10-11 16:21:00,add_to_cart
E008905,C01114,2023-01-21 14:52:00,search
E008906,C01114,2023-04-03 14:12:00,page_view
E008907,C01114,2023-01-02 08:34:00,search
E008908,C01114,2025-11-12 03:41:00,app_open
E008909,C01114,2023-01-18 20:05:00,add_to_cart
E008910,C01114,2023-01-27 10:20:00,add_to_cart
E008911,C01114,2024-07-21 00:13:00,page_view
E008912,C01114,2024-02-01 02:20:00,app_open
E008913,C01115,2024-05-07 06:49:00,app_open
E008914,C01115,2025-02-02 18:28:00,search
E008915,C01115,2025-01-12 14:49:00,app_open
E008916,C01115,2024-01-04 07:18:00,app_open
E008917,C01115,2024-07-10 17:33:00,app_open
E008918,C01115,2024-04-02 15:14:00,search
E008919,C01115,2023-05-14 17:07:00,search
E008920,C01115,2023-08-05 05:56:00,page_view
E008921,C01116,2025-12-27 19:46:00,app_open
E008922,C01116,2025-05-17 00:23:00,search
E008923,C01116,2023-03-29 07:25:00,app_open
E008924,C01116,2023-05-03 11:53:00,search
E008925,C01116,2025-10-08 19:07:00,page_view
E008926,C01116,2023-04-04 20:42:00,page_view
E008927,C01116,2023-02-08 17:05:00,page_view
E008928,C01116,2023-08-24 18:15:00,app_open
E008929,C01117,2025-03-04 06:21:00,page_view
E008930,C01117,2025-08-20 01:45:00,app_open
E008931,C01117,2023-03-20 14:35:00,page_view
E008932,C01117,2025-11-22 10:03:00,page_view
E008933,C01117,2024-03-16 11:11:00,search
E008934,C01117,2023-03-05 23:09:00,app_open
E008935,C01117,2023-01-03 10:54:00,add_to_cart
E008936,C01117,2024-02-28 13:56:00,search
E008937,C01118,2025-12-26 22:18:00,page_view
E008938,C01118,2023-04-10 17:16:00,search
E008939,C01118,2025-06-24 18:05:00,search
E008940,C01118,2024-01-13 04:46:00,page_view
E008941,C01118,2024-07-25 22:18:00,app_open
E008942,C01118,2023-06-02 11:59:00,add_to_cart
E008943,C01118,2024-04-29 04:16:00,add_to_cart
E008944,C01118,2025-08-24 16:24:00,app_open
E008945,C01119,2025-12-11 05:23:00,page_view
E008946,C01119,2024-03-04 22:35:00,app_open
E008947,C01119,2023-07-25 23:57:00,app_open
E008948,C01119,2025-06-05 04:16:00,page_view
E008949,C01119,2023-04-05 06:59:00,search
E008950,C01119,2023-03-24 17:27:00,search
E008951,C01119,2025-11-19 11:00:00,page_view
E008952,C01119,2024-09-18 08:16:00,app_open
E008953,C01120,2025-09-15 20:46:00,page_view
E008954,C01120,2024-11-02 07:10:00,app_open
E008955,C01120,2024-02-16 01:25:00,search
E008956,C01120,2024-01-06 23:18:00,page_view
E008957,C01120,2023-12-07 15:07:00,app_open
E008958,C01120,2024-09-26 07:50:00,add_to_cart
E008959,C01120,2025-12-11 17:41:00,add_to_cart
E008960,C01120,2025-10-09 04:11:00,search
E008961,C01121,2025-02-20 22:14:00,add_to_cart
E008962,C01121,2025-01-02 22:50:00,app_open
E008963,C01121,2024-03-08 10:47:00,app_open
E008964,C01121,2024-11-19 19:49:00,page_view
E008965,C01121,2023-03-15 01:33:00,add_to_cart
E008966,C01121,2025-08-07 21:25:00,add_to_cart
E008967,C01121,2023-10-04 09:28:00,page_view
E008968,C01121,2025-11-22 13:59:00,search
E008969,C01122,2023-05-26 00:27:00,search
E008970,C01122,2025-11-12 19:36:00,page_view
E008971,C01122,2023-10-17 19:17:00,search
E008972,C01122,2025-10-02 23:47:00,page_view
E008973,C01122,2023-08-19 14:17:00,add_to_cart
E008974,C01122,2025-02-19 08:06:00,page_view
E008975,C01122,2024-06-02 09:36:00,search
E008976,C01122,2024-02-18 16:50:00,search
E008977,C01123,2023-11-17 19:39:00,app_open
E008978,C01123,2023-01-25 20:57:00,page_view
E008979,C01123,2025-06-18 08:20:00,search
E008980,C01123,2024-01-24 13:39:00,add_to_cart
E008981,C01123,2025-12-02 00:50:00,app_open
E008982,C01123,2024-11-27 03:27:00,app_open
E008983,C01123,2023-12-09 12:44:00,add_to_cart
E008984,C01123,2023-03-21 03:47:00,page_view
E008985,C01124,2025-03-08 05:40:00,app_open
E008986,C01124,2025-07-12 16:16:00,page_view
E008987,C01124,2023-08-31 18:13:00,search
E008988,C01124,2023-01-14 05:37:00,add_to_cart
E008989,C01124,2024-10-14 00:02:00,app_open
E008990,C01124,2025-02-27 05:58:00,app_open
E008991,C01124,2024-04-16 13:10:00,page_view
E008992,C01124,2024-01-24 22:48:00,add_to_cart
E008993,C01125,2023-12-30 20:13:00,app_open
E008994,C01125,2023-07-06 11:19:00,search
E008995,C01125,2025-10-27 02:12:00,add_to_cart
E008996,C01125,2023-11-04 04:58:00,add_to_cart
E008997,C01125,2023-02-01 10:00:00,add_to_cart
E008998,C01125,2025-04-26 19:52:00,add_to_cart
E008999,C01125,2023-12-11 17:08:00,add_to_cart
E009000,C01125,2025-07-13 15:48:00,search
E009001,C01126,2025-04-07 22:34:00,app_open
E009002,C01126,2024-04-12 06:02:00,add_to_cart
E009003,C01126,2024-11-13 06:53:00,app_open
E009004,C01126,2025-03-23 07:57:00,page_view
E009005,C01126,2023-06-13 09:00:00,app_open
E009006,C01126,2024-02-02 21:36:00,page_view
E009007,C01126,2024-01-11 16:14:00,app_open
E009008,C01126,2023-01-14 13:42:00,add_to_cart
E009009,C01127,2025-03-28 22:50:00,app_open
E009010,C01127,2025-04-27 06:12:00,page_view
E009011,C01127,2023-05-04 01:46:00,page_view
E009012,C01127,2023-02-14 18:06:00,app_open
E009013,C01127,2023-08-07 22:31:00,search
E009014,C01127,2024-04-06 07:51:00,add_to_cart
E009015,C01127,2023-03-11 05:50:00,add_to_cart
E009016,C01127,2025-07-05 00:14:00,add_to_cart
E009017,C01128,2025-10-17 00:00:00,page_view
E009018,C01128,2024-09-13 12:36:00,page_view
E009019,C01128,2023-08-15 13:42:00,app_open
E009020,C01128,2023-12-18 00:24:00,add_to_cart
E009021,C01128,2024-08-27 17:12:00,app_open
E009022,C01128,2025-02-25 04:39:00,page_view
E009023,C01128,2024-06-01 12:15:00,search
E009024,C01128,2025-01-25 00:38:00,app_open
E009025,C01129,2025-11-06 20:42:00,add_to_cart
E009026,C01129,2023-10-12 15:50:00,add_to_cart
E009027,C01129,2025-01-03 20:27:00,page_view
E009028,C01129,2024-08-03 07:34:00,search
E009029,C01129,2025-01-24 14:17:00,search
E009030,C01129,2025-03-21 19:31:00,search
E009031,C01129,2023-09-01 03:40:00,search
E009032,C01129,2024-06-28 07:43:00,page_view
E009033,C01130,2024-04-07 07:28:00,app_open
E009034,C01130,2023-08-14 03:13:00,search
E009035,C01130,2023-10-08 12:12:00,page_view
E009036,C01130,2024-02-19 00:07:00,add_to_cart
E009037,C01130,2023-02-10 12:41:00,add_to_cart
E009038,C01130,2024-12-05 21:24:00,page_view
E009039,C01130,2025-02-20 05:31:00,search
E009040,C01130,2025-01-09 04:42:00,search
E009041,C01131,2023-08-16 10:03:00,app_open
E009042,C01131,2025-08-09 01:22:00,add_to_cart
E009043,C01131,2025-12-04 18:57:00,add_to_cart
E009044,C01131,2023-02-17 14:39:00,search
E009045,C01131,2024-03-10 00:25:00,app_open
E009046,C01131,2025-02-27 18:10:00,app_open
E009047,C01131,2024-10-14 18:47:00,add_to_cart
E009048,C01131,2025-10-06 01:01:00,app_open
E009049,C01132,2025-03-13 18:13:00,page_view
E009050,C01132,2025-04-17 23:31:00,app_open
E009051,C01132,2023-12-13 22:24:00,page_view
E009052,C01132,2024-08-04 01:00:00,add_to_cart
E009053,C01132,2024-04-30 09:13:00,add_to_cart
E009054,C01132,2023-03-06 02:08:00,search
E009055,C01132,2025-04-02 07:42:00,search
E009056,C01132,2023-07-13 23:40:00,page_view
E009057,C01133,2025-12-08 08:42:00,page_view
E009058,C01133,2025-01-20 08:50:00,search
E009059,C01133,2024-03-22 20:17:00,page_view
E009060,C01133,2023-02-27 16:12:00,add_to_cart
E009061,C01133,2023-04-24 04:52:00,search
E009062,C01133,2023-05-12 15:52:00,page_view
E009063,C01133,2025-06-13 21:31:00,search
E009064,C01133,2024-07-31 00:49:00,page_view
E009065,C01134,2025-11-13 01:37:00,page_view
E009066,C01134,2025-03-05 06:25:00,app_open
E009067,C01134,2025-09-17 20:36:00,add_to_cart
E009068,C01134,2025-07-08 14:52:00,add_to_cart
E009069,C01134,2023-11-26 19:33:00,app_open
E009070,C01134,2024-05-16 12:20:00,app_open
E009071,C01134,2025-06-14 08:36:00,search
E009072,C01134,2024-10-21 17:14:00,app_open
E009073,C01135,2024-04-07 18:57:00,page_view
E009074,C01135,2024-08-15 12:48:00,search
E009075,C01135,2023-03-01 01:43:00,app_open
E009076,C01135,2024-05-21 04:04:00,search
E009077,C01135,2023-12-24 03:06:00,add_to_cart
E009078,C01135,2025-02-21 02:02:00,app_open
E009079,C01135,2023-07-03 09:58:00,search
E009080,C01135,2025-11-30 22:44:00,search
E009081,C01136,2025-04-16 11:37:00,app_open
E009082,C01136,2025-02-06 00:34:00,page_view
E009083,C01136,2025-10-08 22:27:00,app_open
E009084,C01136,2025-10-15 18:35:00,app_open
E009085,C01136,2025-11-30 04:30:00,page_view
E009086,C01136,2025-04-24 13:16:00,add_to_cart
E009087,C01136,2025-11-01 05:30:00,app_open
E009088,C01136,2025-10-31 17:43:00,search
E009089,C01137,2024-01-05 04:34:00,search
E009090,C01137,2025-09-14 12:59:00,app_open
E009091,C01137,2025-04-10 05:13:00,app_open
E009092,C01137,2024-01-02 17:58:00,page_view
E009093,C01137,2023-07-29 05:45:00,search
E009094,C01137,2025-07-03 16:57:00,app_open
E009095,C01137,2024-11-17 12:56:00,add_to_cart
E009096,C01137,2024-06-03 16:40:00,page_view
E009097,C01138,2023-06-14 03:29:00,page_view
E009098,C01138,2025-07-31 17:15:00,app_open
E009099,C01138,2023-06-18 02:47:00,add_to_cart
E009100,C01138,2024-03-11 21:37:00,app_open
E009101,C01138,2025-04-29 08:51:00,app_open
E009102,C01138,2023-04-25 15:25:00,search
E009103,C01138,2023-01-24 12:03:00,add_to_cart
E009104,C01138,2025-05-08 07:52:00,add_to_cart
E009105,C01139,2024-07-13 13:43:00,app_open
E009106,C01139,2023-11-29 13:30:00,add_to_cart
E009107,C01139,2023-11-25 16:56:00,add_to_cart
E009108,C01139,2024-05-03 12:39:00,page_view
E009109,C01139,2025-02-01 20:59:00,search
E009110,C01139,2023-12-22 17:24:00,add_to_cart
E009111,C01139,2024-07-19 07:13:00,add_to_cart
E009112,C01139,2025-10-07 06:42:00,page_view
E009113,C01140,2025-10-28 21:59:00,page_view
E009114,C01140,2024-12-03 17:01:00,app_open
E009115,C01140,2025-05-09 10:22:00,page_view
E009116,C01140,2023-06-09 00:48:00,search
E009117,C01140,2024-04-20 11:54:00,add_to_cart
E009118,C01140,2025-07-01 00:07:00,page_view
E009119,C01140,2023-08-13 23:34:00,page_view
E009120,C01140,2024-03-03 04:06:00,search
E009121,C01141,2024-07-28 09:41:00,add_to_cart
E009122,C01141,2023-02-05 05:11:00,add_to_cart
E009123,C01141,2023-05-15 09:16:00,search
E009124,C01141,2024-03-13 00:22:00,search
E009125,C01141,2025-03-27 18:16:00,search
E009126,C01141,2024-02-09 10:07:00,page_view
E009127,C01141,2023-10-03 06:10:00,add_to_cart
E009128,C01141,2023-01-30 22:35:00,page_view
E009129,C01142,2023-05-02 02:16:00,page_view
E009130,C01142,2023-05-07 05:19:00,add_to_cart
E009131,C01142,2025-07-28 23:37:00,search
E009132,C01142,2023-05-18 08:17:00,search
E009133,C01142,2025-07-29 13:10:00,page_view
E009134,C01142,2023-12-27 10:49:00,page_view
E009135,C01142,2024-07-15 09:52:00,page_view
E009136,C01142,2025-07-12 01:55:00,add_to_cart
E009137,C01143,2023-06-29 03:16:00,search
E009138,C01143,2023-03-01 13:07:00,search
E009139,C01143,2024-12-13 03:25:00,search
E009140,C01143,2025-10-08 01:15:00,page_view
E009141,C01143,2025-02-06 19:44:00,app_open
E009142,C01143,2024-07-06 21:07:00,page_view
E009143,C01143,2025-09-25 22:05:00,page_view
E009144,C01143,2024-03-08 00:19:00,search
E009145,C01144,2025-09-18 22:50:00,search
E009146,C01144,2025-08-16 12:56:00,app_open
E009147,C01144,2024-07-09 19:45:00,search
E009148,C01144,2024-01-21 10:12:00,app_open
E009149,C01144,2024-12-30 15:00:00,search
E009150,C01144,2025-10-14 20:15:00,page_view
E009151,C01144,2025-02-18 21:24:00,app_open
E009152,C01144,2025-04-28 00:21:00,app_open
E009153,C01145,2025-04-07 20:08:00,page_view
E009154,C01145,2024-10-05 19:56:00,add_to_cart
E009155,C01145,2023-06-04 16:05:00,page_view
E009156,C01145,2023-04-03 17:15:00,search
E009157,C01145,2023-02-20 21:42:00,page_view
E009158,C01145,2023-12-01 00:03:00,page_view
E009159,C01145,2025-08-27 06:35:00,search
E009160,C01145,2023-01-15 21:21:00,page_view
E009161,C01146,2025-02-11 15:37:00,add_to_cart
E009162,C01146,2023-04-03 14:56:00,app_open
E009163,C01146,2025-03-15 20:45:00,page_view
E009164,C01146,2024-01-25 02:14:00,page_view
E009165,C01146,2024-06-07 17:01:00,add_to_cart
E009166,C01146,2024-01-22 08:58:00,page_view
E009167,C01146,2025-10-04 04:40:00,app_open
E009168,C01146,2023-11-28 12:43:00,search
E009169,C01147,2025-03-06 04:45:00,add_to_cart
E009170,C01147,2023-05-08 16:10:00,app_open
E009171,C01147,2025-12-29 09:30:00,add_to_cart
E009172,C01147,2024-12-24 11:39:00,page_view
E009173,C01147,2024-08-11 19:19:00,search
E009174,C01147,2025-12-11 04:04:00,page_view
E009175,C01147,2025-03-13 20:38:00,app_open
E009176,C01147,2025-06-18 15:52:00,search
E009177,C01148,2023-07-23 15:58:00,page_view
E009178,C01148,2025-10-09 08:02:00,page_view
E009179,C01148,2025-10-23 11:23:00,app_open
E009180,C01148,2025-08-06 11:22:00,app_open
E009181,C01148,2025-04-16 03:56:00,add_to_cart
E009182,C01148,2023-03-02 07:20:00,page_view
E009183,C01148,2025-08-23 19:49:00,app_open
E009184,C01148,2023-05-24 10:21:00,search
E009185,C01149,2023-04-10 06:45:00,app_open
E009186,C01149,2023-01-22 02:50:00,app_open
E009187,C01149,2025-08-15 11:48:00,app_open
E009188,C01149,2023-02-02 09:27:00,add_to_cart
E009189,C01149,2024-06-26 09:49:00,search
E009190,C01149,2025-10-22 11:36:00,search
E009191,C01149,2024-04-16 21:59:00,add_to_cart
E009192,C01149,2025-08-27 05:11:00,search
E009193,C01150,2024-02-11 15:18:00,page_view
E009194,C01150,2025-02-07 15:18:00,add_to_cart
E009195,C01150,2024-12-20 00:20:00,add_to_cart
E009196,C01150,2023-09-12 00:41:00,app_open
E009197,C01150,2025-10-22 12:28:00,page_view
E009198,C01150,2023-01-04 21:29:00,search
E009199,C01150,2024-12-31 06:12:00,page_view
E009200,C01150,2024-12-15 14:51:00,page_view
E009201,C01151,2024-04-08 03:54:00,add_to_cart
E009202,C01151,2025-10-31 02:23:00,search
E009203,C01151,2023-06-14 15:57:00,app_open
E009204,C01151,2025-08-05 20:53:00,page_view
E009205,C01151,2023-07-18 02:20:00,search
E009206,C01151,2023-08-22 15:26:00,app_open
E009207,C01151,2023-07-07 10:52:00,app_open
E009208,C01151,2024-10-15 15:26:00,app_open
E009209,C01152,2025-03-18 14:15:00,add_to_cart
E009210,C01152,2024-05-09 19:59:00,add_to_cart
E009211,C01152,2025-04-18 01:40:00,page_view
E009212,C01152,2025-01-08 05:05:00,search
E009213,C01152,2024-01-06 06:27:00,add_to_cart
E009214,C01152,2023-06-25 05:43:00,app_open
E009215,C01152,2025-08-18 10:49:00,app_open
E009216,C01152,2024-03-02 14:47:00,search
E009217,C01153,2024-10-19 03:44:00,app_open
E009218,C01153,2025-12-24 03:05:00,add_to_cart
E009219,C01153,2024-07-19 04:23:00,app_open
E009220,C01153,2024-08-28 15:18:00,search
E009221,C01153,2023-07-21 12:31:00,page_view
E009222,C01153,2024-02-05 02:13:00,page_view
E009223,C01153,2025-11-25 03:01:00,app_open
E009224,C01153,2025-06-02 09:48:00,add_to_cart
E009225,C01154,2025-12-02 09:23:00,add_to_cart
E009226,C01154,2025-02-16 07:33:00,add_to_cart
E009227,C01154,2023-08-13 10:35:00,app_open
E009228,C01154,2024-11-13 07:27:00,search
E009229,C01154,2024-06-08 17:29:00,add_to_cart
E009230,C01154,2024-05-20 18:29:00,app_open
E009231,C01154,2024-07-07 22:16:00,search
E009232,C01154,2023-04-14 17:23:00,search
E009233,C01155,2023-03-23 21:05:00,add_to_cart
E009234,C01155,2023-10-19 03:31:00,add_to_cart
E009235,C01155,2025-07-18 12:57:00,page_view
E009236,C01155,2023-02-18 18:38:00,page_view
E009237,C01155,2024-08-21 14:49:00,search
E009238,C01155,2023-07-22 19:04:00,app_open
E009239,C01155,2024-12-31 10:55:00,add_to_cart
E009240,C01155,2023-02-01 10:01:00,page_view
E009241,C01156,2024-10-25 20:46:00,page_view
E009242,C01156,2025-01-12 11:58:00,app_open
E009243,C01156,2024-10-31 08:45:00,add_to_cart
E009244,C01156,2025-02-04 14:24:00,search
E009245,C01156,2023-07-05 17:19:00,search
E009246,C01156,2025-05-02 10:12:00,app_open
E009247,C01156,2025-02-11 10:44:00,add_to_cart
E009248,C01156,2023-11-27 19:03:00,search
E009249,C01157,2023-03-03 11:57:00,app_open
E009250,C01157,2024-03-26 17:26:00,page_view
E009251,C01157,2023-04-24 12:04:00,search
E009252,C01157,2024-05-22 04:55:00,add_to_cart
E009253,C01157,2025-05-15 00:41:00,add_to_cart
E009254,C01157,2023-06-08 19:14:00,page_view
E009255,C01157,2024-05-09 16:57:00,search
E009256,C01157,2025-08-10 22:17:00,search
E009257,C01158,2025-03-05 15:33:00,add_to_cart
E009258,C01158,2024-10-20 16:23:00,add_to_cart
E009259,C01158,2024-01-09 10:55:00,page_view
E009260,C01158,2023-03-18 00:00:00,search
E009261,C01158,2025-08-11 23:10:00,add_to_cart
E009262,C01158,2024-06-22 07:48:00,app_open
E009263,C01158,2023-05-15 11:49:00,add_to_cart
E009264,C01158,2024-10-10 12:21:00,page_view
E009265,C01159,2024-10-09 08:03:00,app_open
E009266,C01159,2024-11-08 18:56:00,page_view
E009267,C01159,2023-09-14 00:53:00,app_open
E009268,C01159,2023-11-02 00:05:00,app_open
E009269,C01159,2023-01-11 13:23:00,page_view
E009270,C01159,2024-03-13 11:30:00,add_to_cart
E009271,C01159,2025-07-15 14:03:00,search
E009272,C01159,2025-04-04 10:24:00,add_to_cart
E009273,C01160,2023-04-19 13:33:00,app_open
E009274,C01160,2024-03-27 15:54:00,page_view
E009275,C01160,2023-05-31 20:56:00,app_open
E009276,C01160,2024-05-08 03:29:00,add_to_cart
E009277,C01160,2025-10-18 00:53:00,page_view
E009278,C01160,2024-08-14 11:35:00,add_to_cart
E009279,C01160,2025-05-16 18:01:00,page_view
E009280,C01160,2025-06-26 08:45:00,app_open
E009281,C01161,2024-04-17 20:09:00,page_view
E009282,C01161,2024-02-16 15:28:00,app_open
E009283,C01161,2023-06-27 12:11:00,add_to_cart
E009284,C01161,2025-04-14 05:06:00,add_to_cart
E009285,C01161,2024-03-11 09:31:00,search
E009286,C01161,2023-01-15 18:22:00,app_open
E009287,C01161,2023-11-07 13:51:00,app_open
E009288,C01161,2025-08-21 17:05:00,page_view
E009289,C01162,2025-03-30 03:23:00,search
E009290,C01162,2024-06-21 05:50:00,page_view
E009291,C01162,2024-03-06 07:57:00,app_open
E009292,C01162,2023-08-28 05:02:00,page_view
E009293,C01162,2023-04-14 05:22:00,app_open
E009294,C01162,2025-08-26 07:39:00,page_view
E009295,C01162,2024-08-30 12:38:00,app_open
E009296,C01162,2024-03-07 17:22:00,app_open
E009297,C01163,2024-01-18 20:23:00,app_open
E009298,C01163,2024-07-01 02:49:00,page_view
E009299,C01163,2025-10-01 23:39:00,add_to_cart
E009300,C01163,2025-02-18 09:52:00,app_open
E009301,C01163,2023-09-04 05:48:00,app_open
E009302,C01163,2025-02-04 05:21:00,search
E009303,C01163,2025-04-16 09:25:00,page_view
E009304,C01163,2024-01-25 17:46:00,search
E009305,C01164,2024-03-15 03:59:00,app_open
E009306,C01164,2025-06-26 03:51:00,page_view
E009307,C01164,2025-02-26 00:00:00,page_view
E009308,C01164,2023-10-21 02:26:00,add_to_cart
E009309,C01164,2024-02-01 09:02:00,app_open
E009310,C01164,2025-12-22 07:01:00,search
E009311,C01164,2023-05-31 02:19:00,add_to_cart
E009312,C01164,2025-08-15 10:54:00,app_open
E009313,C01165,2025-12-21 14:56:00,app_open
E009314,C01165,2024-05-05 12:05:00,search
E009315,C01165,2024-11-01 14:05:00,app_open
E009316,C01165,2025-08-26 14:40:00,app_open
E009317,C01165,2023-01-21 17:07:00,app_open
E009318,C01165,2024-02-10 11:51:00,add_to_cart
E009319,C01165,2023-10-04 16:28:00,search
E009320,C01165,2024-04-01 12:38:00,search
E009321,C01166,2025-01-30 01:47:00,app_open
E009322,C01166,2023-12-23 12:39:00,page_view
E009323,C01166,2023-04-17 11:06:00,search
E009324,C01166,2023-08-26 22:50:00,search
E009325,C01166,2024-01-04 09:40:00,page_view
E009326,C01166,2025-01-07 13:45:00,search
E009327,C01166,2023-10-08 22:51:00,page_view
E009328,C01166,2025-01-08 19:02:00,page_view
E009329,C01167,2025-03-26 13:09:00,search
E009330,C01167,2023-03-14 08:46:00,search
E009331,C01167,2024-06-11 07:21:00,add_to_cart
E009332,C01167,2024-07-07 02:19:00,app_open
E009333,C01167,2023-02-26 08:31:00,app_open
E009334,C01167,2023-04-15 16:33:00,add_to_cart
E009335,C01167,2024-08-31 19:49:00,add_to_cart
E009336,C01167,2023-08-27 22:22:00,app_open
E009337,C01168,2023-07-21 04:49:00,search
E009338,C01168,2024-10-06 05:17:00,add_to_cart
E009339,C01168,2024-05-03 15:14:00,search
E009340,C01168,2024-05-18 23:44:00,search
E009341,C01168,2023-02-24 16:06:00,app_open
E009342,C01168,2023-12-26 02:52:00,search
E009343,C01168,2023-02-24 21:05:00,search
E009344,C01168,2024-12-31 04:45:00,page_view
E009345,C01169,2023-04-17 19:27:00,add_to_cart
E009346,C01169,2023-10-01 00:04:00,app_open
E009347,C01169,2023-03-22 18:53:00,page_view
E009348,C01169,2023-10-08 18:36:00,search
E009349,C01169,2025-05-21 03:23:00,page_view
E009350,C01169,2023-04-16 23:08:00,add_to_cart
E009351,C01169,2024-01-14 00:25:00,search
E009352,C01169,2025-12-05 11:06:00,page_view
E009353,C01170,2025-05-25 01:47:00,search
E009354,C01170,2024-01-16 01:41:00,search
E009355,C01170,2024-11-04 13:37:00,search
E009356,C01170,2025-03-15 01:07:00,add_to_cart
E009357,C01170,2023-12-06 19:46:00,search
E009358,C01170,2024-08-21 20:06:00,add_to_cart
E009359,C01170,2024-03-03 13:36:00,search
E009360,C01170,2025-07-13 18:42:00,app_open
E009361,C01171,2024-01-24 22:00:00,app_open
E009362,C01171,2023-07-02 00:35:00,add_to_cart
E009363,C01171,2023-07-13 20:19:00,add_to_cart
E009364,C01171,2023-04-16 03:06:00,page_view
E009365,C01171,2025-12-08 06:06:00,page_view
E009366,C01171,2023-10-29 02:28:00,add_to_cart
E009367,C01171,2024-10-03 23:40:00,search
E009368,C01171,2024-08-16 15:28:00,search
E009369,C01172,2023-02-03 18:28:00,page_view
E009370,C01172,2023-02-06 23:46:00,page_view
E009371,C01172,2024-04-29 22:15:00,app_open
E009372,C01172,2024-03-25 04:54:00,app_open
E009373,C01172,2023-03-04 10:25:00,add_to_cart
E009374,C01172,2025-11-12 21:12:00,app_open
E009375,C01172,2025-07-28 11:31:00,add_to_cart
E009376,C01172,2024-02-29 01:44:00,add_to_cart
E009377,C01173,2025-01-10 16:31:00,app_open
E009378,C01173,2025-06-14 14:31:00,app_open
E009379,C01173,2025-09-06 00:26:00,search
E009380,C01173,2023-08-11 01:07:00,add_to_cart
E009381,C01173,2023-04-22 09:04:00,app_open
E009382,C01173,2025-12-09 20:25:00,add_to_cart
E009383,C01173,2023-06-16 22:59:00,search
E009384,C01173,2024-09-14 17:07:00,page_view
E009385,C01174,2023-01-19 08:02:00,search
E009386,C01174,2025-03-27 00:06:00,search
E009387,C01174,2023-09-13 21:53:00,add_to_cart
E009388,C01174,2024-12-17 02:29:00,page_view
E009389,C01174,2023-03-20 10:54:00,page_view
E009390,C01174,2025-06-23 22:20:00,app_open
E009391,C01174,2025-03-20 10:38:00,app_open
E009392,C01174,2024-09-29 04:12:00,app_open
E009393,C01175,2025-06-17 22:06:00,app_open
E009394,C01175,2025-11-14 02:35:00,page_view
E009395,C01175,2025-08-30 22:37:00,search
E009396,C01175,2023-02-22 02:32:00,add_to_cart
E009397,C01175,2024-08-15 02:46:00,add_to_cart
E009398,C01175,2024-11-07 12:35:00,app_open
E009399,C01175,2025-05-25 03:47:00,add_to_cart
E009400,C01175,2024-08-08 07:41:00,page_view
E009401,C01176,2025-09-08 14:16:00,page_view
E009402,C01176,2023-08-20 14:29:00,search
E009403,C01176,2023-03-06 18:22:00,search
E009404,C01176,2025-05-04 06:41:00,app_open
E009405,C01176,2025-12-03 07:45:00,add_to_cart
E009406,C01176,2023-05-20 16:30:00,add_to_cart
E009407,C01176,2025-05-24 12:43:00,page_view
E009408,C01176,2025-06-19 00:28:00,search
E009409,C01177,2024-05-24 13:53:00,page_view
E009410,C01177,2023-10-25 22:55:00,page_view
E009411,C01177,2023-10-13 10:35:00,app_open
E009412,C01177,2024-11-16 07:35:00,add_to_cart
E009413,C01177,2023-07-22 18:41:00,search
E009414,C01177,2024-08-17 09:59:00,app_open
E009415,C01177,2025-07-14 13:22:00,app_open
E009416,C01177,2024-06-18 21:40:00,search
E009417,C01178,2024-03-23 04:16:00,app_open
E009418,C01178,2023-03-27 16:04:00,search
E009419,C01178,2024-07-08 16:11:00,search
E009420,C01178,2023-07-21 13:48:00,page_view
E009421,C01178,2024-07-14 03:27:00,app_open
E009422,C01178,2025-03-26 05:12:00,add_to_cart
E009423,C01178,2024-04-26 02:40:00,search
E009424,C01178,2024-11-22 20:29:00,app_open
E009425,C01179,2024-11-11 13:29:00,search
E009426,C01179,2025-08-19 08:11:00,search
E009427,C01179,2023-06-17 19:20:00,page_view
E009428,C01179,2025-01-01 16:24:00,search
E009429,C01179,2023-09-13 19:35:00,search
E009430,C01179,2023-05-10 18:34:00,app_open
E009431,C01179,2023-09-21 22:19:00,add_to_cart
E009432,C01179,2024-05-30 01:36:00,page_view
E009433,C01180,2023-08-23 11:12:00,add_to_cart
E009434,C01180,2023-05-03 01:12:00,app_open
E009435,C01180,2023-08-11 16:33:00,search
E009436,C01180,2025-01-08 23:54:00,app_open
E009437,C01180,2025-09-13 22:59:00,page_view
E009438,C01180,2025-09-30 00:01:00,app_open
E009439,C01180,2023-12-20 06:36:00,app_open
E009440,C01180,2024-05-09 01:19:00,app_open
E009441,C01181,2023-11-05 08:55:00,app_open
E009442,C01181,2025-09-28 08:29:00,search
E009443,C01181,2025-11-19 16:35:00,page_view
E009444,C01181,2024-02-18 11:32:00,add_to_cart
E009445,C01181,2025-04-26 08:20:00,search
E009446,C01181,2023-01-27 13:37:00,page_view
E009447,C01181,2025-03-24 00:20:00,page_view
E009448,C01181,2023-09-03 07:38:00,app_open
E009449,C01182,2025-08-19 23:10:00,page_view
E009450,C01182,2024-06-19 18:14:00,search
E009451,C01182,2023-07-29 14:10:00,page_view
E009452,C01182,2025-12-25 05:59:00,add_to_cart
E009453,C01182,2025-06-03 18:38:00,add_to_cart
E009454,C01182,2025-10-15 06:45:00,add_to_cart
E009455,C01182,2024-06-27 23:50:00,page_view
E009456,C01182,2025-10-28 10:37:00,app_open
E009457,C01183,2024-12-05 00:02:00,page_view
E009458,C01183,2025-01-30 10:42:00,search
E009459,C01183,2024-12-27 18:49:00,app_open
E009460,C01183,2024-04-10 14:15:00,search
E009461,C01183,2023-05-15 06:57:00,search
E009462,C01183,2024-06-14 18:30:00,app_open
E009463,C01183,2023-12-01 01:20:00,app_open
E009464,C01183,2023-11-04 08:53:00,page_view
E009465,C01184,2023-04-05 20:12:00,page_view
E009466,C01184,2024-02-01 17:35:00,page_view
E009467,C01184,2025-10-21 10:18:00,search
E009468,C01184,2024-08-09 14:16:00,page_view
E009469,C01184,2024-02-08 19:00:00,add_to_cart
E009470,C01184,2023-07-05 12:22:00,add_to_cart
E009471,C01184,2025-11-29 14:55:00,page_view
E009472,C01184,2024-08-08 03:40:00,search
E009473,C01185,2023-10-28 03:06:00,add_to_cart
E009474,C01185,2023-05-21 14:56:00,page_view
E009475,C01185,2024-02-24 21:32:00,search
E009476,C01185,2025-04-20 09:57:00,add_to_cart
E009477,C01185,2025-09-07 02:05:00,search
E009478,C01185,2024-05-21 21:59:00,add_to_cart
E009479,C01185,2025-09-05 03:48:00,app_open
E009480,C01185,2023-04-23 05:51:00,page_view
E009481,C01186,2023-04-22 09:57:00,search
E009482,C01186,2024-08-03 07:18:00,app_open
E009483,C01186,2024-05-02 22:08:00,app_open
E009484,C01186,2023-12-23 18:03:00,search
E009485,C01186,2023-04-15 17:31:00,search
E009486,C01186,2023-12-15 01:06:00,app_open
E009487,C01186,2023-09-12 10:57:00,app_open
E009488,C01186,2023-11-09 04:06:00,search
E009489,C01187,2024-11-05 21:20:00,search
E009490,C01187,2023-04-06 17:13:00,search
E009491,C01187,2023-04-09 07:48:00,app_open
E009492,C01187,2023-02-13 17:31:00,page_view
E009493,C01187,2023-06-12 15:50:00,add_to_cart
E009494,C01187,2025-03-01 15:49:00,add_to_cart
E009495,C01187,2025-06-25 06:13:00,add_to_cart
E009496,C01187,2025-11-13 19:09:00,page_view
E009497,C01188,2024-08-01 22:28:00,search
E009498,C01188,2025-08-27 20:11:00,add_to_cart
E009499,C01188,2025-07-22 21:36:00,search
E009500,C01188,2024-07-11 21:16:00,app_open
E009501,C01188,2024-03-16 06:26:00,search
E009502,C01188,2025-12-31 00:05:00,search
E009503,C01188,2025-05-14 22:55:00,page_view
E009504,C01188,2025-04-17 18:38:00,search
E009505,C01189,2025-02-18 04:17:00,app_open
E009506,C01189,2023-07-21 10:39:00,search
E009507,C01189,2024-07-01 13:29:00,page_view
E009508,C01189,2023-03-02 06:57:00,search
E009509,C01189,2023-03-11 09:33:00,app_open
E009510,C01189,2024-08-08 11:21:00,add_to_cart
E009511,C01189,2024-10-21 17:09:00,search
E009512,C01189,2024-06-06 09:58:00,app_open
E009513,C01190,2025-08-16 02:25:00,add_to_cart
E009514,C01190,2025-07-31 15:14:00,search
E009515,C01190,2025-07-08 17:35:00,page_view
E009516,C01190,2025-12-29 02:52:00,add_to_cart
E009517,C01190,2024-09-08 07:05:00,page_view
E009518,C01190,2023-04-12 07:20:00,page_view
E009519,C01190,2023-09-09 23:01:00,page_view
E009520,C01190,2023-03-24 17:42:00,app_open
E009521,C01191,2024-01-25 13:52:00,add_to_cart
E009522,C01191,2023-12-09 12:18:00,search
E009523,C01191,2025-03-25 02:26:00,add_to_cart
E009524,C01191,2024-07-31 21:03:00,add_to_cart
E009525,C01191,2025-03-06 20:46:00,page_view
E009526,C01191,2024-08-22 20:22:00,add_to_cart
E009527,C01191,2025-01-13 09:01:00,page_view
E009528,C01191,2023-01-21 00:41:00,page_view
E009529,C01192,2024-03-13 10:43:00,search
E009530,C01192,2024-05-13 04:56:00,add_to_cart
E009531,C01192,2025-12-09 00:22:00,app_open
E009532,C01192,2023-07-07 09:32:00,page_view
E009533,C01192,2025-03-01 02:16:00,add_to_cart
E009534,C01192,2024-03-16 23:08:00,search
E009535,C01192,2024-03-10 10:38:00,add_to_cart
E009536,C01192,2023-12-08 00:17:00,app_open
E009537,C01193,2023-05-25 19:06:00,page_view
E009538,C01193,2024-04-08 23:38:00,search
E009539,C01193,2024-01-15 15:39:00,add_to_cart
E009540,C01193,2025-01-07 14:09:00,page_view
E009541,C01193,2023-12-02 23:54:00,add_to_cart
E009542,C01193,2024-05-07 15:34:00,app_open
E009543,C01193,2023-11-08 12:54:00,add_to_cart
E009544,C01193,2025-03-06 23:19:00,app_open
E009545,C01194,2023-10-30 17:38:00,add_to_cart
E009546,C01194,2023-04-07 20:15:00,add_to_cart
E009547,C01194,2025-10-07 18:14:00,page_view
E009548,C01194,2025-09-20 14:40:00,search
E009549,C01194,2023-10-30 00:30:00,add_to_cart
E009550,C01194,2025-04-12 17:20:00,add_to_cart
E009551,C01194,2024-12-06 09:11:00,add_to_cart
E009552,C01194,2025-11-27 09:29:00,page_view
E009553,C01195,2023-02-26 00:41:00,search
E009554,C01195,2025-05-27 14:38:00,app_open
E009555,C01195,2024-06-30 00:16:00,add_to_cart
E009556,C01195,2023-05-18 14:31:00,app_open
E009557,C01195,2024-10-22 08:35:00,add_to_cart
E009558,C01195,2023-02-12 12:20:00,app_open
E009559,C01195,2024-09-26 23:23:00,add_to_cart
E009560,C01195,2023-03-15 13:01:00,app_open
E009561,C01196,2025-11-23 00:49:00,add_to_cart
E009562,C01196,2023-11-07 19:13:00,page_view
E009563,C01196,2025-09-05 23:07:00,search
E009564,C01196,2024-06-09 18:01:00,search
E009565,C01196,2025-11-15 06:27:00,page_view
E009566,C01196,2024-02-12 12:41:00,add_to_cart
E009567,C01196,2023-06-05 08:17:00,page_view
E009568,C01196,2025-03-03 18:02:00,add_to_cart
E009569,C01197,2025-03-11 04:09:00,page_view
E009570,C01197,2024-09-16 02:57:00,app_open
E009571,C01197,2023-10-22 03:29:00,app_open
E009572,C01197,2025-11-05 21:34:00,page_view
E009573,C01197,2025-04-25 22:46:00,app_open
E009574,C01197,2023-02-01 03:41:00,page_view
E009575,C01197,2024-06-27 11:56:00,search
E009576,C01197,2025-07-11 06:21:00,app_open
E009577,C01198,2023-09-08 02:17:00,app_open
E009578,C01198,2025-04-17 15:15:00,search
E009579,C01198,2023-10-14 15:09:00,add_to_cart
E009580,C01198,2024-04-06 22:51:00,page_view
E009581,C01198,2024-11-18 21:37:00,add_to_cart
E009582,C01198,2025-12-04 06:30:00,search
E009583,C01198,2023-01-22 18:52:00,page_view
E009584,C01198,2024-10-22 22:24:00,app_open
E009585,C01199,2023-12-18 04:58:00,search
E009586,C01199,2025-07-26 07:17:00,search
E009587,C01199,2024-10-21 16:07:00,add_to_cart
E009588,C01199,2023-08-25 00:06:00,app_open
E009589,C01199,2024-11-19 23:51:00,app_open
E009590,C01199,2025-07-26 11:45:00,app_open
E009591,C01199,2024-01-25 18:05:00,page_view
E009592,C01199,2023-12-18 18:43:00,app_open
E009593,C01200,2025-03-02 22:53:00,search
E009594,C01200,2023-02-26 08:27:00,search
E009595,C01200,2025-07-13 16:34:00,add_to_cart
E009596,C01200,2024-10-19 09:34:00,app_open
E009597,C01200,2025-12-23 02:06:00,page_view
E009598,C01200,2024-12-05 19:03:00,page_view
E009599,C01200,2023-12-29 04:53:00,app_open
E009600,C01200,2025-07-11 15:34:00,app_open
E009601,C01201,2023-07-25 01:10:00,page_view
E009602,C01201,2024-01-11 15:28:00,add_to_cart
E009603,C01201,2024-04-03 20:57:00,page_view
E009604,C01201,2024-06-15 04:16:00,add_to_cart
E009605,C01201,2025-11-26 19:26:00,search
E009606,C01201,2023-05-20 13:02:00,app_open
E009607,C01201,2025-10-18 08:10:00,app_open
E009608,C01201,2025-01-16 04:48:00,app_open
E009609,C01202,2025-01-27 21:03:00,app_open
E009610,C01202,2023-10-01 18:23:00,search
E009611,C01202,2024-08-08 21:29:00,add_to_cart
E009612,C01202,2025-03-16 18:37:00,page_view
E009613,C01202,2025-04-18 11:24:00,app_open
E009614,C01202,2023-12-18 13:34:00,app_open
E009615,C01202,2025-02-08 02:20:00,search
E009616,C01202,2024-04-10 14:07:00,search
E009617,C01203,2023-07-04 02:18:00,page_view
E009618,C01203,2025-01-03 19:40:00,app_open
E009619,C01203,2024-09-01 01:19:00,app_open
E009620,C01203,2023-02-14 07:35:00,page_view
E009621,C01203,2024-07-25 19:53:00,page_view
E009622,C01203,2023-06-20 18:47:00,app_open
E009623,C01203,2023-05-28 17:23:00,app_open
E009624,C01203,2024-03-24 20:22:00,add_to_cart
E009625,C01204,2024-05-22 03:34:00,page_view
E009626,C01204,2023-03-18 14:38:00,page_view
E009627,C01204,2024-10-18 21:04:00,app_open
E009628,C01204,2025-04-18 13:58:00,search
E009629,C01204,2025-04-22 17:42:00,add_to_cart
E009630,C01204,2024-11-22 07:54:00,search
E009631,C01204,2025-12-30 09:56:00,add_to_cart
E009632,C01204,2024-05-24 00:25:00,search
E009633,C01205,2023-12-27 11:32:00,page_view
E009634,C01205,2025-01-29 13:03:00,add_to_cart
E009635,C01205,2024-02-18 15:49:00,app_open
E009636,C01205,2023-01-21 12:08:00,add_to_cart
E009637,C01205,2024-10-17 01:30:00,app_open
E009638,C01205,2025-09-07 08:30:00,app_open
E009639,C01205,2025-04-25 19:09:00,app_open
E009640,C01205,2025-10-09 01:09:00,search
E009641,C01206,2023-03-02 22:56:00,page_view
E009642,C01206,2023-07-14 16:26:00,app_open
E009643,C01206,2025-04-07 14:34:00,search
E009644,C01206,2023-03-17 16:29:00,add_to_cart
E009645,C01206,2023-10-22 09:03:00,app_open
E009646,C01206,2023-05-30 20:58:00,add_to_cart
E009647,C01206,2023-02-13 01:54:00,search
E009648,C01206,2024-09-02 07:37:00,app_open
E009649,C01207,2023-01-21 18:54:00,search
E009650,C01207,2023-03-31 19:47:00,app_open
E009651,C01207,2024-06-07 14:44:00,search
E009652,C01207,2024-09-03 22:02:00,page_view
E009653,C01207,2023-03-02 14:41:00,search
E009654,C01207,2025-04-26 13:06:00,page_view
E009655,C01207,2023-12-09 12:27:00,search
E009656,C01207,2024-06-20 16:22:00,search
E009657,C01208,2024-07-15 05:14:00,app_open
E009658,C01208,2023-04-02 22:40:00,add_to_cart
E009659,C01208,2024-11-01 11:08:00,add_to_cart
E009660,C01208,2023-07-17 06:17:00,app_open
E009661,C01208,2025-01-29 14:45:00,search
E009662,C01208,2025-10-25 20:22:00,search
E009663,C01208,2023-12-24 22:59:00,page_view
E009664,C01208,2025-11-19 03:13:00,page_view
E009665,C01209,2024-02-26 15:19:00,app_open
E009666,C01209,2023-08-13 10:52:00,add_to_cart
E009667,C01209,2025-12-14 16:28:00,search
E009668,C01209,2024-11-22 18:07:00,app_open
E009669,C01209,2025-04-04 04:42:00,search
E009670,C01209,2023-10-22 07:08:00,app_open
E009671,C01209,2024-09-27 01:43:00,add_to_cart
E009672,C01209,2023-01-24 06:15:00,app_open
E009673,C01210,2025-11-27 03:07:00,search
E009674,C01210,2025-03-11 13:03:00,add_to_cart
E009675,C01210,2024-01-02 01:23:00,app_open
E009676,C01210,2025-06-27 22:33:00,app_open
E009677,C01210,2024-04-06 17:59:00,page_view
E009678,C01210,2023-04-18 12:09:00,add_to_cart
E009679,C01210,2025-06-14 04:41:00,app_open
E009680,C01210,2023-10-19 09:37:00,app_open
E009681,C01211,2024-05-22 19:30:00,add_to_cart
E009682,C01211,2025-04-11 07:36:00,search
E009683,C01211,2024-05-17 00:12:00,add_to_cart
E009684,C01211,2024-07-03 03:23:00,add_to_cart
E009685,C01211,2025-12-31 07:15:00,search
E009686,C01211,2024-07-25 07:00:00,add_to_cart
E009687,C01211,2024-11-28 04:36:00,app_open
E009688,C01211,2024-11-23 09:50:00,page_view
E009689,C01212,2024-02-06 18:14:00,add_to_cart
E009690,C01212,2023-10-16 10:03:00,page_view
E009691,C01212,2024-12-03 08:23:00,search
E009692,C01212,2023-01-16 07:15:00,add_to_cart
E009693,C01212,2023-03-07 19:57:00,app_open
E009694,C01212,2025-11-19 10:25:00,add_to_cart
E009695,C01212,2023-11-17 18:09:00,search
E009696,C01212,2025-10-30 13:55:00,page_view
E009697,C01213,2025-12-22 04:12:00,page_view
E009698,C01213,2025-02-09 03:49:00,add_to_cart
E009699,C01213,2025-08-03 22:26:00,add_to_cart
E009700,C01213,2023-03-07 01:02:00,search
E009701,C01213,2024-04-24 04:50:00,add_to_cart
E009702,C01213,2025-12-23 03:16:00,search
E009703,C01213,2024-10-10 11:46:00,add_to_cart
E009704,C01213,2025-04-22 10:10:00,add_to_cart
E009705,C01214,2024-08-29 09:20:00,search
E009706,C01214,2025-08-18 12:52:00,add_to_cart
E009707,C01214,2024-12-15 06:08:00,app_open
E009708,C01214,2023-12-22 03:46:00,app_open
E009709,C01214,2025-08-03 16:54:00,search
E009710,C01214,2025-02-14 15:18:00,search
E009711,C01214,2025-03-12 23:03:00,page_view
E009712,C01214,2023-08-05 07:32:00,add_to_cart
E009713,C01215,2025-06-21 12:33:00,page_view
E009714,C01215,2024-05-18 18:15:00,add_to_cart
E009715,C01215,2024-03-27 07:34:00,app_open
E009716,C01215,2025-02-06 22:24:00,app_open
E009717,C01215,2025-06-12 08:21:00,search
E009718,C01215,2023-12-10 10:50:00,app_open
E009719,C01215,2024-07-08 00:40:00,search
E009720,C01215,2025-07-13 00:06:00,search
E009721,C01216,2024-06-22 14:59:00,app_open
E009722,C01216,2025-12-18 06:07:00,app_open
E009723,C01216,2024-07-12 14:07:00,page_view
E009724,C01216,2025-11-15 16:19:00,search
E009725,C01216,2025-02-06 17:31:00,app_open
E009726,C01216,2023-11-08 20:38:00,search
E009727,C01216,2024-07-09 22:49:00,add_to_cart
E009728,C01216,2024-06-06 12:34:00,app_open
E009729,C01217,2023-08-30 14:05:00,add_to_cart
E009730,C01217,2025-10-03 05:15:00,page_view
E009731,C01217,2025-05-16 10:23:00,add_to_cart
E009732,C01217,2024-01-22 05:30:00,search
E009733,C01217,2024-03-23 15:03:00,page_view
E009734,C01217,2023-10-22 11:33:00,page_view
E009735,C01217,2023-04-05 13:53:00,app_open
E009736,C01217,2025-02-18 22:56:00,search
E009737,C01218,2025-02-16 06:02:00,page_view
E009738,C01218,2023-06-24 19:59:00,app_open
E009739,C01218,2023-11-03 10:21:00,add_to_cart
E009740,C01218,2024-08-31 15:49:00,app_open
E009741,C01218,2023-06-30 05:13:00,add_to_cart
E009742,C01218,2024-09-26 01:19:00,app_open
E009743,C01218,2025-05-19 07:07:00,page_view
E009744,C01218,2025-07-03 11:19:00,search
E009745,C01219,2023-04-16 18:59:00,page_view
E009746,C01219,2024-07-11 03:42:00,page_view
E009747,C01219,2025-05-14 07:50:00,search
E009748,C01219,2023-08-12 17:32:00,search
E009749,C01219,2025-10-09 03:03:00,app_open
E009750,C01219,2023-04-08 08:01:00,search
E009751,C01219,2025-01-29 19:42:00,page_view
E009752,C01219,2023-12-22 02:48:00,search
E009753,C01220,2025-05-19 17:27:00,search
E009754,C01220,2024-02-11 13:26:00,app_open
E009755,C01220,2023-01-26 01:50:00,search
E009756,C01220,2023-09-18 12:29:00,add_to_cart
E009757,C01220,2024-02-17 14:52:00,app_open
E009758,C01220,2023-02-10 21:50:00,search
E009759,C01220,2023-01-25 16:16:00,add_to_cart
E009760,C01220,2025-12-30 02:56:00,add_to_cart
E009761,C01221,2024-07-21 05:04:00,search
E009762,C01221,2025-08-01 06:28:00,page_view
E009763,C01221,2024-05-29 08:05:00,app_open
E009764,C01221,2025-06-03 13:49:00,add_to_cart
E009765,C01221,2025-04-29 16:03:00,search
E009766,C01221,2024-05-26 15:58:00,app_open
E009767,C01221,2024-03-15 11:50:00,app_open
E009768,C01221,2023-03-03 14:00:00,app_open
E009769,C01222,2025-06-22 03:50:00,search
E009770,C01222,2025-03-26 09:16:00,add_to_cart
E009771,C01222,2025-09-24 18:06:00,page_view
E009772,C01222,2025-07-18 17:18:00,add_to_cart
E009773,C01222,2024-01-26 05:38:00,search
E009774,C01222,2023-04-11 21:23:00,add_to_cart
E009775,C01222,2025-09-27 21:53:00,add_to_cart
E009776,C01222,2023-01-16 09:24:00,page_view
E009777,C01223,2023-04-28 00:44:00,page_view
E009778,C01223,2023-02-20 04:52:00,app_open
E009779,C01223,2023-07-13 01:48:00,add_to_cart
E009780,C01223,2023-03-05 14:36:00,search
E009781,C01223,2024-01-06 04:31:00,app_open
E009782,C01223,2025-09-07 15:21:00,page_view
E009783,C01223,2023-06-12 13:45:00,add_to_cart
E009784,C01223,2025-06-30 03:18:00,add_to_cart
E009785,C01224,2025-01-20 06:09:00,add_to_cart
E009786,C01224,2023-06-25 03:01:00,app_open
E009787,C01224,2023-05-11 04:24:00,page_view
E009788,C01224,2023-12-01 12:38:00,app_open
E009789,C01224,2023-03-13 07:34:00,add_to_cart
E009790,C01224,2023-06-11 16:40:00,app_open
E009791,C01224,2024-06-21 00:31:00,page_view
E009792,C01224,2023-05-09 10:38:00,page_view
E009793,C01225,2025-06-28 14:07:00,search
E009794,C01225,2025-09-05 13:42:00,search
E009795,C01225,2025-09-05 16:42:00,page_view
E009796,C01225,2023-05-17 02:57:00,add_to_cart
E009797,C01225,2024-12-03 18:31:00,add_to_cart
E009798,C01225,2024-12-01 11:37:00,search
E009799,C01225,2024-01-22 20:35:00,search
E009800,C01225,2024-06-18 21:58:00,add_to_cart
E009801,C01226,2023-03-15 13:25:00,add_to_cart
E009802,C01226,2023-11-05 14:24:00,page_view
E009803,C01226,2025-12-10 05:08:00,page_view
E009804,C01226,2025-11-19 16:32:00,add_to_cart
E009805,C01226,2024-10-14 05:40:00,search
E009806,C01226,2025-08-26 03:29:00,add_to_cart
E009807,C01226,2024-02-07 19:13:00,app_open
E009808,C01226,2025-04-21 10:23:00,add_to_cart
E009809,C01227,2024-09-08 19:34:00,page_view
E009810,C01227,2023-02-20 17:14:00,app_open
E009811,C01227,2023-05-26 04:12:00,page_view
E009812,C01227,2025-04-06 13:54:00,add_to_cart
E009813,C01227,2024-04-04 08:17:00,page_view
E009814,C01227,2023-01-28 07:16:00,page_view
E009815,C01227,2025-03-14 18:12:00,app_open
E009816,C01227,2024-03-22 15:06:00,app_open
E009817,C01228,2023-08-25 02:56:00,page_view
E009818,C01228,2023-04-25 16:39:00,search
E009819,C01228,2024-03-26 23:41:00,add_to_cart
E009820,C01228,2024-03-06 02:10:00,search
E009821,C01228,2024-08-21 13:02:00,search
E009822,C01228,2024-03-14 13:16:00,page_view
E009823,C01228,2023-01-03 16:11:00,page_view
E009824,C01228,2025-07-16 03:24:00,add_to_cart
E009825,C01229,2025-12-10 10:47:00,app_open
E009826,C01229,2025-03-08 17:53:00,page_view
E009827,C01229,2024-04-24 03:21:00,add_to_cart
E009828,C01229,2024-07-21 05:33:00,app_open
E009829,C01229,2023-02-26 06:22:00,add_to_cart
E009830,C01229,2025-08-06 07:18:00,page_view
E009831,C01229,2025-01-15 13:23:00,add_to_cart
E009832,C01229,2024-04-08 05:02:00,search
E009833,C01230,2025-05-20 05:46:00,search
E009834,C01230,2024-10-11 19:54:00,search
E009835,C01230,2023-04-27 07:30:00,search
E009836,C01230,2023-04-28 07:03:00,page_view
E009837,C01230,2023-09-25 13:13:00,search
E009838,C01230,2023-12-12 13:51:00,app_open
E009839,C01230,2025-04-19 13:46:00,app_open
E009840,C01230,2024-05-26 09:10:00,search
E009841,C01231,2025-08-09 13:29:00,add_to_cart
E009842,C01231,2023-10-14 12:41:00,search
E009843,C01231,2025-12-20 13:27:00,search
E009844,C01231,2023-03-14 10:32:00,add_to_cart
E009845,C01231,2023-03-22 01:07:00,page_view
E009846,C01231,2025-10-14 06:58:00,page_view
E009847,C01231,2023-10-03 00:29:00,add_to_cart
E009848,C01231,2025-11-18 04:06:00,app_open
E009849,C01232,2023-10-30 01:10:00,app_open
E009850,C01232,2024-07-06 12:29:00,app_open
E009851,C01232,2023-09-12 23:47:00,page_view
E009852,C01232,2023-03-27 11:21:00,page_view
E009853,C01232,2024-10-27 17:24:00,search
E009854,C01232,2025-07-06 06:38:00,add_to_cart
E009855,C01232,2025-03-26 03:05:00,page_view
E009856,C01232,2023-09-05 18:27:00,page_view
E009857,C01233,2023-09-27 22:19:00,search
E009858,C01233,2023-06-01 19:33:00,app_open
E009859,C01233,2025-02-19 03:53:00,page_view
E009860,C01233,2025-07-03 20:35:00,page_view
E009861,C01233,2025-02-15 22:04:00,add_to_cart
E009862,C01233,2024-12-01 22:11:00,page_view
E009863,C01233,2024-04-02 00:10:00,add_to_cart
E009864,C01233,2025-11-30 22:04:00,page_view
E009865,C01234,2025-12-21 11:29:00,search
E009866,C01234,2023-01-27 19:33:00,app_open
E009867,C01234,2024-06-01 07:08:00,app_open
E009868,C01234,2025-01-08 02:29:00,app_open
E009869,C01234,2024-03-27 01:00:00,search
E009870,C01234,2024-12-14 04:58:00,add_to_cart
E009871,C01234,2024-12-17 18:10:00,app_open
E009872,C01234,2024-12-06 09:51:00,add_to_cart
E009873,C01235,2023-05-31 10:58:00,app_open
E009874,C01235,2025-10-02 23:43:00,app_open
E009875,C01235,2023-03-28 17:21:00,search
E009876,C01235,2024-11-10 20:23:00,add_to_cart
E009877,C01235,2023-04-22 22:43:00,app_open
E009878,C01235,2025-03-23 04:54:00,add_to_cart
E009879,C01235,2024-09-21 16:21:00,page_view
E009880,C01235,2023-04-04 02:31:00,add_to_cart
E009881,C01236,2023-12-01 21:56:00,add_to_cart
E009882,C01236,2025-06-24 08:02:00,page_view
E009883,C01236,2024-03-15 22:09:00,app_open
E009884,C01236,2025-12-27 03:13:00,app_open
E009885,C01236,2023-08-21 23:54:00,app_open
E009886,C01236,2024-05-11 20:33:00,add_to_cart
E009887,C01236,2023-10-26 23:13:00,app_open
E009888,C01236,2023-12-30 09:38:00,page_view
E009889,C01237,2023-11-08 18:06:00,search
E009890,C01237,2024-09-10 14:11:00,add_to_cart
E009891,C01237,2023-04-09 20:41:00,app_open
E009892,C01237,2023-08-09 21:31:00,search
E009893,C01237,2023-06-13 19:09:00,page_view
E009894,C01237,2024-05-05 12:41:00,search
E009895,C01237,2024-06-21 16:40:00,app_open
E009896,C01237,2025-03-08 07:15:00,add_to_cart
E009897,C01238,2025-08-06 16:56:00,search
E009898,C01238,2024-12-25 02:33:00,app_open
E009899,C01238,2025-08-09 15:58:00,add_to_cart
E009900,C01238,2025-08-31 13:41:00,add_to_cart
E009901,C01238,2024-03-07 08:54:00,search
E009902,C01238,2025-08-18 19:56:00,add_to_cart
E009903,C01238,2023-10-23 14:58:00,page_view
E009904,C01238,2025-01-05 15:55:00,search
E009905,C01239,2023-08-22 12:17:00,add_to_cart
E009906,C01239,2023-05-16 02:05:00,app_open
E009907,C01239,2024-11-10 19:55:00,page_view
E009908,C01239,2023-01-23 07:32:00,app_open
E009909,C01239,2025-01-08 18:42:00,page_view
E009910,C01239,2023-05-17 16:38:00,search
E009911,C01239,2024-09-18 14:18:00,page_view
E009912,C01239,2023-04-13 22:03:00,search
E009913,C01240,2024-02-07 21:20:00,add_to_cart
E009914,C01240,2025-09-09 21:29:00,app_open
E009915,C01240,2025-06-09 02:55:00,app_open
E009916,C01240,2024-02-01 21:17:00,add_to_cart
E009917,C01240,2024-02-22 07:56:00,page_view
E009918,C01240,2024-09-12 20:06:00,search
E009919,C01240,2023-11-01 13:22:00,add_to_cart
E009920,C01240,2023-12-01 00:10:00,app_open
E009921,C01241,2023-04-07 23:48:00,page_view
E009922,C01241,2023-02-24 04:09:00,app_open
E009923,C01241,2023-05-18 14:25:00,search
E009924,C01241,2024-08-17 23:44:00,add_to_cart
E009925,C01241,2023-05-12 12:44:00,search
E009926,C01241,2024-08-21 11:25:00,page_view
E009927,C01241,2024-03-02 07:07:00,search
E009928,C01241,2025-09-06 07:00:00,page_view
E009929,C01242,2025-06-06 04:53:00,app_open
E009930,C01242,2024-06-26 03:22:00,app_open
E009931,C01242,2024-06-22 15:21:00,add_to_cart
E009932,C01242,2023-11-30 21:41:00,app_open
E009933,C01242,2024-02-12 16:10:00,add_to_cart
E009934,C01242,2024-08-03 07:57:00,app_open
E009935,C01242,2023-01-16 02:27:00,add_to_cart
E009936,C01242,2023-10-13 10:30:00,add_to_cart
E009937,C01243,2023-07-01 00:59:00,search
E009938,C01243,2025-04-26 06:41:00,search
E009939,C01243,2023-08-28 23:27:00,app_open
E009940,C01243,2023-08-07 05:01:00,app_open
E009941,C01243,2024-08-06 03:05:00,page_view
E009942,C01243,2024-01-13 02:27:00,search
E009943,C01243,2025-03-18 11:21:00,page_view
E009944,C01243,2023-06-24 04:25:00,app_open
E009945,C01244,2025-01-06 07:20:00,search
E009946,C01244,2023-06-12 07:28:00,add_to_cart
E009947,C01244,2023-01-27 20:29:00,page_view
E009948,C01244,2024-05-24 18:14:00,search
E009949,C01244,2024-10-08 04:24:00,page_view
E009950,C01244,2025-11-03 10:23:00,page_view
E009951,C01244,2023-07-26 12:23:00,search
E009952,C01244,2023-05-27 01:13:00,search
E009953,C01245,2023-03-03 00:03:00,page_view
E009954,C01245,2024-12-12 03:52:00,app_open
E009955,C01245,2024-09-21 16:39:00,add_to_cart
E009956,C01245,2024-05-15 15:18:00,app_open
E009957,C01245,2024-07-31 19:43:00,page_view
E009958,C01245,2023-10-06 22:26:00,search
E009959,C01245,2023-11-25 06:15:00,app_open
E009960,C01245,2025-06-16 21:26:00,search
E009961,C01246,2025-03-14 02:36:00,search
E009962,C01246,2023-02-09 22:35:00,page_view
E009963,C01246,2024-03-07 05:09:00,app_open
E009964,C01246,2024-06-18 14:50:00,page_view
E009965,C01246,2023-09-08 08:36:00,app_open
E009966,C01246,2023-01-12 01:14:00,search
E009967,C01246,2023-12-09 21:28:00,add_to_cart
E009968,C01246,2025-12-20 06:07:00,search
E009969,C01247,2023-04-27 18:41:00,page_view
E009970,C01247,2023-09-24 12:03:00,page_view
E009971,C01247,2023-12-14 22:59:00,search
E009972,C01247,2024-08-23 13:38:00,page_view
E009973,C01247,2025-07-20 18:09:00,search
E009974,C01247,2023-03-19 22:32:00,add_to_cart
E009975,C01247,2024-10-18 18:07:00,app_open
E009976,C01247,2025-06-01 10:03:00,page_view
E009977,C01248,2024-09-05 18:05:00,app_open
E009978,C01248,2024-06-10 05:09:00,search
E009979,C01248,2024-01-22 01:58:00,app_open
E009980,C01248,2023-04-07 01:03:00,add_to_cart
E009981,C01248,2024-07-11 12:16:00,add_to_cart
E009982,C01248,2025-02-01 00:58:00,page_view
E009983,C01248,2025-10-22 20:00:00,add_to_cart
E009984,C01248,2023-05-25 13:17:00,app_open
E009985,C01249,2024-07-23 16:02:00,add_to_cart
E009986,C01249,2023-06-13 04:24:00,search
E009987,C01249,2023-05-29 06:24:00,page_view
E009988,C01249,2025-03-01 12:22:00,app_open
E009989,C01249,2025-06-13 03:35:00,add_to_cart
E009990,C01249,2024-04-28 13:32:00,page_view
E009991,C01249,2024-08-10 09:16:00,app_open
E009992,C01249,2023-04-24 08:23:00,add_to_cart
E009993,C01250,2024-06-24 21:04:00,app_open
E009994,C01250,2024-01-31 08:20:00,app_open
E009995,C01250,2025-09-13 16:10:00,add_to_cart
E009996,C01250,2025-11-21 06:37:00,search
E009997,C01250,2023-11-03 08:08:00,app_open
E009998,C01250,2024-05-03 12:50:00,page_view
E009999,C01250,2025-05-26 15:11:00,app_open
E010000,C01250,2024-10-09 12:11:00,page_view
E010001,C01251,2024-03-19 09:52:00,page_view
E010002,C01251,2024-06-12 17:43:00,page_view
E010003,C01251,2023-03-08 12:07:00,add_to_cart
E010004,C01251,2024-11-28 15:21:00,search
E010005,C01251,2023-01-13 03:52:00,add_to_cart
E010006,C01251,2025-08-01 11:19:00,page_view
E010007,C01251,2023-08-24 17:13:00,page_view
E010008,C01251,2023-07-11 11:12:00,page_view
E010009,C01252,2023-09-12 12:30:00,page_view
E010010,C01252,2024-09-17 06:06:00,page_view
E010011,C01252,2025-06-10 10:56:00,page_view
E010012,C01252,2024-08-12 00:49:00,page_view
E010013,C01252,2023-07-27 19:14:00,page_view
E010014,C01252,2025-07-08 02:47:00,app_open
E010015,C01252,2024-08-03 20:32:00,search
E010016,C01252,2024-07-26 01:15:00,page_view
E010017,C01253,2024-09-06 19:11:00,page_view
E010018,C01253,2024-03-19 17:19:00,add_to_cart
E010019,C01253,2023-11-09 17:25:00,app_open
E010020,C01253,2023-06-19 19:13:00,search
E010021,C01253,2024-07-12 13:08:00,add_to_cart
E010022,C01253,2025-04-25 19:10:00,page_view
E010023,C01253,2024-10-27 01:55:00,search
E010024,C01253,2023-03-10 05:01:00,page_view
E010025,C01254,2024-05-17 07:09:00,search
E010026,C01254,2025-01-18 04:10:00,add_to_cart
E010027,C01254,2025-10-02 14:49:00,search
E010028,C01254,2025-09-13 02:38:00,search
E010029,C01254,2023-08-24 09:12:00,page_view
E010030,C01254,2024-01-28 06:39:00,page_view
E010031,C01254,2023-07-04 14:03:00,search
E010032,C01254,2024-10-09 21:04:00,page_view
E010033,C01255,2024-06-28 18:39:00,page_view
E010034,C01255,2025-04-06 05:46:00,app_open
E010035,C01255,2025-12-30 12:01:00,page_view
E010036,C01255,2024-03-26 01:21:00,search
E010037,C01255,2023-03-19 13:46:00,page_view
E010038,C01255,2024-01-25 19:34:00,add_to_cart
E010039,C01255,2025-07-04 03:13:00,add_to_cart
E010040,C01255,2025-06-22 11:45:00,search
E010041,C01256,2025-04-12 20:07:00,add_to_cart
E010042,C01256,2023-09-15 12:46:00,page_view
E010043,C01256,2024-04-27 15:34:00,page_view
E010044,C01256,2025-03-04 02:14:00,app_open
E010045,C01256,2024-05-06 07:37:00,search
E010046,C01256,2025-10-28 10:04:00,app_open
E010047,C01256,2024-11-13 09:58:00,app_open
E010048,C01256,2024-01-18 04:20:00,search
E010049,C01257,2023-10-19 17:30:00,app_open
E010050,C01257,2024-11-01 23:32:00,app_open
E010051,C01257,2025-08-07 13:43:00,add_to_cart
E010052,C01257,2025-05-01 10:47:00,search
E010053,C01257,2023-05-23 18:42:00,app_open
E010054,C01257,2024-03-16 03:52:00,app_open
E010055,C01257,2025-05-25 03:02:00,add_to_cart
E010056,C01257,2024-04-03 16:06:00,add_to_cart
E010057,C01258,2023-05-17 01:36:00,add_to_cart
E010058,C01258,2025-02-25 22:06:00,search
E010059,C01258,2024-11-15 12:23:00,search
E010060,C01258,2023-07-28 12:51:00,add_to_cart
E010061,C01258,2023-11-14 00:44:00,page_view
E010062,C01258,2025-04-04 04:52:00,add_to_cart
E010063,C01258,2024-11-22 21:38:00,add_to_cart
E010064,C01258,2025-03-10 03:02:00,page_view
E010065,C01259,2023-09-25 15:04:00,search
E010066,C01259,2023-04-13 16:25:00,page_view
E010067,C01259,2025-07-18 03:40:00,app_open
E010068,C01259,2023-04-04 02:44:00,app_open
E010069,C01259,2024-07-29 00:23:00,app_open
E010070,C01259,2025-07-17 18:58:00,add_to_cart
E010071,C01259,2023-12-10 03:45:00,page_view
E010072,C01259,2024-01-16 01:53:00,page_view
E010073,C01260,2023-07-28 21:54:00,search
E010074,C01260,2025-05-23 03:34:00,app_open
E010075,C01260,2024-02-25 02:15:00,add_to_cart
E010076,C01260,2023-10-31 08:53:00,app_open
E010077,C01260,2023-12-09 14:00:00,app_open
E010078,C01260,2024-11-11 21:50:00,add_to_cart
E010079,C01260,2025-06-30 15:36:00,app_open
E010080,C01260,2025-12-03 04:53:00,search
E010081,C01261,2025-01-11 23:05:00,search
E010082,C01261,2023-01-27 14:11:00,app_open
E010083,C01261,2024-12-19 01:58:00,search
E010084,C01261,2024-04-20 00:13:00,search
E010085,C01261,2025-02-25 08:51:00,search
E010086,C01261,2023-11-22 04:16:00,add_to_cart
E010087,C01261,2023-11-11 23:00:00,app_open
E010088,C01261,2023-05-06 14:23:00,search
E010089,C01262,2025-04-09 13:28:00,page_view
E010090,C01262,2025-02-16 19:05:00,app_open
E010091,C01262,2024-07-23 15:46:00,app_open
E010092,C01262,2023-09-18 18:45:00,add_to_cart
E010093,C01262,2023-04-28 18:40:00,page_view
E010094,C01262,2023-09-13 00:28:00,app_open
E010095,C01262,2025-03-14 21:38:00,page_view
E010096,C01262,2025-05-16 02:03:00,page_view
E010097,C01263,2024-05-08 16:36:00,search
E010098,C01263,2025-03-17 14:12:00,add_to_cart
E010099,C01263,2023-01-03 01:45:00,add_to_cart
E010100,C01263,2023-06-21 17:39:00,page_view
E010101,C01263,2023-01-09 02:18:00,search
E010102,C01263,2023-05-30 05:30:00,search
E010103,C01263,2023-03-10 01:52:00,app_open
E010104,C01263,2025-06-09 14:21:00,search
E010105,C01264,2025-02-22 09:22:00,add_to_cart
E010106,C01264,2023-03-31 17:17:00,app_open
E010107,C01264,2025-09-26 09:18:00,add_to_cart
E010108,C01264,2024-06-07 18:58:00,search
E010109,C01264,2024-04-09 08:16:00,page_view
E010110,C01264,2023-09-08 12:38:00,add_to_cart
E010111,C01264,2024-05-07 14:22:00,search
E010112,C01264,2023-03-29 00:08:00,add_to_cart
E010113,C01265,2023-10-09 04:59:00,add_to_cart
E010114,C01265,2025-06-17 00:40:00,add_to_cart
E010115,C01265,2024-09-09 10:14:00,search
E010116,C01265,2025-04-21 10:47:00,add_to_cart
E010117,C01265,2024-03-18 17:59:00,page_view
E010118,C01265,2024-07-17 16:58:00,page_view
E010119,C01265,2024-05-13 14:49:00,app_open
E010120,C01265,2025-11-09 02:36:00,add_to_cart
E010121,C01266,2025-08-20 00:14:00,app_open
E010122,C01266,2024-03-15 00:07:00,search
E010123,C01266,2024-09-01 00:14:00,app_open
E010124,C01266,2023-03-10 14:05:00,page_view
E010125,C01266,2023-03-30 07:51:00,add_to_cart
E010126,C01266,2023-02-13 07:48:00,app_open
E010127,C01266,2024-04-11 06:04:00,page_view
E010128,C01266,2023-12-06 23:00:00,page_view
E010129,C01267,2023-11-01 01:47:00,add_to_cart
E010130,C01267,2023-11-19 17:48:00,app_open
E010131,C01267,2024-03-16 17:33:00,app_open
E010132,C01267,2023-11-02 03:46:00,app_open
E010133,C01267,2025-06-10 22:28:00,search
E010134,C01267,2023-12-31 19:33:00,app_open
E010135,C01267,2023-08-21 16:26:00,app_open
E010136,C01267,2024-02-19 17:25:00,search
E010137,C01268,2025-05-14 09:40:00,add_to_cart
E010138,C01268,2023-06-09 07:38:00,search
E010139,C01268,2024-08-09 02:48:00,add_to_cart
E010140,C01268,2025-12-28 03:11:00,add_to_cart
E010141,C01268,2025-11-19 16:02:00,page_view
E010142,C01268,2023-07-20 09:00:00,page_view
E010143,C01268,2023-09-24 17:31:00,search
E010144,C01268,2023-07-24 12:54:00,add_to_cart
E010145,C01269,2023-05-09 22:33:00,page_view
E010146,C01269,2024-11-16 04:09:00,search
E010147,C01269,2025-01-21 01:39:00,search
E010148,C01269,2024-09-07 09:04:00,app_open
E010149,C01269,2025-07-19 05:29:00,app_open
E010150,C01269,2025-12-01 12:57:00,add_to_cart
E010151,C01269,2024-03-27 16:15:00,add_to_cart
E010152,C01269,2023-12-23 00:17:00,app_open
E010153,C01270,2024-09-25 15:46:00,page_view
E010154,C01270,2024-05-04 13:18:00,search
E010155,C01270,2024-07-01 23:35:00,add_to_cart
E010156,C01270,2024-11-26 22:53:00,page_view
E010157,C01270,2024-08-10 19:44:00,page_view
E010158,C01270,2023-02-10 06:21:00,app_open
E010159,C01270,2025-03-19 01:12:00,page_view
E010160,C01270,2023-12-29 04:24:00,page_view
E010161,C01271,2024-09-08 01:18:00,search
E010162,C01271,2023-11-02 11:01:00,add_to_cart
E010163,C01271,2023-10-13 01:54:00,search
E010164,C01271,2024-06-09 17:31:00,app_open
E010165,C01271,2023-03-14 03:23:00,add_to_cart
E010166,C01271,2025-11-06 23:08:00,search
E010167,C01271,2024-11-16 21:39:00,page_view
E010168,C01271,2025-02-18 02:00:00,add_to_cart
E010169,C01272,2025-06-19 14:42:00,search
E010170,C01272,2024-11-15 12:28:00,add_to_cart
E010171,C01272,2024-01-26 16:16:00,page_view
E010172,C01272,2023-09-30 05:07:00,page_view
E010173,C01272,2025-03-21 07:49:00,app_open
E010174,C01272,2025-07-28 17:27:00,page_view
E010175,C01272,2025-01-28 14:44:00,search
E010176,C01272,2025-07-19 23:22:00,app_open
E010177,C01273,2025-01-23 16:21:00,search
E010178,C01273,2024-08-24 23:42:00,search
E010179,C01273,2025-06-07 19:33:00,page_view
E010180,C01273,2024-06-23 19:40:00,page_view
E010181,C01273,2023-02-24 19:20:00,add_to_cart
E010182,C01273,2025-12-31 17:04:00,page_view
E010183,C01273,2024-09-24 20:37:00,add_to_cart
E010184,C01273,2025-07-14 03:56:00,page_view
E010185,C01274,2023-11-14 11:18:00,search
E010186,C01274,2023-08-16 14:05:00,page_view
E010187,C01274,2023-07-29 22:43:00,page_view
E010188,C01274,2023-02-20 12:56:00,add_to_cart
E010189,C01274,2025-07-14 08:07:00,add_to_cart
E010190,C01274,2024-04-30 10:28:00,add_to_cart
E010191,C01274,2023-01-28 04:33:00,search
E010192,C01274,2025-05-18 03:40:00,search
E010193,C01275,2024-01-08 17:14:00,search
E010194,C01275,2025-10-09 03:58:00,app_open
E010195,C01275,2025-12-19 18:06:00,search
E010196,C01275,2024-01-06 15:24:00,app_open
E010197,C01275,2025-03-31 14:38:00,add_to_cart
E010198,C01275,2023-06-18 09:14:00,app_open
E010199,C01275,2025-05-20 20:28:00,page_view
E010200,C01275,2025-07-11 02:04:00,app_open
E010201,C01276,2023-11-02 05:37:00,add_to_cart
E010202,C01276,2023-02-20 03:07:00,page_view
E010203,C01276,2024-12-15 09:06:00,page_view
E010204,C01276,2023-01-03 04:05:00,add_to_cart
E010205,C01276,2025-05-19 22:44:00,search
E010206,C01276,2024-08-18 23:39:00,search
E010207,C01276,2025-04-04 06:16:00,search
E010208,C01276,2023-07-31 05:56:00,app_open
E010209,C01277,2025-03-29 14:29:00,app_open
E010210,C01277,2023-11-12 14:46:00,page_view
E010211,C01277,2024-09-10 11:23:00,add_to_cart
E010212,C01277,2025-01-07 11:19:00,add_to_cart
E010213,C01277,2023-01-23 12:11:00,page_view
E010214,C01277,2023-09-20 08:16:00,app_open
E010215,C01277,2023-08-18 20:55:00,app_open
E010216,C01277,2025-01-29 08:25:00,app_open
E010217,C01278,2023-11-17 20:11:00,add_to_cart
E010218,C01278,2023-07-18 09:28:00,app_open
E010219,C01278,2025-12-01 20:44:00,add_to_cart
E010220,C01278,2024-08-03 11:01:00,app_open
E010221,C01278,2023-05-30 21:26:00,page_view
E010222,C01278,2023-03-28 07:18:00,search
E010223,C01278,2024-04-19 07:22:00,app_open
E010224,C01278,2024-06-17 18:47:00,search
E010225,C01279,2025-12-16 10:09:00,search
E010226,C01279,2024-02-28 11:31:00,add_to_cart
E010227,C01279,2025-04-02 13:02:00,page_view
E010228,C01279,2024-10-10 21:35:00,app_open
E010229,C01279,2024-06-18 16:46:00,search
E010230,C01279,2024-04-07 07:42:00,add_to_cart
E010231,C01279,2024-07-15 16:38:00,page_view
E010232,C01279,2025-05-04 13:13:00,page_view
E010233,C01280,2024-07-05 13:23:00,add_to_cart
E010234,C01280,2023-08-26 20:54:00,app_open
E010235,C01280,2024-08-08 13:42:00,page_view
E010236,C01280,2023-06-12 10:06:00,page_view
E010237,C01280,2023-12-29 01:32:00,page_view
E010238,C01280,2024-12-26 11:53:00,app_open
E010239,C01280,2024-09-22 16:14:00,page_view
E010240,C01280,2024-12-30 05:09:00,app_open
E010241,C01281,2025-08-30 06:03:00,add_to_cart
E010242,C01281,2023-02-18 22:00:00,search
E010243,C01281,2025-03-24 06:51:00,app_open
E010244,C01281,2023-01-06 09:52:00,app_open
E010245,C01281,2025-08-08 05:22:00,page_view
E010246,C01281,2025-04-22 02:07:00,app_open
E010247,C01281,2023-11-07 15:52:00,add_to_cart
E010248,C01281,2025-07-16 14:52:00,search
E010249,C01282,2025-09-25 02:18:00,app_open
E010250,C01282,2024-02-09 19:31:00,add_to_cart
E010251,C01282,2025-09-13 02:00:00,page_view
E010252,C01282,2023-05-31 05:40:00,add_to_cart
E010253,C01282,2025-04-07 19:04:00,search
E010254,C01282,2025-09-26 06:55:00,page_view
E010255,C01282,2025-03-16 08:41:00,add_to_cart
E010256,C01282,2024-07-09 07:38:00,app_open
E010257,C01283,2024-03-15 23:15:00,app_open
E010258,C01283,2025-07-30 16:30:00,app_open
E010259,C01283,2023-11-24 07:39:00,page_view
E010260,C01283,2025-02-18 07:14:00,page_view
E010261,C01283,2024-07-06 06:31:00,search
E010262,C01283,2025-04-15 12:59:00,add_to_cart
E010263,C01283,2025-03-23 00:14:00,add_to_cart
E010264,C01283,2025-01-06 18:32:00,page_view
E010265,C01284,2023-07-11 09:56:00,add_to_cart
E010266,C01284,2024-03-07 10:39:00,search
E010267,C01284,2023-12-16 14:41:00,search
E010268,C01284,2023-12-25 10:29:00,add_to_cart
E010269,C01284,2025-05-04 17:59:00,page_view
E010270,C01284,2024-05-04 03:25:00,page_view
E010271,C01284,2023-09-10 01:24:00,add_to_cart
E010272,C01284,2025-06-30 20:19:00,page_view
E010273,C01285,2023-08-06 02:00:00,search
E010274,C01285,2025-09-30 18:36:00,search
E010275,C01285,2024-08-11 04:03:00,search
E010276,C01285,2025-12-28 00:26:00,add_to_cart
E010277,C01285,2023-04-12 06:13:00,add_to_cart
E010278,C01285,2023-09-10 08:39:00,page_view
E010279,C01285,2023-05-03 11:20:00,add_to_cart
E010280,C01285,2024-04-06 05:38:00,add_to_cart
E010281,C01286,2025-06-20 07:17:00,add_to_cart
E010282,C01286,2025-09-03 03:27:00,add_to_cart
E010283,C01286,2023-07-04 10:07:00,page_view
E010284,C01286,2025-07-13 08:20:00,add_to_cart
E010285,C01286,2024-02-05 10:18:00,app_open
E010286,C01286,2025-01-01 16:07:00,add_to_cart
E010287,C01286,2023-11-17 19:44:00,page_view
E010288,C01286,2023-04-21 19:40:00,app_open
E010289,C01287,2024-11-26 19:58:00,add_to_cart
E010290,C01287,2025-11-16 13:52:00,app_open
E010291,C01287,2024-12-19 06:52:00,add_to_cart
E010292,C01287,2023-12-27 05:43:00,add_to_cart
E010293,C01287,2024-12-28 14:38:00,app_open
E010294,C01287,2023-04-19 12:53:00,app_open
E010295,C01287,2024-07-11 23:54:00,app_open
E010296,C01287,2023-09-08 03:54:00,app_open
E010297,C01288,2025-06-24 13:19:00,page_view
E010298,C01288,2025-11-26 00:08:00,search
E010299,C01288,2024-03-08 00:30:00,search
E010300,C01288,2023-04-03 10:11:00,app_open
E010301,C01288,2025-07-08 10:07:00,search
E010302,C01288,2023-09-20 04:39:00,add_to_cart
E010303,C01288,2025-04-25 10:38:00,search
E010304,C01288,2024-05-18 05:59:00,search
E010305,C01289,2023-10-07 23:10:00,search
E010306,C01289,2023-02-14 08:07:00,add_to_cart
E010307,C01289,2024-01-15 09:33:00,search
E010308,C01289,2023-05-06 13:19:00,add_to_cart
E010309,C01289,2025-01-30 13:25:00,add_to_cart
E010310,C01289,2024-01-13 05:36:00,search
E010311,C01289,2023-02-11 06:43:00,search
E010312,C01289,2024-08-22 13:00:00,page_view
E010313,C01290,2023-04-07 17:58:00,page_view
E010314,C01290,2024-11-30 00:56:00,app_open
E010315,C01290,2023-10-01 09:05:00,search
E010316,C01290,2023-05-04 11:24:00,add_to_cart
E010317,C01290,2024-03-14 14:19:00,add_to_cart
E010318,C01290,2025-06-11 12:08:00,page_view
E010319,C01290,2023-10-30 20:33:00,search
E010320,C01290,2023-03-26 16:02:00,page_view
E010321,C01291,2024-09-11 09:56:00,page_view
E010322,C01291,2023-06-08 19:46:00,app_open
E010323,C01291,2025-04-25 12:28:00,search
E010324,C01291,2025-08-05 13:13:00,add_to_cart
E010325,C01291,2024-07-15 01:14:00,app_open
E010326,C01291,2025-11-08 10:03:00,page_view
E010327,C01291,2024-10-13 09:19:00,add_to_cart
E010328,C01291,2025-11-16 06:22:00,search
E010329,C01292,2024-08-16 11:42:00,app_open
E010330,C01292,2023-12-07 05:09:00,search
E010331,C01292,2024-01-08 05:32:00,add_to_cart
E010332,C01292,2023-06-10 09:11:00,search
E010333,C01292,2023-01-29 02:40:00,app_open
E010334,C01292,2024-12-25 09:47:00,app_open
E010335,C01292,2023-04-25 15:02:00,page_view
E010336,C01292,2025-07-21 20:59:00,page_view
E010337,C01293,2023-07-01 04:58:00,page_view
E010338,C01293,2024-03-13 03:50:00,app_open
E010339,C01293,2024-01-03 06:42:00,add_to_cart
E010340,C01293,2024-04-17 15:18:00,add_to_cart
E010341,C01293,2023-11-23 10:22:00,app_open
E010342,C01293,2025-09-27 21:14:00,page_view
E010343,C01293,2024-08-17 01:31:00,add_to_cart
E010344,C01293,2025-03-21 18:09:00,search
E010345,C01294,2023-01-31 16:06:00,page_view
E010346,C01294,2025-09-21 11:13:00,add_to_cart
E010347,C01294,2024-12-13 08:33:00,add_to_cart
E010348,C01294,2023-11-23 06:44:00,page_view
E010349,C01294,2024-02-04 20:56:00,search
E010350,C01294,2023-03-02 18:53:00,add_to_cart
E010351,C01294,2025-06-26 10:50:00,app_open
E010352,C01294,2023-03-29 22:53:00,search
E010353,C01295,2025-04-28 08:36:00,add_to_cart
E010354,C01295,2024-09-18 12:12:00,app_open
E010355,C01295,2025-11-09 04:00:00,search
E010356,C01295,2025-08-05 14:30:00,add_to_cart
E010357,C01295,2023-07-21 05:58:00,search
E010358,C01295,2024-06-01 01:25:00,page_view
E010359,C01295,2023-06-15 12:24:00,search
E010360,C01295,2024-09-02 15:09:00,page_view
E010361,C01296,2025-07-01 17:14:00,add_to_cart
E010362,C01296,2025-05-30 15:27:00,page_view
E010363,C01296,2023-12-02 06:45:00,search
E010364,C01296,2023-11-12 22:00:00,search
E010365,C01296,2023-07-12 22:45:00,search
E010366,C01296,2025-02-04 18:41:00,search
E010367,C01296,2025-03-22 14:16:00,app_open
E010368,C01296,2025-07-08 03:40:00,page_view
E010369,C01297,2024-12-28 14:18:00,add_to_cart
E010370,C01297,2023-11-09 19:10:00,search
E010371,C01297,2024-12-06 08:05:00,page_view
E010372,C01297,2023-10-29 00:59:00,search
E010373,C01297,2024-01-31 08:33:00,page_view
E010374,C01297,2025-04-29 01:01:00,page_view
E010375,C01297,2025-02-06 21:54:00,search
E010376,C01297,2025-09-30 14:36:00,search
E010377,C01298,2024-07-23 18:13:00,app_open
E010378,C01298,2023-08-15 11:47:00,add_to_cart
E010379,C01298,2025-03-08 07:08:00,page_view
E010380,C01298,2024-03-16 00:06:00,app_open
E010381,C01298,2025-04-01 21:57:00,app_open
E010382,C01298,2025-05-14 04:33:00,app_open
E010383,C01298,2025-10-19 07:38:00,search
E010384,C01298,2024-08-09 18:39:00,page_view
E010385,C01299,2025-01-06 07:21:00,app_open
E010386,C01299,2024-05-10 03:39:00,app_open
E010387,C01299,2025-11-07 02:39:00,add_to_cart
E010388,C01299,2023-09-10 17:11:00,add_to_cart
E010389,C01299,2024-08-02 07:38:00,search
E010390,C01299,2024-01-28 01:01:00,add_to_cart
E010391,C01299,2025-05-08 08:43:00,page_view
E010392,C01299,2023-09-20 07:32:00,add_to_cart
E010393,C01300,2024-11-15 06:00:00,add_to_cart
E010394,C01300,2025-12-25 13:26:00,add_to_cart
E010395,C01300,2025-08-18 07:57:00,search
E010396,C01300,2025-12-30 16:51:00,page_view
E010397,C01300,2024-02-11 18:39:00,add_to_cart
E010398,C01300,2023-08-04 11:08:00,page_view
E010399,C01300,2025-11-03 12:27:00,search
E010400,C01300,2025-08-25 04:08:00,search
E010401,C01301,2025-03-29 13:05:00,search
E010402,C01301,2025-04-05 04:10:00,add_to_cart
E010403,C01301,2023-08-18 06:38:00,search
E010404,C01301,2023-08-04 12:20:00,page_view
E010405,C01301,2023-06-12 10:00:00,page_view
E010406,C01301,2023-10-07 09:48:00,search
E010407,C01301,2025-06-26 17:25:00,add_to_cart
E010408,C01301,2024-04-20 11:29:00,page_view
E010409,C01302,2025-10-26 01:21:00,page_view
E010410,C01302,2024-11-09 00:20:00,search
E010411,C01302,2023-03-12 01:10:00,app_open
E010412,C01302,2025-10-03 12:00:00,app_open
E010413,C01302,2025-06-02 15:26:00,page_view
E010414,C01302,2025-06-25 20:03:00,add_to_cart
E010415,C01302,2023-04-27 23:55:00,app_open
E010416,C01302,2025-11-30 09:05:00,search
E010417,C01303,2023-08-25 16:36:00,app_open
E010418,C01303,2025-03-22 15:50:00,search
E010419,C01303,2024-01-09 00:59:00,app_open
E010420,C01303,2025-04-28 05:11:00,search
E010421,C01303,2023-12-22 10:19:00,app_open
E010422,C01303,2023-07-04 07:02:00,page_view
E010423,C01303,2023-08-03 09:37:00,app_open
E010424,C01303,2025-12-15 11:14:00,page_view
E010425,C01304,2024-05-08 01:18:00,search
E010426,C01304,2023-03-12 20:34:00,search
E010427,C01304,2024-12-14 19:21:00,search
E010428,C01304,2025-09-04 17:26:00,page_view
E010429,C01304,2023-03-31 18:20:00,app_open
E010430,C01304,2023-11-17 05:44:00,add_to_cart
E010431,C01304,2025-01-26 08:50:00,search
E010432,C01304,2023-02-22 03:56:00,app_open
E010433,C01305,2024-10-30 03:01:00,add_to_cart
E010434,C01305,2025-07-14 01:08:00,search
E010435,C01305,2023-11-16 15:13:00,app_open
E010436,C01305,2025-08-03 22:56:00,add_to_cart
E010437,C01305,2023-10-04 03:06:00,page_view
E010438,C01305,2024-06-16 01:41:00,app_open
E010439,C01305,2024-04-20 06:32:00,add_to_cart
E010440,C01305,2023-08-08 05:14:00,search
E010441,C01306,2023-08-16 12:05:00,search
E010442,C01306,2024-08-19 10:46:00,page_view
E010443,C01306,2023-08-10 14:09:00,page_view
E010444,C01306,2024-03-14 10:47:00,add_to_cart
E010445,C01306,2025-12-11 14:42:00,add_to_cart
E010446,C01306,2024-12-12 10:06:00,search
E010447,C01306,2024-06-07 01:00:00,page_view
E010448,C01306,2023-10-02 20:00:00,app_open
E010449,C01307,2025-08-28 10:00:00,app_open
E010450,C01307,2025-01-30 13:29:00,page_view
E010451,C01307,2024-08-01 12:57:00,add_to_cart
E010452,C01307,2025-04-16 16:39:00,page_view
E010453,C01307,2025-01-25 17:16:00,search
E010454,C01307,2024-08-25 06:58:00,page_view
E010455,C01307,2025-06-08 23:13:00,search
E010456,C01307,2025-12-16 06:54:00,page_view
E010457,C01308,2023-12-02 00:01:00,app_open
E010458,C01308,2025-07-05 14:21:00,search
E010459,C01308,2025-05-13 10:00:00,app_open
E010460,C01308,2025-11-26 03:22:00,app_open
E010461,C01308,2023-01-16 01:15:00,app_open
E010462,C01308,2025-05-04 06:05:00,add_to_cart
E010463,C01308,2023-04-30 10:52:00,add_to_cart
E010464,C01308,2023-09-18 18:42:00,app_open
E010465,C01309,2025-08-21 12:39:00,search
E010466,C01309,2024-11-15 09:15:00,add_to_cart
E010467,C01309,2023-09-30 04:10:00,search
E010468,C01309,2023-01-26 00:51:00,search
E010469,C01309,2024-06-15 05:58:00,search
E010470,C01309,2023-11-21 17:55:00,app_open
E010471,C01309,2023-03-22 08:52:00,app_open
E010472,C01309,2024-03-04 20:15:00,add_to_cart
E010473,C01310,2023-06-26 11:15:00,app_open
E010474,C01310,2025-03-07 07:22:00,page_view
E010475,C01310,2023-02-02 00:11:00,page_view
E010476,C01310,2025-04-15 19:31:00,search
E010477,C01310,2023-08-23 21:10:00,app_open
E010478,C01310,2025-09-16 02:59:00,page_view
E010479,C01310,2024-07-03 21:01:00,page_view
E010480,C01310,2024-02-24 15:55:00,search
E010481,C01311,2024-05-31 08:08:00,search
E010482,C01311,2023-01-08 16:13:00,app_open
E010483,C01311,2023-02-12 18:32:00,app_open
E010484,C01311,2025-07-05 00:40:00,add_to_cart
E010485,C01311,2025-06-04 09:42:00,add_to_cart
E010486,C01311,2024-05-04 08:23:00,page_view
E010487,C01311,2025-03-28 19:07:00,add_to_cart
E010488,C01311,2025-01-29 21:58:00,page_view
E010489,C01312,2023-04-07 21:02:00,add_to_cart
E010490,C01312,2025-01-13 16:49:00,app_open
E010491,C01312,2023-04-11 16:06:00,app_open
E010492,C01312,2024-07-23 20:16:00,page_view
E010493,C01312,2023-06-19 00:36:00,search
E010494,C01312,2023-03-02 11:35:00,search
E010495,C01312,2024-11-18 03:14:00,search
E010496,C01312,2024-01-04 09:37:00,page_view
E010497,C01313,2025-04-04 14:52:00,app_open
E010498,C01313,2024-07-28 00:10:00,page_view
E010499,C01313,2023-01-27 03:39:00,page_view
E010500,C01313,2025-09-20 13:25:00,add_to_cart
E010501,C01313,2023-05-29 00:29:00,search
E010502,C01313,2023-04-12 11:45:00,app_open
E010503,C01313,2025-02-06 12:07:00,app_open
E010504,C01313,2024-06-29 13:50:00,page_view
E010505,C01314,2024-12-11 03:37:00,add_to_cart
E010506,C01314,2025-02-04 16:49:00,add_to_cart
E010507,C01314,2023-06-25 19:46:00,add_to_cart
E010508,C01314,2024-12-17 04:35:00,page_view
E010509,C01314,2023-08-17 02:58:00,search
E010510,C01314,2025-12-07 09:35:00,page_view
E010511,C01314,2024-02-23 02:48:00,add_to_cart
E010512,C01314,2024-08-05 08:58:00,add_to_cart
E010513,C01315,2023-07-17 14:35:00,search
E010514,C01315,2025-05-28 13:28:00,search
E010515,C01315,2023-02-01 02:15:00,search
E010516,C01315,2023-07-21 05:15:00,add_to_cart
E010517,C01315,2024-03-27 22:57:00,search
E010518,C01315,2025-11-25 15:08:00,add_to_cart
E010519,C01315,2024-12-14 19:17:00,search
E010520,C01315,2023-07-11 17:48:00,add_to_cart
E010521,C01316,2023-04-10 19:52:00,add_to_cart
E010522,C01316,2025-03-02 13:41:00,page_view
E010523,C01316,2024-10-09 19:46:00,app_open
E010524,C01316,2023-04-03 11:17:00,page_view
E010525,C01316,2025-08-06 00:43:00,app_open
E010526,C01316,2025-08-10 07:04:00,search
E010527,C01316,2023-10-22 11:57:00,page_view
E010528,C01316,2023-02-02 01:05:00,app_open
E010529,C01317,2023-11-12 08:19:00,add_to_cart
E010530,C01317,2023-05-14 22:44:00,app_open
E010531,C01317,2024-09-16 14:56:00,app_open
E010532,C01317,2024-08-23 05:45:00,app_open
E010533,C01317,2024-10-27 19:50:00,add_to_cart
E010534,C01317,2024-07-20 19:04:00,add_to_cart
E010535,C01317,2024-01-08 02:59:00,add_to_cart
E010536,C01317,2024-09-17 00:28:00,add_to_cart
E010537,C01318,2024-01-23 02:55:00,add_to_cart
E010538,C01318,2023-12-10 17:05:00,search
E010539,C01318,2025-01-16 12:39:00,search
E010540,C01318,2023-03-10 01:10:00,app_open
E010541,C01318,2023-04-27 23:37:00,app_open
E010542,C01318,2025-03-02 05:28:00,app_open
E010543,C01318,2025-03-27 21:56:00,search
E010544,C01318,2023-11-25 09:18:00,app_open
E010545,C01319,2025-10-09 01:16:00,add_to_cart
E010546,C01319,2024-06-05 19:06:00,page_view
E010547,C01319,2024-05-28 23:55:00,app_open
E010548,C01319,2024-05-18 15:05:00,app_open
E010549,C01319,2023-01-16 06:42:00,page_view
E010550,C01319,2024-09-26 02:43:00,search
E010551,C01319,2024-08-07 18:53:00,page_view
E010552,C01319,2025-01-26 18:43:00,search
E010553,C01320,2023-01-20 22:02:00,app_open
E010554,C01320,2025-02-06 13:45:00,add_to_cart
E010555,C01320,2023-02-01 17:52:00,search
E010556,C01320,2023-07-03 06:22:00,app_open
E010557,C01320,2024-04-05 13:26:00,page_view
E010558,C01320,2025-08-17 12:25:00,page_view
E010559,C01320,2025-06-22 08:42:00,app_open
E010560,C01320,2024-07-14 18:05:00,add_to_cart
E010561,C01321,2023-07-04 12:57:00,search
E010562,C01321,2023-07-01 01:11:00,page_view
E010563,C01321,2024-02-29 11:03:00,search
E010564,C01321,2023-07-18 21:05:00,add_to_cart
E010565,C01321,2024-10-09 19:53:00,search
E010566,C01321,2023-02-24 03:27:00,search
E010567,C01321,2025-07-10 21:50:00,app_open
E010568,C01321,2025-07-08 14:29:00,app_open
E010569,C01322,2024-05-22 19:47:00,search
E010570,C01322,2025-09-29 07:26:00,add_to_cart
E010571,C01322,2024-06-23 00:09:00,add_to_cart
E010572,C01322,2024-03-27 03:16:00,search
E010573,C01322,2025-01-11 21:37:00,app_open
E010574,C01322,2023-12-14 19:10:00,page_view
E010575,C01322,2023-08-03 06:58:00,app_open
E010576,C01322,2023-09-19 15:10:00,app_open
E010577,C01323,2023-08-03 04:10:00,app_open
E010578,C01323,2025-06-15 18:03:00,add_to_cart
E010579,C01323,2025-03-21 22:38:00,add_to_cart
E010580,C01323,2023-02-05 21:42:00,app_open
E010581,C01323,2025-02-14 14:18:00,add_to_cart
E010582,C01323,2023-10-02 07:13:00,app_open
E010583,C01323,2023-12-22 05:55:00,page_view
E010584,C01323,2023-03-06 07:18:00,search
E010585,C01324,2024-07-17 05:06:00,app_open
E010586,C01324,2023-03-12 15:50:00,page_view
E010587,C01324,2024-02-20 18:03:00,search
E010588,C01324,2025-11-19 03:02:00,add_to_cart
E010589,C01324,2025-07-15 09:06:00,page_view
E010590,C01324,2023-10-13 10:04:00,add_to_cart
E010591,C01324,2025-12-12 01:43:00,add_to_cart
E010592,C01324,2023-09-21 03:19:00,app_open
E010593,C01325,2024-12-12 16:45:00,app_open
E010594,C01325,2024-02-10 21:17:00,app_open
E010595,C01325,2023-07-10 11:15:00,page_view
E010596,C01325,2024-07-04 09:38:00,add_to_cart
E010597,C01325,2023-09-30 03:12:00,app_open
E010598,C01325,2025-12-04 15:03:00,page_view
E010599,C01325,2025-07-03 20:36:00,search
E010600,C01325,2024-10-01 11:36:00,page_view
E010601,C01326,2024-12-03 05:41:00,search
E010602,C01326,2024-06-04 02:57:00,page_view
E010603,C01326,2025-12-17 07:53:00,app_open
E010604,C01326,2025-01-16 21:03:00,add_to_cart
E010605,C01326,2024-11-21 10:11:00,search
E010606,C01326,2024-11-15 23:02:00,search
E010607,C01326,2023-03-10 00:33:00,page_view
E010608,C01326,2025-04-14 12:38:00,page_view
E010609,C01327,2024-08-19 03:24:00,search
E010610,C01327,2025-09-04 01:38:00,add_to_cart
E010611,C01327,2025-06-24 17:40:00,add_to_cart
E010612,C01327,2023-10-25 04:08:00,page_view
E010613,C01327,2023-02-16 22:47:00,search
E010614,C01327,2025-07-15 03:14:00,add_to_cart
E010615,C01327,2024-10-19 00:30:00,add_to_cart
E010616,C01327,2023-07-26 17:27:00,add_to_cart
E010617,C01328,2025-06-12 11:44:00,app_open
E010618,C01328,2023-06-04 09:04:00,app_open
E010619,C01328,2025-02-15 03:08:00,add_to_cart
E010620,C01328,2024-03-29 09:07:00,add_to_cart
E010621,C01328,2025-10-01 23:42:00,page_view
E010622,C01328,2025-10-14 13:47:00,page_view
E010623,C01328,2025-05-10 21:12:00,search
E010624,C01328,2025-07-08 16:03:00,page_view
E010625,C01329,2023-05-23 01:24:00,search
E010626,C01329,2024-04-18 23:28:00,search
E010627,C01329,2023-11-18 14:39:00,app_open
E010628,C01329,2024-10-10 07:09:00,add_to_cart
E010629,C01329,2024-01-05 02:33:00,app_open
E010630,C01329,2025-09-03 17:32:00,app_open
E010631,C01329,2023-12-12 09:11:00,search
E010632,C01329,2024-12-16 04:27:00,page_view
E010633,C01330,2023-05-05 10:50:00,add_to_cart
E010634,C01330,2024-04-04 20:37:00,search
E010635,C01330,2025-08-18 16:12:00,app_open
E010636,C01330,2025-09-29 22:56:00,app_open
E010637,C01330,2024-07-16 04:46:00,add_to_cart
E010638,C01330,2024-02-13 15:03:00,add_to_cart
E010639,C01330,2024-05-24 21:25:00,page_view
E010640,C01330,2025-04-30 09:07:00,page_view
E010641,C01331,2025-06-27 13:32:00,app_open
E010642,C01331,2025-09-23 08:42:00,search
E010643,C01331,2023-08-18 21:12:00,add_to_cart
E010644,C01331,2024-02-01 11:24:00,app_open
E010645,C01331,2025-01-11 15:22:00,search
E010646,C01331,2024-03-14 03:12:00,search
E010647,C01331,2023-12-15 03:27:00,add_to_cart
E010648,C01331,2025-02-06 12:43:00,page_view
E010649,C01332,2023-10-06 23:04:00,page_view
E010650,C01332,2023-10-30 08:37:00,app_open
E010651,C01332,2025-02-26 19:57:00,page_view
E010652,C01332,2024-12-09 20:30:00,add_to_cart
E010653,C01332,2024-12-12 16:34:00,app_open
E010654,C01332,2025-05-19 18:48:00,search
E010655,C01332,2024-07-26 20:53:00,search
E010656,C01332,2023-02-22 04:18:00,add_to_cart
E010657,C01333,2025-03-08 07:53:00,page_view
E010658,C01333,2023-02-23 21:06:00,app_open
E010659,C01333,2025-07-27 05:00:00,search
E010660,C01333,2023-05-16 06:57:00,search
E010661,C01333,2023-01-16 09:16:00,add_to_cart
E010662,C01333,2024-01-05 18:24:00,add_to_cart
E010663,C01333,2023-05-06 07:44:00,page_view
E010664,C01333,2023-12-11 20:31:00,search
E010665,C01334,2025-02-10 00:29:00,app_open
E010666,C01334,2023-09-07 16:06:00,app_open
E010667,C01334,2023-05-25 22:54:00,search
E010668,C01334,2023-11-20 19:22:00,page_view
E010669,C01334,2023-02-01 17:49:00,page_view
E010670,C01334,2025-04-20 18:02:00,page_view
E010671,C01334,2023-09-15 18:34:00,add_to_cart
E010672,C01334,2025-08-01 01:54:00,page_view
E010673,C01335,2024-08-22 19:59:00,search
E010674,C01335,2023-04-10 21:54:00,add_to_cart
E010675,C01335,2025-03-30 03:29:00,add_to_cart
E010676,C01335,2025-02-09 12:28:00,app_open
E010677,C01335,2025-05-10 00:39:00,search
E010678,C01335,2023-03-19 19:47:00,page_view
E010679,C01335,2024-04-05 19:18:00,search
E010680,C01335,2024-01-12 14:36:00,app_open
E010681,C01336,2025-10-17 14:08:00,app_open
E010682,C01336,2024-05-31 03:04:00,add_to_cart
E010683,C01336,2025-09-10 05:18:00,app_open
E010684,C01336,2023-01-12 19:32:00,add_to_cart
E010685,C01336,2023-06-23 14:57:00,add_to_cart
E010686,C01336,2024-09-20 22:09:00,app_open
E010687,C01336,2023-01-23 07:32:00,page_view
E010688,C01336,2023-05-28 05:48:00,search
E010689,C01337,2025-10-13 17:11:00,page_view
E010690,C01337,2025-04-17 18:58:00,page_view
E010691,C01337,2024-03-19 05:34:00,page_view
E010692,C01337,2023-10-30 18:41:00,page_view
E010693,C01337,2024-10-11 03:08:00,search
E010694,C01337,2023-04-10 05:22:00,page_view
E010695,C01337,2024-11-26 02:13:00,add_to_cart
E010696,C01337,2023-01-21 18:41:00,page_view
E010697,C01338,2023-06-03 05:10:00,page_view
E010698,C01338,2025-06-30 19:56:00,search
E010699,C01338,2025-01-07 18:27:00,search
E010700,C01338,2023-02-16 01:53:00,app_open
E010701,C01338,2023-03-31 20:20:00,add_to_cart
E010702,C01338,2023-06-15 23:58:00,app_open
E010703,C01338,2023-03-21 07:13:00,search
E010704,C01338,2025-08-22 11:19:00,search
E010705,C01339,2023-06-20 11:07:00,add_to_cart
E010706,C01339,2025-04-12 04:26:00,add_to_cart
E010707,C01339,2025-12-27 20:38:00,app_open
E010708,C01339,2024-03-19 12:18:00,page_view
E010709,C01339,2023-09-19 08:10:00,search
E010710,C01339,2025-12-29 11:41:00,add_to_cart
E010711,C01339,2023-05-16 09:31:00,app_open
E010712,C01339,2023-08-04 13:38:00,app_open
E010713,C01340,2023-02-19 04:58:00,add_to_cart
E010714,C01340,2023-09-21 00:34:00,app_open
E010715,C01340,2023-11-26 19:32:00,page_view
E010716,C01340,2025-06-28 21:05:00,search
E010717,C01340,2023-12-21 11:48:00,app_open
E010718,C01340,2025-08-04 04:14:00,add_to_cart
E010719,C01340,2025-05-02 14:16:00,app_open
E010720,C01340,2025-03-19 13:23:00,page_view
E010721,C01341,2025-09-22 07:02:00,app_open
E010722,C01341,2025-12-27 04:09:00,page_view
E010723,C01341,2023-08-10 16:27:00,app_open
E010724,C01341,2023-06-06 00:38:00,search
E010725,C01341,2023-01-29 13:34:00,add_to_cart
E010726,C01341,2025-01-09 13:00:00,add_to_cart
E010727,C01341,2025-08-14 22:26:00,add_to_cart
E010728,C01341,2023-06-21 19:31:00,page_view
E010729,C01342,2025-04-07 23:35:00,page_view
E010730,C01342,2023-07-16 22:29:00,app_open
E010731,C01342,2024-02-02 02:17:00,add_to_cart
E010732,C01342,2023-10-26 16:20:00,add_to_cart
E010733,C01342,2025-05-01 15:19:00,search
E010734,C01342,2024-08-23 16:43:00,search
E010735,C01342,2025-10-17 00:32:00,add_to_cart
E010736,C01342,2024-05-09 12:05:00,search
E010737,C01343,2025-06-20 11:12:00,app_open
E010738,C01343,2024-06-11 12:07:00,search
E010739,C01343,2023-02-22 16:23:00,search
E010740,C01343,2023-03-05 01:08:00,page_view
E010741,C01343,2023-11-08 08:38:00,page_view
E010742,C01343,2024-06-08 12:37:00,app_open
E010743,C01343,2023-12-03 15:59:00,app_open
E010744,C01343,2025-04-03 19:45:00,app_open
E010745,C01344,2025-02-12 09:41:00,app_open
E010746,C01344,2023-06-14 23:56:00,app_open
E010747,C01344,2024-09-28 10:50:00,add_to_cart
E010748,C01344,2023-01-29 19:02:00,add_to_cart
E010749,C01344,2023-10-31 17:18:00,search
E010750,C01344,2025-10-17 18:50:00,page_view
E010751,C01344,2023-03-13 12:04:00,app_open
E010752,C01344,2024-02-25 00:34:00,page_view
E010753,C01345,2025-09-10 11:31:00,add_to_cart
E010754,C01345,2023-04-08 08:29:00,page_view
E010755,C01345,2025-01-18 13:35:00,add_to_cart
E010756,C01345,2023-06-03 12:04:00,app_open
E010757,C01345,2025-05-15 02:17:00,app_open
E010758,C01345,2024-06-23 15:22:00,page_view
E010759,C01345,2024-09-03 09:21:00,add_to_cart
E010760,C01345,2024-07-24 11:58:00,search
E010761,C01346,2024-01-07 00:47:00,app_open
E010762,C01346,2023-04-16 02:27:00,add_to_cart
E010763,C01346,2025-10-03 08:43:00,page_view
E010764,C01346,2025-07-04 12:13:00,page_view
E010765,C01346,2023-06-03 03:35:00,app_open
E010766,C01346,2025-01-28 15:44:00,app_open
E010767,C01346,2025-03-23 18:51:00,page_view
E010768,C01346,2025-07-19 23:40:00,search
E010769,C01347,2024-04-27 00:35:00,app_open
E010770,C01347,2025-07-12 19:14:00,app_open
E010771,C01347,2023-04-26 11:50:00,search
E010772,C01347,2025-05-07 06:01:00,add_to_cart
E010773,C01347,2024-01-11 12:09:00,add_to_cart
E010774,C01347,2025-12-25 23:58:00,add_to_cart
E010775,C01347,2025-07-07 04:41:00,app_open
E010776,C01347,2023-03-07 07:55:00,page_view
E010777,C01348,2024-06-27 05:00:00,page_view
E010778,C01348,2025-05-27 00:11:00,app_open
E010779,C01348,2023-05-13 08:26:00,page_view
E010780,C01348,2023-11-24 09:27:00,app_open
E010781,C01348,2023-07-13 23:47:00,app_open
E010782,C01348,2024-08-25 05:47:00,search
E010783,C01348,2024-07-25 23:35:00,search
E010784,C01348,2024-03-27 21:44:00,search
E010785,C01349,2025-02-16 14:18:00,app_open
E010786,C01349,2024-11-29 17:07:00,page_view
E010787,C01349,2025-10-29 11:54:00,app_open
E010788,C01349,2023-07-20 07:45:00,add_to_cart
E010789,C01349,2023-05-24 08:46:00,add_to_cart
E010790,C01349,2024-10-26 13:53:00,search
E010791,C01349,2023-11-22 14:48:00,add_to_cart
E010792,C01349,2023-09-10 22:29:00,app_open
E010793,C01350,2023-07-24 04:33:00,add_to_cart
E010794,C01350,2024-11-28 13:20:00,search
E010795,C01350,2025-06-06 00:24:00,page_view
E010796,C01350,2024-06-29 02:33:00,search
E010797,C01350,2025-03-22 03:27:00,add_to_cart
E010798,C01350,2025-04-25 11:19:00,add_to_cart
E010799,C01350,2023-11-08 08:09:00,app_open
E010800,C01350,2024-10-26 11:58:00,add_to_cart
E010801,C01351,2025-04-14 20:44:00,search
E010802,C01351,2024-01-12 06:01:00,page_view
E010803,C01351,2025-06-13 00:57:00,app_open
E010804,C01351,2023-05-05 15:24:00,page_view
E010805,C01351,2024-10-10 08:09:00,page_view
E010806,C01351,2024-02-16 03:45:00,search
E010807,C01351,2023-07-05 09:18:00,app_open
E010808,C01351,2023-11-28 00:45:00,app_open
E010809,C01352,2025-12-05 15:41:00,app_open
E010810,C01352,2025-10-10 21:57:00,search
E010811,C01352,2024-06-30 10:50:00,add_to_cart
E010812,C01352,2024-03-07 12:20:00,search
E010813,C01352,2025-03-16 11:14:00,page_view
E010814,C01352,2023-03-04 13:09:00,search
E010815,C01352,2024-07-19 06:04:00,app_open
E010816,C01352,2025-09-05 03:55:00,app_open
E010817,C01353,2025-07-01 08:04:00,page_view
E010818,C01353,2024-02-25 14:34:00,app_open
E010819,C01353,2025-10-31 14:11:00,search
E010820,C01353,2023-05-21 09:35:00,page_view
E010821,C01353,2023-07-15 09:49:00,page_view
E010822,C01353,2023-06-28 20:45:00,search
E010823,C01353,2025-11-25 01:22:00,app_open
E010824,C01353,2024-01-12 08:22:00,search
E010825,C01354,2023-08-09 00:55:00,page_view
E010826,C01354,2023-09-02 12:58:00,search
E010827,C01354,2025-02-20 08:14:00,search
E010828,C01354,2023-02-13 15:32:00,app_open
E010829,C01354,2025-02-26 02:50:00,page_view
E010830,C01354,2025-09-11 12:19:00,app_open
E010831,C01354,2023-08-21 00:38:00,add_to_cart
E010832,C01354,2025-08-14 02:09:00,app_open
E010833,C01355,2025-06-12 10:42:00,page_view
E010834,C01355,2025-11-30 11:32:00,page_view
E010835,C01355,2023-05-15 02:52:00,app_open
E010836,C01355,2025-06-13 20:43:00,page_view
E010837,C01355,2024-09-14 19:41:00,app_open
E010838,C01355,2025-06-21 01:00:00,app_open
E010839,C01355,2024-09-04 10:00:00,page_view
E010840,C01355,2024-03-13 03:46:00,app_open
E010841,C01356,2024-02-14 20:41:00,app_open
E010842,C01356,2023-09-01 11:27:00,page_view
E010843,C01356,2023-07-15 21:31:00,add_to_cart
E010844,C01356,2024-07-01 10:23:00,app_open
E010845,C01356,2025-03-21 14:18:00,search
E010846,C01356,2025-01-20 16:32:00,add_to_cart
E010847,C01356,2023-05-16 08:50:00,page_view
E010848,C01356,2025-01-24 01:38:00,page_view
E010849,C01357,2025-02-12 16:32:00,search
E010850,C01357,2023-07-02 01:37:00,search
E010851,C01357,2025-03-17 08:44:00,page_view
E010852,C01357,2024-01-10 01:55:00,add_to_cart
E010853,C01357,2025-10-28 08:45:00,add_to_cart
E010854,C01357,2024-02-05 02:47:00,search
E010855,C01357,2024-10-13 16:08:00,app_open
E010856,C01357,2024-10-09 09:30:00,add_to_cart
E010857,C01358,2023-06-02 02:07:00,search
E010858,C01358,2024-07-11 04:21:00,page_view
E010859,C01358,2023-11-27 01:40:00,search
E010860,C01358,2025-01-05 06:08:00,add_to_cart
E010861,C01358,2024-05-06 17:50:00,add_to_cart
E010862,C01358,2024-03-28 18:23:00,page_view
E010863,C01358,2023-11-18 21:06:00,page_view
E010864,C01358,2023-01-13 18:59:00,page_view
E010865,C01359,2025-02-08 18:07:00,app_open
E010866,C01359,2025-01-12 15:59:00,search
E010867,C01359,2023-11-19 10:37:00,search
E010868,C01359,2024-10-13 01:54:00,page_view
E010869,C01359,2025-07-29 06:29:00,add_to_cart
E010870,C01359,2024-01-14 23:40:00,page_view
E010871,C01359,2024-04-03 22:45:00,page_view
E010872,C01359,2023-01-14 09:05:00,add_to_cart
E010873,C01360,2025-04-02 06:53:00,search
E010874,C01360,2024-08-25 17:00:00,search
E010875,C01360,2023-02-11 17:58:00,add_to_cart
E010876,C01360,2023-09-17 19:27:00,app_open
E010877,C01360,2024-08-19 17:11:00,add_to_cart
E010878,C01360,2025-06-19 13:58:00,page_view
E010879,C01360,2025-02-26 02:15:00,page_view
E010880,C01360,2024-12-07 16:22:00,add_to_cart
E010881,C01361,2023-04-26 23:05:00,add_to_cart
E010882,C01361,2024-03-22 10:27:00,app_open
E010883,C01361,2025-09-01 05:56:00,add_to_cart
E010884,C01361,2023-11-16 23:45:00,app_open
E010885,C01361,2025-11-28 01:31:00,page_view
E010886,C01361,2025-08-15 06:47:00,app_open
E010887,C01361,2025-10-16 03:04:00,page_view
E010888,C01361,2024-03-14 01:27:00,add_to_cart
E010889,C01362,2024-07-07 23:32:00,page_view
E010890,C01362,2024-11-10 07:16:00,page_view
E010891,C01362,2024-07-18 09:53:00,app_open
E010892,C01362,2023-08-11 02:16:00,page_view
E010893,C01362,2025-02-04 03:56:00,app_open
E010894,C01362,2024-07-25 15:30:00,add_to_cart
E010895,C01362,2024-07-19 01:04:00,page_view
E010896,C01362,2023-05-14 13:52:00,search
E010897,C01363,2024-10-17 18:27:00,search
E010898,C01363,2025-04-04 11:19:00,add_to_cart
E010899,C01363,2024-03-29 04:35:00,search
E010900,C01363,2025-10-15 19:13:00,add_to_cart
E010901,C01363,2025-06-04 08:09:00,search
E010902,C01363,2024-08-18 14:38:00,add_to_cart
E010903,C01363,2024-01-31 04:14:00,app_open
E010904,C01363,2025-11-23 19:48:00,search
E010905,C01364,2023-07-24 22:53:00,search
E010906,C01364,2023-07-07 00:22:00,app_open
E010907,C01364,2023-06-12 03:08:00,search
E010908,C01364,2024-11-07 21:22:00,search
E010909,C01364,2024-01-30 01:31:00,page_view
E010910,C01364,2024-02-12 03:56:00,app_open
E010911,C01364,2024-06-08 15:50:00,app_open
E010912,C01364,2025-06-19 16:20:00,page_view
E010913,C01365,2023-12-17 02:35:00,search
E010914,C01365,2025-09-21 22:33:00,search
E010915,C01365,2025-02-26 14:51:00,add_to_cart
E010916,C01365,2025-10-14 09:13:00,page_view
E010917,C01365,2024-05-16 12:17:00,page_view
E010918,C01365,2025-10-05 12:35:00,page_view
E010919,C01365,2023-10-04 06:08:00,page_view
E010920,C01365,2024-04-25 18:54:00,search
E010921,C01366,2025-10-06 20:42:00,search
E010922,C01366,2023-08-14 20:02:00,search
E010923,C01366,2025-10-07 00:54:00,app_open
E010924,C01366,2023-10-20 14:11:00,page_view
E010925,C01366,2024-08-23 16:32:00,app_open
E010926,C01366,2023-09-24 16:11:00,add_to_cart
E010927,C01366,2025-01-31 16:00:00,page_view
E010928,C01366,2024-06-06 06:45:00,app_open
E010929,C01367,2023-04-21 03:16:00,app_open
E010930,C01367,2024-07-13 13:46:00,add_to_cart
E010931,C01367,2023-04-29 19:05:00,add_to_cart
E010932,C01367,2025-03-19 05:01:00,page_view
E010933,C01367,2024-05-04 11:47:00,search
E010934,C01367,2025-09-12 14:14:00,page_view
E010935,C01367,2024-06-11 11:05:00,add_to_cart
E010936,C01367,2025-10-15 06:06:00,search
E010937,C01368,2025-05-06 09:00:00,page_view
E010938,C01368,2024-08-14 21:13:00,page_view
E010939,C01368,2023-11-29 03:49:00,add_to_cart
E010940,C01368,2024-05-10 09:28:00,add_to_cart
E010941,C01368,2024-04-15 09:59:00,page_view
E010942,C01368,2025-04-08 17:12:00,search
E010943,C01368,2025-03-10 18:01:00,app_open
E010944,C01368,2024-06-29 15:53:00,search
E010945,C01369,2023-05-27 22:35:00,add_to_cart
E010946,C01369,2025-03-17 02:45:00,search
E010947,C01369,2023-10-04 11:52:00,search
E010948,C01369,2023-02-16 22:27:00,search
E010949,C01369,2024-01-27 17:01:00,app_open
E010950,C01369,2024-01-31 02:27:00,page_view
E010951,C01369,2024-01-15 21:01:00,app_open
E010952,C01369,2025-05-20 06:45:00,search
E010953,C01370,2023-08-02 11:21:00,add_to_cart
E010954,C01370,2024-01-09 06:44:00,add_to_cart
E010955,C01370,2023-07-26 16:13:00,add_to_cart
E010956,C01370,2025-05-09 20:09:00,page_view
E010957,C01370,2023-07-26 18:15:00,add_to_cart
E010958,C01370,2024-07-24 11:47:00,search
E010959,C01370,2025-03-27 10:17:00,add_to_cart
E010960,C01370,2023-08-29 21:46:00,app_open
E010961,C01371,2023-06-21 05:23:00,add_to_cart
E010962,C01371,2024-10-13 10:04:00,add_to_cart
E010963,C01371,2023-01-20 21:00:00,app_open
E010964,C01371,2024-01-18 04:27:00,app_open
E010965,C01371,2024-01-31 13:27:00,add_to_cart
E010966,C01371,2025-12-30 17:55:00,page_view
E010967,C01371,2024-06-09 21:23:00,search
E010968,C01371,2024-03-20 11:26:00,add_to_cart
E010969,C01372,2023-06-20 04:27:00,search
E010970,C01372,2023-04-21 13:12:00,page_view
E010971,C01372,2025-09-28 02:35:00,add_to_cart
E010972,C01372,2025-02-03 19:37:00,add_to_cart
E010973,C01372,2024-04-30 14:45:00,page_view
E010974,C01372,2025-01-11 10:06:00,app_open
E010975,C01372,2023-03-09 11:11:00,add_to_cart
E010976,C01372,2023-06-26 01:25:00,add_to_cart
E010977,C01373,2025-07-09 09:19:00,add_to_cart
E010978,C01373,2025-11-27 17:40:00,page_view
E010979,C01373,2023-08-14 20:34:00,page_view
E010980,C01373,2023-11-24 12:15:00,app_open
E010981,C01373,2025-06-30 02:27:00,add_to_cart
E010982,C01373,2024-12-18 15:16:00,page_view
E010983,C01373,2024-03-31 19:33:00,add_to_cart
E010984,C01373,2025-05-06 23:30:00,app_open
E010985,C01374,2025-05-06 11:37:00,app_open
E010986,C01374,2023-12-20 15:20:00,search
E010987,C01374,2024-07-15 09:20:00,app_open
E010988,C01374,2023-07-01 04:41:00,page_view
E010989,C01374,2024-02-04 05:11:00,add_to_cart
E010990,C01374,2024-08-12 09:43:00,page_view
E010991,C01374,2024-04-02 13:01:00,add_to_cart
E010992,C01374,2024-04-13 14:02:00,page_view
E010993,C01375,2024-08-02 16:07:00,search
E010994,C01375,2025-07-27 05:13:00,search
E010995,C01375,2023-10-09 09:58:00,add_to_cart
E010996,C01375,2023-10-20 13:06:00,search
E010997,C01375,2024-11-15 08:43:00,page_view
E010998,C01375,2025-11-07 04:41:00,search
E010999,C01375,2025-04-19 06:09:00,page_view
E011000,C01375,2023-05-17 16:59:00,app_open
E011001,C01376,2024-12-10 03:09:00,page_view
E011002,C01376,2023-07-18 00:24:00,search
E011003,C01376,2024-09-06 11:59:00,app_open
E011004,C01376,2024-11-13 17:32:00,add_to_cart
E011005,C01376,2023-10-05 03:28:00,page_view
E011006,C01376,2024-07-30 17:49:00,app_open
E011007,C01376,2023-06-25 10:44:00,add_to_cart
E011008,C01376,2023-10-08 02:29:00,page_view
E011009,C01377,2024-12-04 23:18:00,search
E011010,C01377,2025-03-15 15:39:00,search
E011011,C01377,2024-12-02 10:21:00,add_to_cart
E011012,C01377,2025-02-04 12:59:00,search
E011013,C01377,2025-08-28 11:16:00,page_view
E011014,C01377,2025-11-17 15:12:00,app_open
E011015,C01377,2023-12-17 18:14:00,search
E011016,C01377,2025-06-16 13:00:00,app_open
E011017,C01378,2024-05-13 15:19:00,app_open
E011018,C01378,2025-05-13 09:15:00,app_open
E011019,C01378,2025-04-08 22:01:00,add_to_cart
E011020,C01378,2025-06-22 22:26:00,page_view
E011021,C01378,2024-06-01 20:40:00,search
E011022,C01378,2025-09-01 21:23:00,add_to_cart
E011023,C01378,2024-04-29 10:41:00,search
E011024,C01378,2024-01-16 08:34:00,search
E011025,C01379,2023-08-01 00:35:00,page_view
E011026,C01379,2025-07-10 12:08:00,search
E011027,C01379,2024-03-15 07:40:00,app_open
E011028,C01379,2025-09-17 12:04:00,search
E011029,C01379,2025-09-24 21:58:00,search
E011030,C01379,2025-06-06 21:58:00,app_open
E011031,C01379,2025-05-07 07:27:00,page_view
E011032,C01379,2024-05-06 23:05:00,search
E011033,C01380,2025-02-07 09:32:00,app_open
E011034,C01380,2025-06-28 03:08:00,add_to_cart
E011035,C01380,2025-03-30 20:32:00,search
E011036,C01380,2025-01-02 17:12:00,add_to_cart
E011037,C01380,2025-03-26 08:38:00,page_view
E011038,C01380,2023-06-23 13:26:00,add_to_cart
E011039,C01380,2023-09-19 18:23:00,app_open
E011040,C01380,2025-02-22 10:22:00,app_open
E011041,C01381,2024-09-13 23:30:00,app_open
E011042,C01381,2023-05-23 13:21:00,app_open
E011043,C01381,2024-05-13 11:12:00,page_view
E011044,C01381,2025-06-03 11:33:00,app_open
E011045,C01381,2024-06-14 10:12:00,page_view
E011046,C01381,2025-10-31 21:11:00,app_open
E011047,C01381,2023-01-15 11:39:00,add_to_cart
E011048,C01381,2024-11-14 00:17:00,page_view
E011049,C01382,2024-10-02 05:21:00,page_view
E011050,C01382,2024-08-01 05:59:00,page_view
E011051,C01382,2023-10-30 13:52:00,app_open
E011052,C01382,2024-07-25 10:08:00,page_view
E011053,C01382,2024-09-14 04:30:00,app_open
E011054,C01382,2024-12-28 20:12:00,app_open
E011055,C01382,2023-08-29 22:34:00,page_view
E011056,C01382,2024-05-30 16:34:00,page_view
E011057,C01383,2025-03-15 12:26:00,search
E011058,C01383,2025-09-19 23:06:00,page_view
E011059,C01383,2025-07-17 15:39:00,page_view
E011060,C01383,2024-06-14 18:27:00,add_to_cart
E011061,C01383,2024-08-23 21:34:00,add_to_cart
E011062,C01383,2024-09-17 19:51:00,add_to_cart
E011063,C01383,2024-07-18 12:58:00,search
E011064,C01383,2024-12-19 10:18:00,add_to_cart
E011065,C01384,2025-02-13 22:04:00,page_view
E011066,C01384,2025-08-09 00:51:00,search
E011067,C01384,2024-06-12 09:55:00,add_to_cart
E011068,C01384,2023-08-13 09:17:00,search
E011069,C01384,2024-12-29 21:04:00,app_open
E011070,C01384,2025-01-06 02:01:00,search
E011071,C01384,2025-10-28 22:20:00,search
E011072,C01384,2025-05-06 07:00:00,search
E011073,C01385,2023-01-28 04:56:00,page_view
E011074,C01385,2024-06-23 22:59:00,search
E011075,C01385,2025-08-04 12:47:00,page_view
E011076,C01385,2025-08-22 22:43:00,search
E011077,C01385,2025-02-23 20:22:00,page_view
E011078,C01385,2025-12-21 23:26:00,app_open
E011079,C01385,2023-02-16 21:23:00,app_open
E011080,C01385,2024-08-16 07:12:00,page_view
E011081,C01386,2025-03-08 15:00:00,add_to_cart
E011082,C01386,2025-01-30 00:01:00,add_to_cart
E011083,C01386,2023-02-07 00:14:00,add_to_cart
E011084,C01386,2024-08-15 16:16:00,page_view
E011085,C01386,2023-05-25 07:01:00,search
E011086,C01386,2025-05-23 05:54:00,page_view
E011087,C01386,2023-03-05 14:56:00,search
E011088,C01386,2025-06-04 21:23:00,app_open
E011089,C01387,2024-10-19 16:32:00,app_open
E011090,C01387,2023-06-02 16:13:00,app_open
E011091,C01387,2025-06-10 05:46:00,app_open
E011092,C01387,2024-03-04 14:20:00,page_view
E011093,C01387,2023-06-18 18:41:00,page_view
E011094,C01387,2025-03-18 22:43:00,search
E011095,C01387,2023-04-26 02:19:00,search
E011096,C01387,2023-12-06 19:57:00,add_to_cart
E011097,C01388,2023-11-29 18:19:00,search
E011098,C01388,2023-12-01 06:55:00,app_open
E011099,C01388,2024-01-28 13:51:00,search
E011100,C01388,2024-07-27 14:54:00,search
E011101,C01388,2024-07-28 19:26:00,add_to_cart
E011102,C01388,2023-04-25 04:11:00,search
E011103,C01388,2025-06-10 19:53:00,app_open
E011104,C01388,2025-05-23 14:15:00,page_view
E011105,C01389,2023-12-20 17:51:00,search
E011106,C01389,2023-02-02 03:24:00,app_open
E011107,C01389,2024-05-04 10:20:00,page_view
E011108,C01389,2024-10-31 08:15:00,page_view
E011109,C01389,2024-02-27 08:45:00,app_open
E011110,C01389,2024-07-27 04:50:00,app_open
E011111,C01389,2025-01-24 08:09:00,search
E011112,C01389,2025-09-17 21:51:00,app_open
E011113,C01390,2024-03-16 10:08:00,app_open
E011114,C01390,2025-03-12 13:59:00,search
E011115,C01390,2025-06-14 23:49:00,app_open
E011116,C01390,2023-12-12 10:26:00,search
E011117,C01390,2024-06-25 21:19:00,search
E011118,C01390,2024-08-28 12:56:00,search
E011119,C01390,2023-06-14 03:22:00,page_view
E011120,C01390,2024-06-27 08:30:00,add_to_cart
E011121,C01391,2025-01-31 04:01:00,page_view
E011122,C01391,2023-09-09 11:42:00,app_open
E011123,C01391,2023-06-21 17:29:00,search
E011124,C01391,2024-12-13 04:34:00,search
E011125,C01391,2024-01-02 20:04:00,add_to_cart
E011126,C01391,2023-05-13 10:48:00,app_open
E011127,C01391,2023-09-11 08:15:00,app_open
E011128,C01391,2024-02-10 07:14:00,search
E011129,C01392,2023-01-29 02:30:00,add_to_cart
E011130,C01392,2025-01-12 02:32:00,add_to_cart
E011131,C01392,2025-06-07 15:06:00,app_open
E011132,C01392,2024-06-11 18:58:00,add_to_cart
E011133,C01392,2025-02-09 08:50:00,app_open
E011134,C01392,2024-11-27 22:18:00,search
E011135,C01392,2025-07-24 06:07:00,app_open
E011136,C01392,2023-02-28 19:54:00,app_open
E011137,C01393,2024-03-03 09:21:00,search
E011138,C01393,2025-07-02 20:50:00,search
E011139,C01393,2023-03-05 07:28:00,app_open
E011140,C01393,2023-08-29 06:33:00,search
E011141,C01393,2023-04-24 16:03:00,page_view
E011142,C01393,2025-01-03 09:21:00,page_view
E011143,C01393,2024-04-22 12:42:00,app_open
E011144,C01393,2024-01-27 04:38:00,search
E011145,C01394,2023-05-17 05:57:00,app_open
E011146,C01394,2023-08-13 06:16:00,app_open
E011147,C01394,2024-08-05 06:26:00,search
E011148,C01394,2024-10-12 17:38:00,search
E011149,C01394,2024-04-30 00:29:00,page_view
E011150,C01394,2023-08-17 01:40:00,app_open
E011151,C01394,2025-05-27 12:49:00,search
E011152,C01394,2023-07-06 20:13:00,search
E011153,C01395,2024-06-15 23:21:00,app_open
E011154,C01395,2024-03-20 20:19:00,add_to_cart
E011155,C01395,2023-11-16 10:13:00,app_open
E011156,C01395,2024-10-17 16:08:00,search
E011157,C01395,2024-09-10 11:43:00,add_to_cart
E011158,C01395,2024-12-13 03:57:00,app_open
E011159,C01395,2025-03-23 07:37:00,search
E011160,C01395,2025-02-17 06:55:00,app_open
E011161,C01396,2023-08-10 20:02:00,page_view
E011162,C01396,2023-02-13 13:34:00,add_to_cart
E011163,C01396,2024-10-03 06:35:00,page_view
E011164,C01396,2023-12-24 15:34:00,search
E011165,C01396,2024-09-06 06:46:00,add_to_cart
E011166,C01396,2024-04-10 11:55:00,app_open
E011167,C01396,2023-01-27 06:35:00,search
E011168,C01396,2024-08-23 11:45:00,app_open
E011169,C01397,2025-01-19 01:23:00,search
E011170,C01397,2024-09-21 13:06:00,page_view
E011171,C01397,2024-09-24 15:34:00,page_view
E011172,C01397,2025-06-14 16:11:00,app_open
E011173,C01397,2025-07-19 22:21:00,app_open
E011174,C01397,2024-01-14 07:49:00,app_open
E011175,C01397,2025-04-10 09:23:00,search
E011176,C01397,2023-12-16 04:16:00,app_open
E011177,C01398,2023-01-29 19:41:00,app_open
E011178,C01398,2025-11-27 09:55:00,search
E011179,C01398,2024-04-14 04:53:00,page_view
E011180,C01398,2024-10-30 20:34:00,app_open
E011181,C01398,2023-06-22 20:50:00,search
E011182,C01398,2023-08-26 03:39:00,page_view
E011183,C01398,2024-08-22 23:44:00,app_open
E011184,C01398,2023-10-18 22:32:00,add_to_cart
E011185,C01399,2024-02-08 19:53:00,app_open
E011186,C01399,2025-07-28 10:07:00,page_view
E011187,C01399,2023-07-05 11:52:00,app_open
E011188,C01399,2024-12-13 19:38:00,app_open
E011189,C01399,2025-09-03 10:07:00,page_view
E011190,C01399,2025-12-06 13:10:00,app_open
E011191,C01399,2024-09-16 01:44:00,app_open
E011192,C01399,2023-10-11 07:19:00,search
E011193,C01400,2025-12-26 09:03:00,add_to_cart
E011194,C01400,2024-03-11 18:17:00,app_open
E011195,C01400,2023-06-05 12:40:00,add_to_cart
E011196,C01400,2025-05-30 16:02:00,app_open
E011197,C01400,2025-04-07 02:41:00,search
E011198,C01400,2025-07-10 22:56:00,page_view
E011199,C01400,2025-11-23 23:17:00,app_open
E011200,C01400,2025-02-23 01:18:00,page_view
E011201,C01401,2025-05-26 16:35:00,search
E011202,C01401,2023-09-04 12:43:00,search
E011203,C01401,2024-05-24 03:27:00,app_open
E011204,C01401,2023-10-03 23:41:00,app_open
E011205,C01401,2023-12-15 15:05:00,search
E011206,C01401,2024-06-27 16:42:00,add_to_cart
E011207,C01401,2025-01-31 09:17:00,search
E011208,C01401,2025-12-10 00:54:00,app_open
E011209,C01402,2023-03-10 05:54:00,search
E011210,C01402,2025-06-18 19:51:00,page_view
E011211,C01402,2024-10-22 14:10:00,search
E011212,C01402,2024-01-24 05:34:00,add_to_cart
E011213,C01402,2024-11-03 03:58:00,app_open
E011214,C01402,2023-03-30 12:14:00,add_to_cart
E011215,C01402,2025-06-08 23:40:00,add_to_cart
E011216,C01402,2023-05-17 03:20:00,page_view
E011217,C01403,2025-10-28 04:09:00,app_open
E011218,C01403,2023-12-20 14:32:00,page_view
E011219,C01403,2024-05-25 17:39:00,add_to_cart
E011220,C01403,2023-12-10 05:55:00,search
E011221,C01403,2024-06-03 20:10:00,app_open
E011222,C01403,2025-05-05 12:27:00,app_open
E011223,C01403,2023-10-22 23:49:00,search
E011224,C01403,2023-07-24 12:54:00,app_open
E011225,C01404,2025-02-15 23:26:00,add_to_cart
E011226,C01404,2024-12-03 03:57:00,search
E011227,C01404,2024-05-16 18:31:00,app_open
E011228,C01404,2025-10-17 11:37:00,search
E011229,C01404,2025-04-18 09:27:00,app_open
E011230,C01404,2025-12-24 05:31:00,add_to_cart
E011231,C01404,2024-01-27 10:19:00,page_view
E011232,C01404,2023-06-27 21:08:00,add_to_cart
E011233,C01405,2025-02-22 08:26:00,page_view
E011234,C01405,2023-02-15 13:45:00,app_open
E011235,C01405,2023-01-13 22:07:00,app_open
E011236,C01405,2024-02-20 12:09:00,add_to_cart
E011237,C01405,2024-05-28 12:05:00,app_open
E011238,C01405,2023-06-13 11:10:00,app_open
E011239,C01405,2023-11-27 04:32:00,app_open
E011240,C01405,2024-06-22 06:25:00,page_view
E011241,C01406,2023-08-21 06:53:00,search
E011242,C01406,2024-11-29 03:31:00,search
E011243,C01406,2024-08-27 21:44:00,search
E011244,C01406,2024-05-15 07:52:00,page_view
E011245,C01406,2024-09-10 06:46:00,search
E011246,C01406,2024-03-10 19:28:00,app_open
E011247,C01406,2024-09-13 21:17:00,add_to_cart
E011248,C01406,2025-10-09 00:17:00,page_view
E011249,C01407,2024-03-20 02:38:00,add_to_cart
E011250,C01407,2024-05-04 22:28:00,page_view
E011251,C01407,2025-05-27 12:13:00,add_to_cart
E011252,C01407,2025-10-09 09:57:00,app_open
E011253,C01407,2025-06-03 03:52:00,search
E011254,C01407,2023-11-29 21:21:00,app_open
E011255,C01407,2025-03-26 20:10:00,add_to_cart
E011256,C01407,2024-10-15 11:27:00,page_view
E011257,C01408,2023-02-07 21:53:00,add_to_cart
E011258,C01408,2025-09-13 20:07:00,add_to_cart
E011259,C01408,2023-10-12 10:52:00,page_view
E011260,C01408,2024-05-29 16:36:00,page_view
E011261,C01408,2025-10-27 18:45:00,add_to_cart
E011262,C01408,2024-04-06 03:50:00,add_to_cart
E011263,C01408,2025-07-11 01:58:00,page_view
E011264,C01408,2024-07-29 14:11:00,app_open
E011265,C01409,2025-10-11 06:59:00,search
E011266,C01409,2024-09-25 19:18:00,add_to_cart
E011267,C01409,2023-02-14 08:49:00,add_to_cart
E011268,C01409,2023-11-17 16:10:00,page_view
E011269,C01409,2025-04-16 15:29:00,app_open
E011270,C01409,2024-05-08 18:50:00,app_open
E011271,C01409,2025-09-11 17:28:00,app_open
E011272,C01409,2024-09-03 12:49:00,page_view
E011273,C01410,2023-02-01 16:42:00,add_to_cart
E011274,C01410,2024-05-31 08:54:00,add_to_cart
E011275,C01410,2023-06-07 07:41:00,app_open
E011276,C01410,2024-05-23 18:47:00,app_open
E011277,C01410,2025-07-12 16:03:00,add_to_cart
E011278,C01410,2025-12-07 12:45:00,add_to_cart
E011279,C01410,2025-01-03 08:06:00,add_to_cart
E011280,C01410,2024-12-14 09:36:00,page_view
E011281,C01411,2024-04-12 18:18:00,page_view
E011282,C01411,2024-04-08 21:06:00,add_to_cart
E011283,C01411,2023-07-23 16:59:00,add_to_cart
E011284,C01411,2024-04-19 09:44:00,search
E011285,C01411,2025-10-03 12:30:00,app_open
E011286,C01411,2023-10-22 01:57:00,page_view
E011287,C01411,2023-02-27 21:08:00,search
E011288,C01411,2025-01-15 09:18:00,search
E011289,C01412,2023-01-16 01:53:00,add_to_cart
E011290,C01412,2025-05-19 07:00:00,page_view
E011291,C01412,2023-12-19 23:53:00,page_view
E011292,C01412,2023-11-02 02:54:00,add_to_cart
E011293,C01412,2025-07-21 03:30:00,app_open
E011294,C01412,2025-02-20 21:57:00,page_view
E011295,C01412,2023-06-16 09:42:00,page_view
E011296,C01412,2023-08-30 23:18:00,page_view
E011297,C01413,2023-09-12 11:42:00,add_to_cart
E011298,C01413,2024-06-09 17:45:00,search
E011299,C01413,2024-08-10 08:27:00,search
E011300,C01413,2025-05-26 14:57:00,app_open
E011301,C01413,2023-03-01 09:09:00,search
E011302,C01413,2025-02-06 22:19:00,app_open
E011303,C01413,2023-03-31 21:24:00,search
E011304,C01413,2025-09-01 05:30:00,page_view
E011305,C01414,2023-04-14 16:48:00,search
E011306,C01414,2023-04-07 14:50:00,app_open
E011307,C01414,2023-10-13 03:34:00,app_open
E011308,C01414,2025-09-16 06:59:00,add_to_cart
E011309,C01414,2024-12-01 18:23:00,page_view
E011310,C01414,2024-06-07 10:30:00,add_to_cart
E011311,C01414,2024-06-27 04:25:00,search
E011312,C01414,2023-05-15 06:29:00,page_view
E011313,C01415,2023-02-13 15:03:00,page_view
E011314,C01415,2023-01-25 04:22:00,page_view
E011315,C01415,2024-07-10 07:28:00,page_view
E011316,C01415,2025-04-05 15:08:00,page_view
E011317,C01415,2023-09-25 17:54:00,app_open
E011318,C01415,2024-01-28 01:29:00,search
E011319,C01415,2023-10-18 02:46:00,search
E011320,C01415,2023-11-05 08:40:00,add_to_cart
E011321,C01416,2025-01-30 18:03:00,page_view
E011322,C01416,2023-07-01 15:20:00,page_view
E011323,C01416,2023-01-17 01:13:00,add_to_cart
E011324,C01416,2025-12-09 21:20:00,page_view
E011325,C01416,2025-12-03 22:45:00,add_to_cart
E011326,C01416,2025-10-10 18:35:00,search
E011327,C01416,2023-12-26 09:13:00,add_to_cart
E011328,C01416,2024-04-12 10:30:00,search
E011329,C01417,2025-05-30 01:42:00,app_open
E011330,C01417,2025-12-03 18:37:00,search
E011331,C01417,2024-02-19 22:13:00,page_view
E011332,C01417,2025-12-19 15:37:00,search
E011333,C01417,2024-10-15 13:09:00,app_open
E011334,C01417,2023-04-06 17:19:00,app_open
E011335,C01417,2023-03-17 23:02:00,add_to_cart
E011336,C01417,2024-05-24 17:04:00,add_to_cart
E011337,C01418,2025-09-30 05:47:00,app_open
E011338,C01418,2023-08-24 15:27:00,add_to_cart
E011339,C01418,2024-04-19 15:29:00,app_open
E011340,C01418,2025-04-22 16:30:00,app_open
E011341,C01418,2025-10-26 01:37:00,app_open
E011342,C01418,2024-09-09 15:34:00,search
E011343,C01418,2025-06-23 02:47:00,app_open
E011344,C01418,2025-09-15 20:27:00,app_open
E011345,C01419,2024-05-21 04:17:00,page_view
E011346,C01419,2025-09-26 15:56:00,search
E011347,C01419,2024-09-11 18:48:00,page_view
E011348,C01419,2025-07-19 11:48:00,app_open
E011349,C01419,2023-01-25 03:31:00,search
E011350,C01419,2025-02-20 03:52:00,search
E011351,C01419,2024-01-27 02:22:00,search
E011352,C01419,2025-02-08 04:39:00,add_to_cart
E011353,C01420,2024-07-20 17:14:00,add_to_cart
E011354,C01420,2024-02-11 23:59:00,search
E011355,C01420,2023-12-06 12:28:00,search
E011356,C01420,2025-03-02 23:34:00,search
E011357,C01420,2024-09-12 14:39:00,page_view
E011358,C01420,2025-09-20 13:30:00,search
E011359,C01420,2024-09-26 03:40:00,add_to_cart
E011360,C01420,2023-01-15 17:19:00,add_to_cart
E011361,C01421,2024-09-29 03:10:00,add_to_cart
E011362,C01421,2025-10-15 06:35:00,app_open
E011363,C01421,2023-10-22 02:06:00,search
E011364,C01421,2023-05-21 06:56:00,search
E011365,C01421,2023-02-23 18:23:00,app_open
E011366,C01421,2023-09-13 16:31:00,add_to_cart
E011367,C01421,2023-06-25 16:21:00,page_view
E011368,C01421,2023-05-27 12:16:00,app_open
E011369,C01422,2025-09-29 14:36:00,add_to_cart
E011370,C01422,2024-11-04 18:47:00,app_open
E011371,C01422,2023-04-01 14:55:00,page_view
E011372,C01422,2024-11-19 11:48:00,page_view
E011373,C01422,2025-01-08 05:31:00,add_to_cart
E011374,C01422,2023-11-20 20:47:00,add_to_cart
E011375,C01422,2024-12-27 13:04:00,search
E011376,C01422,2023-06-26 14:50:00,add_to_cart
E011377,C01423,2025-11-16 17:18:00,search
E011378,C01423,2025-05-14 06:22:00,app_open
E011379,C01423,2025-12-20 07:26:00,add_to_cart
E011380,C01423,2023-02-23 08:10:00,search
E011381,C01423,2024-09-12 05:06:00,search
E011382,C01423,2024-02-28 08:26:00,page_view
E011383,C01423,2024-02-27 04:39:00,add_to_cart
E011384,C01423,2023-03-24 15:58:00,app_open
E011385,C01424,2024-03-12 18:15:00,add_to_cart
E011386,C01424,2023-02-14 22:10:00,add_to_cart
E011387,C01424,2024-04-24 01:26:00,page_view
E011388,C01424,2024-05-20 02:05:00,search
E011389,C01424,2023-12-06 10:25:00,search
E011390,C01424,2024-03-30 02:29:00,search
E011391,C01424,2023-08-25 10:27:00,page_view
E011392,C01424,2023-09-17 21:24:00,add_to_cart
E011393,C01425,2025-04-02 09:24:00,app_open
E011394,C01425,2025-10-02 08:47:00,page_view
E011395,C01425,2024-11-17 07:27:00,page_view
E011396,C01425,2025-10-14 21:03:00,add_to_cart
E011397,C01425,2025-03-02 12:57:00,add_to_cart
E011398,C01425,2023-06-27 13:58:00,search
E011399,C01425,2025-10-05 18:28:00,app_open
E011400,C01425,2025-07-10 13:38:00,search
E011401,C01426,2024-04-03 18:13:00,search
E011402,C01426,2025-12-28 05:18:00,add_to_cart
E011403,C01426,2023-05-15 02:04:00,page_view
E011404,C01426,2024-07-31 21:33:00,add_to_cart
E011405,C01426,2025-08-14 15:05:00,app_open
E011406,C01426,2023-08-12 23:33:00,add_to_cart
E011407,C01426,2023-10-26 02:19:00,app_open
E011408,C01426,2024-10-21 23:59:00,page_view
E011409,C01427,2025-04-17 16:01:00,search
E011410,C01427,2023-02-03 05:46:00,add_to_cart
E011411,C01427,2024-04-03 19:18:00,search
E011412,C01427,2023-06-07 00:45:00,app_open
E011413,C01427,2023-09-15 04:33:00,add_to_cart
E011414,C01427,2023-12-01 14:33:00,add_to_cart
E011415,C01427,2025-02-18 12:25:00,page_view
E011416,C01427,2025-10-31 15:51:00,search
E011417,C01428,2023-09-15 00:33:00,add_to_cart
E011418,C01428,2025-08-17 20:08:00,search
E011419,C01428,2023-06-17 19:08:00,app_open
E011420,C01428,2023-10-13 22:07:00,add_to_cart
E011421,C01428,2024-02-19 14:12:00,app_open
E011422,C01428,2025-02-22 16:19:00,add_to_cart
E011423,C01428,2023-08-17 11:43:00,app_open
E011424,C01428,2025-02-05 06:17:00,app_open
E011425,C01429,2023-01-08 11:40:00,app_open
E011426,C01429,2023-12-06 23:56:00,app_open
E011427,C01429,2023-08-20 21:08:00,add_to_cart
E011428,C01429,2025-05-12 21:21:00,page_view
E011429,C01429,2024-05-13 09:20:00,add_to_cart
E011430,C01429,2024-05-27 10:11:00,app_open
E011431,C01429,2025-02-05 17:33:00,page_view
E011432,C01429,2023-07-19 04:55:00,search
E011433,C01430,2024-08-11 11:32:00,add_to_cart
E011434,C01430,2025-10-22 23:26:00,search
E011435,C01430,2024-05-08 21:05:00,search
E011436,C01430,2025-04-08 15:25:00,page_view
E011437,C01430,2023-04-22 09:53:00,app_open
E011438,C01430,2023-01-23 02:53:00,add_to_cart
E011439,C01430,2025-11-20 11:25:00,app_open
E011440,C01430,2023-08-03 12:53:00,search
E011441,C01431,2024-07-15 00:19:00,search
E011442,C01431,2024-12-19 21:03:00,page_view
E011443,C01431,2023-03-12 08:40:00,app_open
E011444,C01431,2025-12-13 16:15:00,app_open
E011445,C01431,2023-12-01 00:56:00,search
E011446,C01431,2024-09-24 03:56:00,search
E011447,C01431,2024-04-14 21:24:00,add_to_cart
E011448,C01431,2023-03-19 19:04:00,search
E011449,C01432,2023-09-08 22:28:00,page_view
E011450,C01432,2024-07-31 19:50:00,page_view
E011451,C01432,2025-08-07 11:57:00,search
E011452,C01432,2023-08-30 16:19:00,search
E011453,C01432,2024-06-09 00:05:00,page_view
E011454,C01432,2023-10-30 08:03:00,add_to_cart
E011455,C01432,2025-09-23 17:24:00,search
E011456,C01432,2025-10-07 06:20:00,add_to_cart
E011457,C01433,2023-05-15 19:08:00,search
E011458,C01433,2025-08-21 02:36:00,search
E011459,C01433,2023-11-01 07:59:00,page_view
E011460,C01433,2023-02-10 22:08:00,search
E011461,C01433,2025-02-03 07:20:00,page_view
E011462,C01433,2025-08-03 23:34:00,add_to_cart
E011463,C01433,2024-04-26 23:09:00,search
E011464,C01433,2024-05-14 14:48:00,search
E011465,C01434,2023-07-22 23:12:00,page_view
E011466,C01434,2023-11-17 07:03:00,search
E011467,C01434,2023-03-05 06:29:00,search
E011468,C01434,2025-01-05 16:46:00,app_open
E011469,C01434,2023-11-29 17:28:00,add_to_cart
E011470,C01434,2025-02-07 20:19:00,page_view
E011471,C01434,2023-02-13 21:31:00,app_open
E011472,C01434,2023-04-30 13:52:00,app_open
E011473,C01435,2023-08-03 06:05:00,add_to_cart
E011474,C01435,2025-10-11 06:25:00,app_open
E011475,C01435,2024-07-20 03:57:00,page_view
E011476,C01435,2023-10-16 04:13:00,page_view
E011477,C01435,2024-10-02 01:35:00,app_open
E011478,C01435,2025-05-07 20:59:00,add_to_cart
E011479,C01435,2023-07-28 14:19:00,add_to_cart
E011480,C01435,2024-03-03 23:28:00,page_view
E011481,C01436,2023-12-17 02:26:00,app_open
E011482,C01436,2025-10-19 11:14:00,add_to_cart
E011483,C01436,2023-10-31 13:34:00,add_to_cart
E011484,C01436,2023-11-13 20:27:00,add_to_cart
E011485,C01436,2025-11-18 14:47:00,app_open
E011486,C01436,2023-06-21 07:05:00,app_open
E011487,C01436,2025-09-26 20:17:00,page_view
E011488,C01436,2024-08-08 07:45:00,page_view
E011489,C01437,2025-08-05 01:36:00,app_open
E011490,C01437,2025-04-10 04:06:00,search
E011491,C01437,2024-12-24 15:54:00,app_open
E011492,C01437,2024-04-01 15:19:00,search
E011493,C01437,2024-02-23 00:25:00,page_view
E011494,C01437,2024-07-17 18:01:00,app_open
E011495,C01437,2024-01-21 23:22:00,app_open
E011496,C01437,2023-10-25 21:30:00,page_view
E011497,C01438,2024-06-06 10:30:00,search
E011498,C01438,2024-03-19 07:23:00,app_open
E011499,C01438,2024-07-02 00:45:00,search
E011500,C01438,2025-02-02 01:36:00,page_view
E011501,C01438,2025-09-09 20:02:00,add_to_cart
E011502,C01438,2025-04-29 01:09:00,app_open
E011503,C01438,2023-01-19 02:03:00,page_view
E011504,C01438,2025-08-18 12:26:00,search
E011505,C01439,2025-08-07 19:52:00,page_view
E011506,C01439,2023-02-25 09:27:00,page_view
E011507,C01439,2023-05-19 02:11:00,app_open
E011508,C01439,2025-04-29 11:39:00,app_open
E011509,C01439,2025-12-13 10:23:00,page_view
E011510,C01439,2024-11-10 00:19:00,add_to_cart
E011511,C01439,2025-09-15 08:20:00,page_view
E011512,C01439,2023-04-01 08:30:00,page_view
E011513,C01440,2025-11-04 10:45:00,search
E011514,C01440,2024-08-01 16:05:00,app_open
E011515,C01440,2024-07-05 21:31:00,page_view
E011516,C01440,2023-03-04 23:14:00,search
E011517,C01440,2023-06-12 05:05:00,page_view
E011518,C01440,2025-12-25 20:44:00,app_open
E011519,C01440,2024-10-16 06:47:00,app_open
E011520,C01440,2023-04-21 15:48:00,app_open
E011521,C01441,2024-08-25 01:44:00,app_open
E011522,C01441,2024-09-30 14:02:00,app_open
E011523,C01441,2024-12-30 11:13:00,app_open
E011524,C01441,2025-02-05 04:05:00,app_open
E011525,C01441,2024-05-18 02:04:00,page_view
E011526,C01441,2023-04-18 02:40:00,page_view
E011527,C01441,2024-03-05 07:58:00,app_open
E011528,C01441,2025-06-09 05:51:00,app_open
E011529,C01442,2025-02-11 00:26:00,app_open
E011530,C01442,2024-12-07 09:59:00,page_view
E011531,C01442,2024-08-02 15:07:00,page_view
E011532,C01442,2023-11-25 20:03:00,add_to_cart
E011533,C01442,2024-03-07 04:54:00,add_to_cart
E011534,C01442,2023-12-15 19:24:00,search
E011535,C01442,2023-02-04 10:41:00,app_open
E011536,C01442,2024-09-10 22:51:00,page_view
E011537,C01443,2024-11-04 23:56:00,add_to_cart
E011538,C01443,2025-07-23 20:36:00,page_view
E011539,C01443,2024-12-19 23:21:00,app_open
E011540,C01443,2025-08-28 21:32:00,search
E011541,C01443,2024-12-21 01:21:00,search
E011542,C01443,2025-05-12 11:38:00,page_view
E011543,C01443,2025-01-16 02:57:00,search
E011544,C01443,2025-07-26 17:57:00,add_to_cart
E011545,C01444,2023-05-01 18:24:00,add_to_cart
E011546,C01444,2025-07-02 19:26:00,app_open
E011547,C01444,2024-11-16 23:04:00,add_to_cart
E011548,C01444,2023-10-30 00:03:00,page_view
E011549,C01444,2023-01-29 17:17:00,app_open
E011550,C01444,2023-11-24 10:13:00,search
E011551,C01444,2025-08-04 06:05:00,app_open
E011552,C01444,2025-04-07 13:48:00,add_to_cart
E011553,C01445,2023-10-25 19:16:00,app_open
E011554,C01445,2024-05-19 07:50:00,add_to_cart
E011555,C01445,2023-05-11 05:30:00,add_to_cart
E011556,C01445,2023-03-20 23:08:00,add_to_cart
E011557,C01445,2024-10-17 09:43:00,search
E011558,C01445,2024-05-11 14:07:00,search
E011559,C01445,2025-03-24 23:47:00,app_open
E011560,C01445,2025-05-04 19:27:00,search
E011561,C01446,2025-11-25 08:38:00,page_view
E011562,C01446,2024-01-11 02:09:00,app_open
E011563,C01446,2023-01-25 08:24:00,app_open
E011564,C01446,2024-01-26 05:05:00,page_view
E011565,C01446,2025-03-08 12:50:00,page_view
E011566,C01446,2024-10-24 07:02:00,search
E011567,C01446,2024-01-05 00:41:00,add_to_cart
E011568,C01446,2025-10-01 16:16:00,search
E011569,C01447,2023-04-10 21:59:00,page_view
E011570,C01447,2023-03-14 11:46:00,add_to_cart
E011571,C01447,2024-09-29 19:23:00,search
E011572,C01447,2023-01-16 11:35:00,app_open
E011573,C01447,2024-08-29 22:52:00,search
E011574,C01447,2024-11-29 12:09:00,add_to_cart
E011575,C01447,2024-01-22 08:51:00,page_view
E011576,C01447,2024-09-14 18:15:00,add_to_cart
E011577,C01448,2025-03-28 16:45:00,app_open
E011578,C01448,2023-03-05 18:49:00,app_open
E011579,C01448,2025-10-14 09:01:00,page_view
E011580,C01448,2025-04-25 21:46:00,page_view
E011581,C01448,2025-08-31 19:28:00,add_to_cart
E011582,C01448,2025-12-13 21:08:00,app_open
E011583,C01448,2023-12-08 21:18:00,add_to_cart
E011584,C01448,2023-08-07 00:38:00,page_view
E011585,C01449,2024-04-23 23:03:00,app_open
E011586,C01449,2024-01-15 08:05:00,add_to_cart
E011587,C01449,2023-09-20 01:55:00,add_to_cart
E011588,C01449,2023-06-30 18:00:00,page_view
E011589,C01449,2024-03-11 15:50:00,page_view
E011590,C01449,2025-11-01 03:26:00,search
E011591,C01449,2025-03-01 12:04:00,search
E011592,C01449,2024-07-27 11:24:00,page_view
E011593,C01450,2025-12-11 20:48:00,app_open
E011594,C01450,2025-06-06 08:07:00,search
E011595,C01450,2024-11-28 11:17:00,search
E011596,C01450,2023-01-17 11:37:00,search
E011597,C01450,2024-09-07 14:59:00,add_to_cart
E011598,C01450,2025-09-12 03:20:00,add_to_cart
E011599,C01450,2025-01-20 01:34:00,search
E011600,C01450,2023-09-12 00:10:00,add_to_cart
E011601,C01451,2024-01-18 23:32:00,page_view
E011602,C01451,2023-05-28 18:07:00,app_open
E011603,C01451,2025-04-18 13:19:00,app_open
E011604,C01451,2024-10-17 13:30:00,add_to_cart
E011605,C01451,2025-01-07 21:48:00,page_view
E011606,C01451,2025-01-26 20:51:00,add_to_cart
E011607,C01451,2025-03-22 21:10:00,app_open
E011608,C01451,2025-01-02 02:56:00,page_view
E011609,C01452,2024-12-05 11:35:00,app_open
E011610,C01452,2025-11-17 16:11:00,page_view
E011611,C01452,2023-09-21 04:57:00,app_open
E011612,C01452,2023-08-10 12:11:00,page_view
E011613,C01452,2023-06-25 11:54:00,search
E011614,C01452,2023-07-29 18:04:00,add_to_cart
E011615,C01452,2023-08-02 01:36:00,add_to_cart
E011616,C01452,2024-09-26 08:13:00,page_view
E011617,C01453,2023-09-02 13:58:00,page_view
E011618,C01453,2023-09-24 12:39:00,search
E011619,C01453,2024-04-12 03:12:00,search
E011620,C01453,2023-01-15 09:45:00,app_open
E011621,C01453,2024-04-20 05:13:00,app_open
E011622,C01453,2024-03-30 09:08:00,page_view
E011623,C01453,2025-09-18 15:00:00,app_open
E011624,C01453,2025-04-01 14:08:00,app_open
E011625,C01454,2023-10-24 17:30:00,add_to_cart
E011626,C01454,2023-03-20 20:29:00,add_to_cart
E011627,C01454,2024-09-08 01:55:00,app_open
E011628,C01454,2024-07-27 04:36:00,search
E011629,C01454,2023-11-29 23:03:00,add_to_cart
E011630,C01454,2024-06-10 09:57:00,page_view
E011631,C01454,2023-11-10 20:25:00,add_to_cart
E011632,C01454,2025-04-19 01:43:00,app_open
E011633,C01455,2024-12-11 21:06:00,add_to_cart
E011634,C01455,2023-03-16 03:36:00,app_open
E011635,C01455,2025-12-24 12:25:00,app_open
E011636,C01455,2023-04-04 10:52:00,add_to_cart
E011637,C01455,2025-11-05 22:34:00,page_view
E011638,C01455,2024-08-28 13:07:00,app_open
E011639,C01455,2024-03-03 10:46:00,page_view
E011640,C01455,2024-10-15 05:01:00,page_view
E011641,C01456,2025-04-12 19:53:00,page_view
E011642,C01456,2024-10-29 18:08:00,add_to_cart
E011643,C01456,2024-08-05 17:34:00,page_view
E011644,C01456,2023-02-10 17:47:00,app_open
E011645,C01456,2025-06-14 10:37:00,app_open
E011646,C01456,2023-12-20 06:24:00,page_view
E011647,C01456,2025-05-21 09:54:00,page_view
E011648,C01456,2024-06-13 14:50:00,search
E011649,C01457,2025-02-05 14:38:00,app_open
E011650,C01457,2025-09-01 19:20:00,page_view
E011651,C01457,2023-06-15 20:37:00,page_view
E011652,C01457,2023-12-09 02:55:00,add_to_cart
E011653,C01457,2025-12-27 11:46:00,search
E011654,C01457,2024-05-18 22:48:00,page_view
E011655,C01457,2024-04-08 00:28:00,add_to_cart
E011656,C01457,2025-04-29 19:13:00,app_open
E011657,C01458,2023-01-12 21:54:00,add_to_cart
E011658,C01458,2025-05-31 07:12:00,add_to_cart
E011659,C01458,2023-08-24 10:31:00,search
E011660,C01458,2025-06-19 22:08:00,add_to_cart
E011661,C01458,2025-03-29 04:06:00,search
E011662,C01458,2023-02-23 22:18:00,app_open
E011663,C01458,2024-02-17 10:32:00,page_view
E011664,C01458,2023-03-10 18:54:00,add_to_cart
E011665,C01459,2025-01-03 12:09:00,page_view
E011666,C01459,2024-12-25 14:16:00,app_open
E011667,C01459,2025-12-28 10:28:00,search
E011668,C01459,2023-10-22 08:46:00,page_view
E011669,C01459,2023-03-16 20:56:00,app_open
E011670,C01459,2025-11-11 22:22:00,add_to_cart
E011671,C01459,2023-10-02 02:08:00,page_view
E011672,C01459,2023-02-03 03:58:00,app_open
E011673,C01460,2024-06-11 09:19:00,app_open
E011674,C01460,2023-12-28 17:31:00,add_to_cart
E011675,C01460,2025-12-16 10:36:00,add_to_cart
E011676,C01460,2024-11-05 01:26:00,search
E011677,C01460,2025-05-21 00:10:00,add_to_cart
E011678,C01460,2025-01-20 04:45:00,page_view
E011679,C01460,2025-11-29 01:29:00,add_to_cart
E011680,C01460,2024-09-04 20:13:00,add_to_cart
E011681,C01461,2025-09-15 03:28:00,app_open
E011682,C01461,2024-03-31 00:31:00,search
E011683,C01461,2025-09-24 04:40:00,page_view
E011684,C01461,2023-05-18 19:15:00,page_view
E011685,C01461,2023-12-27 19:15:00,add_to_cart
E011686,C01461,2023-05-04 15:31:00,app_open
E011687,C01461,2023-11-22 16:28:00,add_to_cart
E011688,C01461,2024-06-12 18:13:00,app_open
E011689,C01462,2025-07-27 15:16:00,search
E011690,C01462,2024-11-09 18:54:00,add_to_cart
E011691,C01462,2023-07-30 23:54:00,search
E011692,C01462,2023-05-18 11:46:00,search
E011693,C01462,2024-04-25 00:21:00,add_to_cart
E011694,C01462,2024-05-14 08:26:00,page_view
E011695,C01462,2024-12-21 14:45:00,page_view
E011696,C01462,2025-02-15 05:32:00,add_to_cart
E011697,C01463,2024-01-27 01:00:00,page_view
E011698,C01463,2025-04-16 02:29:00,page_view
E011699,C01463,2024-04-08 17:44:00,page_view
E011700,C01463,2025-09-14 21:47:00,app_open
E011701,C01463,2024-03-09 08:24:00,search
E011702,C01463,2024-10-04 05:19:00,add_to_cart
E011703,C01463,2025-04-25 08:33:00,page_view
E011704,C01463,2025-03-08 22:32:00,add_to_cart
E011705,C01464,2025-01-05 14:48:00,page_view
E011706,C01464,2025-02-10 08:52:00,search
E011707,C01464,2024-08-28 04:01:00,add_to_cart
E011708,C01464,2023-02-18 14:37:00,app_open
E011709,C01464,2025-03-18 01:15:00,app_open
E011710,C01464,2023-07-15 08:58:00,search
E011711,C01464,2025-02-02 18:03:00,add_to_cart
E011712,C01464,2024-10-28 23:10:00,app_open
E011713,C01465,2023-09-21 06:57:00,search
E011714,C01465,2023-12-08 06:04:00,page_view
E011715,C01465,2023-03-15 10:19:00,app_open
E011716,C01465,2023-10-31 15:55:00,add_to_cart
E011717,C01465,2025-03-11 01:02:00,search
E011718,C01465,2023-08-03 15:14:00,search
E011719,C01465,2024-04-07 15:54:00,page_view
E011720,C01465,2025-11-02 08:17:00,search
E011721,C01466,2024-03-05 02:44:00,app_open
E011722,C01466,2025-01-01 05:10:00,search
E011723,C01466,2024-12-25 21:18:00,search
E011724,C01466,2024-01-21 00:25:00,add_to_cart
E011725,C01466,2023-04-30 21:13:00,add_to_cart
E011726,C01466,2025-09-01 19:19:00,add_to_cart
E011727,C01466,2023-01-04 18:03:00,search
E011728,C01466,2025-07-02 23:48:00,search
E011729,C01467,2024-03-16 22:40:00,search
E011730,C01467,2025-03-29 11:47:00,add_to_cart
E011731,C01467,2023-06-19 11:34:00,app_open
E011732,C01467,2024-03-27 18:26:00,search
E011733,C01467,2024-11-11 20:11:00,app_open
E011734,C01467,2023-07-24 15:18:00,search
E011735,C01467,2024-11-04 02:27:00,add_to_cart
E011736,C01467,2023-01-03 03:41:00,add_to_cart
E011737,C01468,2024-10-07 12:49:00,add_to_cart
E011738,C01468,2025-04-18 23:32:00,add_to_cart
E011739,C01468,2024-04-17 22:24:00,search
E011740,C01468,2024-05-17 10:17:00,search
E011741,C01468,2024-01-10 10:23:00,add_to_cart
E011742,C01468,2025-01-15 15:16:00,app_open
E011743,C01468,2023-03-26 10:32:00,app_open
E011744,C01468,2024-10-01 06:16:00,page_view
E011745,C01469,2023-01-05 09:16:00,app_open
E011746,C01469,2025-07-29 07:08:00,search
E011747,C01469,2024-10-27 08:45:00,page_view
E011748,C01469,2025-11-07 08:21:00,search
E011749,C01469,2023-09-04 05:22:00,add_to_cart
E011750,C01469,2023-05-01 23:00:00,search
E011751,C01469,2023-01-05 21:47:00,add_to_cart
E011752,C01469,2024-11-24 13:01:00,search
E011753,C01470,2025-05-16 22:58:00,add_to_cart
E011754,C01470,2023-05-05 14:33:00,app_open
E011755,C01470,2024-10-26 10:30:00,app_open
E011756,C01470,2023-02-09 23:43:00,page_view
E011757,C01470,2024-07-21 10:45:00,add_to_cart
E011758,C01470,2024-09-05 13:50:00,add_to_cart
E011759,C01470,2023-01-23 21:07:00,add_to_cart
E011760,C01470,2025-08-17 13:39:00,page_view
E011761,C01471,2025-01-10 16:16:00,app_open
E011762,C01471,2025-12-14 02:03:00,app_open
E011763,C01471,2024-05-24 12:38:00,app_open
E011764,C01471,2025-03-07 14:33:00,add_to_cart
E011765,C01471,2023-12-10 03:45:00,add_to_cart
E011766,C01471,2024-03-18 04:20:00,add_to_cart
E011767,C01471,2024-03-31 13:22:00,page_view
E011768,C01471,2023-10-08 14:09:00,page_view
E011769,C01472,2023-12-25 06:11:00,search
E011770,C01472,2023-12-02 11:11:00,page_view
E011771,C01472,2025-04-11 17:21:00,search
E011772,C01472,2024-02-09 07:11:00,add_to_cart
E011773,C01472,2024-03-13 05:52:00,app_open
E011774,C01472,2024-02-27 05:20:00,app_open
E011775,C01472,2024-08-13 16:58:00,app_open
E011776,C01472,2025-11-19 08:19:00,app_open
E011777,C01473,2023-05-05 16:47:00,page_view
E011778,C01473,2024-12-20 14:59:00,search
E011779,C01473,2024-02-18 15:26:00,add_to_cart
E011780,C01473,2025-07-28 09:32:00,search
E011781,C01473,2025-05-18 12:00:00,page_view
E011782,C01473,2024-08-22 08:32:00,add_to_cart
E011783,C01473,2023-10-28 12:35:00,app_open
E011784,C01473,2024-02-03 23:23:00,add_to_cart
E011785,C01474,2025-05-08 12:45:00,search
E011786,C01474,2023-09-28 16:13:00,search
E011787,C01474,2024-03-16 04:22:00,app_open
E011788,C01474,2025-01-19 11:30:00,app_open
E011789,C01474,2024-05-02 09:55:00,search
E011790,C01474,2025-07-23 16:53:00,search
E011791,C01474,2023-08-04 14:56:00,add_to_cart
E011792,C01474,2023-03-15 15:20:00,search
E011793,C01475,2024-10-26 22:17:00,add_to_cart
E011794,C01475,2025-08-31 23:01:00,add_to_cart
E011795,C01475,2023-12-25 06:39:00,app_open
E011796,C01475,2024-04-15 03:31:00,app_open
E011797,C01475,2025-04-29 04:55:00,search
E011798,C01475,2024-04-27 18:54:00,search
E011799,C01475,2024-08-26 13:54:00,page_view
E011800,C01475,2025-06-16 12:40:00,search
E011801,C01476,2024-02-27 03:31:00,app_open
E011802,C01476,2025-04-01 14:02:00,search
E011803,C01476,2025-04-20 02:23:00,page_view
E011804,C01476,2023-08-23 21:53:00,add_to_cart
E011805,C01476,2024-03-23 18:42:00,app_open
E011806,C01476,2025-01-17 12:28:00,add_to_cart
E011807,C01476,2024-01-31 13:51:00,add_to_cart
E011808,C01476,2023-03-17 09:29:00,search
E011809,C01477,2025-06-17 22:27:00,app_open
E011810,C01477,2025-09-23 17:49:00,app_open
E011811,C01477,2025-04-26 04:48:00,page_view
E011812,C01477,2023-05-22 12:59:00,page_view
E011813,C01477,2025-09-12 17:46:00,search
E011814,C01477,2024-07-31 12:20:00,app_open
E011815,C01477,2025-12-14 18:30:00,page_view
E011816,C01477,2024-07-06 05:28:00,app_open
E011817,C01478,2023-02-19 19:09:00,page_view
E011818,C01478,2025-07-11 09:42:00,app_open
E011819,C01478,2024-10-21 01:58:00,add_to_cart
E011820,C01478,2023-12-23 16:23:00,add_to_cart
E011821,C01478,2024-03-12 05:56:00,add_to_cart
E011822,C01478,2023-03-01 21:04:00,app_open
E011823,C01478,2023-03-18 07:59:00,app_open
E011824,C01478,2025-01-29 20:28:00,add_to_cart
E011825,C01479,2025-02-02 12:27:00,page_view
E011826,C01479,2023-06-23 20:40:00,page_view
E011827,C01479,2023-07-05 20:32:00,search
E011828,C01479,2024-12-27 02:31:00,app_open
E011829,C01479,2025-09-05 01:27:00,add_to_cart
E011830,C01479,2025-07-11 12:00:00,add_to_cart
E011831,C01479,2023-12-09 21:27:00,search
E011832,C01479,2025-09-03 20:25:00,app_open
E011833,C01480,2023-05-22 14:40:00,page_view
E011834,C01480,2023-01-16 15:51:00,add_to_cart
E011835,C01480,2023-02-15 15:43:00,search
E011836,C01480,2024-07-07 19:27:00,app_open
E011837,C01480,2024-05-24 03:18:00,page_view
E011838,C01480,2025-04-22 16:39:00,add_to_cart
E011839,C01480,2023-09-11 01:40:00,app_open
E011840,C01480,2024-02-06 15:41:00,app_open
E011841,C01481,2024-02-25 09:24:00,app_open
E011842,C01481,2024-01-13 07:25:00,search
E011843,C01481,2025-09-19 21:21:00,app_open
E011844,C01481,2025-12-25 09:17:00,add_to_cart
E011845,C01481,2025-02-15 22:15:00,add_to_cart
E011846,C01481,2025-03-17 11:11:00,page_view
E011847,C01481,2025-08-12 03:02:00,search
E011848,C01481,2025-11-01 01:49:00,app_open
E011849,C01482,2024-02-12 18:18:00,add_to_cart
E011850,C01482,2023-02-20 04:31:00,page_view
E011851,C01482,2023-05-28 09:46:00,app_open
E011852,C01482,2025-01-29 08:08:00,search
E011853,C01482,2023-02-20 12:12:00,page_view
E011854,C01482,2023-12-11 04:36:00,app_open
E011855,C01482,2024-10-02 23:20:00,app_open
E011856,C01482,2025-03-09 18:10:00,search
E011857,C01483,2023-06-04 06:29:00,search
E011858,C01483,2025-12-25 16:55:00,page_view
E011859,C01483,2024-09-15 21:59:00,add_to_cart
E011860,C01483,2023-04-10 03:23:00,add_to_cart
E011861,C01483,2023-01-21 13:12:00,add_to_cart
E011862,C01483,2025-08-12 21:28:00,page_view
E011863,C01483,2024-10-09 01:06:00,page_view
E011864,C01483,2025-09-18 17:20:00,search
E011865,C01484,2025-10-24 04:37:00,add_to_cart
E011866,C01484,2023-09-25 08:27:00,add_to_cart
E011867,C01484,2023-03-03 17:13:00,add_to_cart
E011868,C01484,2025-05-19 22:40:00,search
E011869,C01484,2023-05-11 04:34:00,app_open
E011870,C01484,2024-10-12 18:02:00,add_to_cart
E011871,C01484,2023-03-29 03:28:00,page_view
E011872,C01484,2023-01-13 00:24:00,search
E011873,C01485,2023-10-12 02:29:00,page_view
E011874,C01485,2024-09-18 03:27:00,page_view
E011875,C01485,2023-02-06 01:01:00,search
E011876,C01485,2023-02-24 18:23:00,add_to_cart
E011877,C01485,2023-07-04 12:56:00,add_to_cart
E011878,C01485,2024-08-03 05:53:00,page_view
E011879,C01485,2025-01-14 20:51:00,search
E011880,C01485,2023-04-07 20:27:00,app_open
E011881,C01486,2025-12-21 13:22:00,app_open
E011882,C01486,2024-12-27 14:12:00,add_to_cart
E011883,C01486,2024-12-17 13:04:00,app_open
E011884,C01486,2024-03-05 23:30:00,add_to_cart
E011885,C01486,2023-11-26 08:19:00,app_open
E011886,C01486,2023-04-18 18:27:00,page_view
E011887,C01486,2024-04-07 16:10:00,search
E011888,C01486,2024-02-04 07:35:00,page_view
E011889,C01487,2025-06-30 14:09:00,page_view
E011890,C01487,2025-01-14 21:21:00,add_to_cart
E011891,C01487,2024-09-03 19:08:00,search
E011892,C01487,2023-04-25 18:46:00,add_to_cart
E011893,C01487,2024-03-29 12:25:00,search
E011894,C01487,2025-05-10 22:50:00,search
E011895,C01487,2025-03-07 02:44:00,page_view
E011896,C01487,2025-09-16 06:34:00,search
E011897,C01488,2024-11-12 02:31:00,app_open
E011898,C01488,2023-03-15 07:42:00,add_to_cart
E011899,C01488,2024-06-14 20:10:00,search
E011900,C01488,2023-04-01 23:28:00,search
E011901,C01488,2025-05-07 08:22:00,add_to_cart
E011902,C01488,2024-04-05 19:14:00,app_open
E011903,C01488,2025-03-03 17:41:00,app_open
E011904,C01488,2024-07-30 13:45:00,search
E011905,C01489,2025-04-26 12:02:00,page_view
E011906,C01489,2023-04-30 22:38:00,add_to_cart
E011907,C01489,2024-12-18 22:29:00,app_open
E011908,C01489,2024-02-18 15:11:00,page_view
E011909,C01489,2024-07-23 08:39:00,page_view
E011910,C01489,2024-05-10 01:23:00,search
E011911,C01489,2025-02-10 12:56:00,page_view
E011912,C01489,2025-05-31 17:47:00,search
E011913,C01490,2024-03-26 03:50:00,page_view
E011914,C01490,2023-02-17 21:45:00,search
E011915,C01490,2025-01-17 05:11:00,page_view
E011916,C01490,2023-03-18 12:15:00,page_view
E011917,C01490,2023-06-12 21:23:00,search
E011918,C01490,2023-01-31 12:03:00,page_view
E011919,C01490,2023-03-11 17:43:00,app_open
E011920,C01490,2025-10-31 14:27:00,search
E011921,C01491,2025-06-30 16:36:00,add_to_cart
E011922,C01491,2023-03-28 06:16:00,app_open
E011923,C01491,2024-07-09 12:41:00,app_open
E011924,C01491,2025-08-28 03:21:00,search
E011925,C01491,2025-07-20 12:06:00,add_to_cart
E011926,C01491,2023-07-28 19:20:00,app_open
E011927,C01491,2025-03-09 10:18:00,page_view
E011928,C01491,2024-11-25 10:52:00,search
E011929,C01492,2023-08-30 21:34:00,app_open
E011930,C01492,2024-03-23 17:56:00,add_to_cart
E011931,C01492,2025-07-27 17:16:00,app_open
E011932,C01492,2025-08-02 04:18:00,search
E011933,C01492,2023-05-02 15:53:00,search
E011934,C01492,2024-04-10 06:54:00,add_to_cart
E011935,C01492,2024-10-24 17:35:00,page_view
E011936,C01492,2024-10-14 16:54:00,page_view
E011937,C01493,2023-03-23 18:43:00,search
E011938,C01493,2024-01-15 08:17:00,app_open
E011939,C01493,2024-08-01 19:31:00,add_to_cart
E011940,C01493,2025-07-25 15:39:00,search
E011941,C01493,2024-11-07 20:41:00,app_open
E011942,C01493,2025-05-03 20:39:00,page_view
E011943,C01493,2023-11-25 19:15:00,add_to_cart
E011944,C01493,2024-05-05 23:21:00,add_to_cart
E011945,C01494,2023-08-09 00:17:00,app_open
E011946,C01494,2024-10-18 11:59:00,add_to_cart
E011947,C01494,2024-06-03 13:59:00,page_view
E011948,C01494,2025-09-03 10:39:00,search
E011949,C01494,2023-02-03 14:49:00,search
E011950,C01494,2024-07-13 23:19:00,search
E011951,C01494,2024-10-13 16:41:00,search
E011952,C01494,2025-05-04 06:12:00,page_view
E011953,C01495,2024-07-30 17:14:00,app_open
E011954,C01495,2025-01-03 07:59:00,page_view
E011955,C01495,2023-05-14 21:13:00,add_to_cart
E011956,C01495,2023-03-15 17:47:00,app_open
E011957,C01495,2023-08-22 23:50:00,add_to_cart
E011958,C01495,2023-12-25 12:27:00,app_open
E011959,C01495,2023-09-19 08:44:00,app_open
E011960,C01495,2024-10-05 09:39:00,add_to_cart
E011961,C01496,2025-05-26 18:24:00,page_view
E011962,C01496,2025-03-03 15:04:00,search
E011963,C01496,2025-04-13 11:52:00,add_to_cart
E011964,C01496,2024-01-31 11:48:00,app_open
E011965,C01496,2025-01-29 17:05:00,add_to_cart
E011966,C01496,2025-01-27 12:36:00,search
E011967,C01496,2023-12-16 09:10:00,add_to_cart
E011968,C01496,2023-07-26 23:10:00,search
E011969,C01497,2023-07-06 05:08:00,app_open
E011970,C01497,2025-02-16 03:03:00,app_open
E011971,C01497,2025-11-28 06:48:00,search
E011972,C01497,2024-10-08 03:05:00,search
E011973,C01497,2024-05-05 22:07:00,app_open
E011974,C01497,2024-05-31 20:28:00,app_open
E011975,C01497,2025-11-14 09:42:00,app_open
E011976,C01497,2023-03-18 15:17:00,add_to_cart
E011977,C01498,2024-05-08 10:48:00,page_view
E011978,C01498,2024-07-17 09:41:00,add_to_cart
E011979,C01498,2024-04-10 14:02:00,add_to_cart
E011980,C01498,2024-11-02 09:20:00,app_open
E011981,C01498,2023-05-27 07:44:00,app_open
E011982,C01498,2024-04-14 19:46:00,app_open
E011983,C01498,2024-12-26 16:06:00,search
E011984,C01498,2023-07-28 09:33:00,app_open
E011985,C01499,2025-03-19 05:27:00,search
E011986,C01499,2025-10-03 05:16:00,app_open
E011987,C01499,2025-12-19 10:47:00,page_view
E011988,C01499,2025-11-05 10:47:00,add_to_cart
E011989,C01499,2024-04-26 13:16:00,search
E011990,C01499,2023-01-23 08:12:00,add_to_cart
E011991,C01499,2024-11-14 23:23:00,add_to_cart
E011992,C01499,2023-07-06 16:40:00,search
E011993,C01500,2025-10-03 00:14:00,page_view
E011994,C01500,2023-11-10 06:24:00,app_open
E011995,C01500,2024-02-11 17:17:00,search
E011996,C01500,2023-02-10 08:26:00,add_to_cart
E011997,C01500,2023-08-27 03:26:00,add_to_cart
E011998,C01500,2023-11-10 17:06:00,app_open
E011999,C01500,2023-06-23 06:41:00,add_to_cart
E012000,C01500,2024-12-24 05:59:00,page_view
E012001,C01501,2025-02-22 22:01:00,page_view
E012002,C01501,2025-04-16 05:45:00,app_open
E012003,C01501,2024-08-19 23:50:00,app_open
E012004,C01501,2024-08-05 12:26:00,app_open
E012005,C01501,2024-01-13 02:50:00,page_view
E012006,C01501,2024-06-24 06:41:00,page_view
E012007,C01501,2023-08-30 10:08:00,page_view
E012008,C01501,2025-11-23 20:12:00,search
E012009,C01502,2025-10-27 20:04:00,search
E012010,C01502,2025-05-11 21:30:00,add_to_cart
E012011,C01502,2023-04-15 19:14:00,page_view
E012012,C01502,2023-02-26 03:19:00,page_view
E012013,C01502,2023-06-02 06:20:00,add_to_cart
E012014,C01502,2023-07-03 23:48:00,app_open
E012015,C01502,2023-07-04 07:45:00,page_view
E012016,C01502,2025-05-10 02:23:00,app_open
E012017,C01503,2023-10-01 18:21:00,app_open
E012018,C01503,2024-05-23 01:45:00,page_view
E012019,C01503,2023-12-05 04:52:00,app_open
E012020,C01503,2023-01-09 23:25:00,search
E012021,C01503,2025-09-08 15:04:00,search
E012022,C01503,2025-07-06 05:49:00,search
E012023,C01503,2024-08-05 13:41:00,search
E012024,C01503,2025-11-15 13:32:00,search
E012025,C01504,2025-08-12 20:28:00,search
E012026,C01504,2024-11-24 11:32:00,page_view
E012027,C01504,2023-10-20 08:13:00,page_view
E012028,C01504,2024-02-29 15:18:00,page_view
E012029,C01504,2024-02-15 11:15:00,app_open
E012030,C01504,2025-06-04 06:06:00,app_open
E012031,C01504,2024-03-06 17:26:00,page_view
E012032,C01504,2023-12-02 21:18:00,add_to_cart
E012033,C01505,2025-04-21 13:14:00,search
E012034,C01505,2023-09-16 13:38:00,page_view
E012035,C01505,2023-06-01 00:20:00,page_view
E012036,C01505,2025-04-29 21:48:00,page_view
E012037,C01505,2025-08-09 20:39:00,add_to_cart
E012038,C01505,2024-10-12 18:21:00,page_view
E012039,C01505,2023-06-14 07:32:00,search
E012040,C01505,2025-03-01 05:33:00,app_open
E012041,C01506,2024-05-31 02:19:00,page_view
E012042,C01506,2024-02-02 04:37:00,search
E012043,C01506,2024-05-13 13:11:00,search
E012044,C01506,2025-07-29 04:29:00,app_open
E012045,C01506,2023-03-13 09:26:00,add_to_cart
E012046,C01506,2023-03-18 16:44:00,page_view
E012047,C01506,2023-12-01 21:04:00,app_open
E012048,C01506,2024-03-26 03:56:00,add_to_cart
E012049,C01507,2023-04-29 00:48:00,add_to_cart
E012050,C01507,2025-01-28 22:02:00,add_to_cart
E012051,C01507,2024-09-19 05:22:00,app_open
E012052,C01507,2025-12-25 03:10:00,search
E012053,C01507,2023-02-21 19:20:00,add_to_cart
E012054,C01507,2024-03-16 05:06:00,add_to_cart
E012055,C01507,2023-01-19 09:11:00,add_to_cart
E012056,C01507,2023-09-22 02:30:00,page_view
E012057,C01508,2025-12-22 08:58:00,app_open
E012058,C01508,2025-08-17 21:44:00,add_to_cart
E012059,C01508,2025-05-14 14:55:00,search
E012060,C01508,2024-11-21 21:00:00,add_to_cart
E012061,C01508,2023-05-30 12:14:00,page_view
E012062,C01508,2024-02-21 00:51:00,add_to_cart
E012063,C01508,2025-01-28 18:53:00,search
E012064,C01508,2023-02-28 02:52:00,app_open
E012065,C01509,2025-12-22 02:55:00,page_view
E012066,C01509,2024-07-24 10:58:00,app_open
E012067,C01509,2025-01-26 01:07:00,search
E012068,C01509,2024-04-14 01:41:00,app_open
E012069,C01509,2023-01-06 19:22:00,search
E012070,C01509,2023-02-07 17:07:00,search
E012071,C01509,2024-02-20 22:17:00,search
E012072,C01509,2024-12-12 11:06:00,app_open
E012073,C01510,2024-07-19 01:27:00,app_open
E012074,C01510,2025-07-26 23:14:00,add_to_cart
E012075,C01510,2025-11-29 06:49:00,add_to_cart
E012076,C01510,2025-10-10 05:07:00,add_to_cart
E012077,C01510,2024-04-05 06:43:00,search
E012078,C01510,2023-11-11 15:05:00,add_to_cart
E012079,C01510,2024-09-11 19:51:00,page_view
E012080,C01510,2024-10-18 15:10:00,search
E012081,C01511,2024-12-27 02:04:00,page_view
E012082,C01511,2024-11-24 02:11:00,app_open
E012083,C01511,2023-12-04 22:09:00,search
E012084,C01511,2024-12-17 04:59:00,add_to_cart
E012085,C01511,2024-06-15 05:10:00,search
E012086,C01511,2025-09-21 17:36:00,app_open
E012087,C01511,2023-11-20 09:33:00,app_open
E012088,C01511,2023-06-27 03:06:00,add_to_cart
E012089,C01512,2024-07-18 18:57:00,page_view
E012090,C01512,2023-02-22 02:20:00,search
E012091,C01512,2025-02-20 13:38:00,app_open
E012092,C01512,2023-12-18 20:02:00,page_view
E012093,C01512,2024-04-30 12:03:00,search
E012094,C01512,2023-06-24 09:17:00,add_to_cart
E012095,C01512,2024-01-30 10:46:00,app_open
E012096,C01512,2024-07-11 07:44:00,page_view
E012097,C01513,2023-05-11 10:04:00,page_view
E012098,C01513,2025-10-09 02:36:00,search
E012099,C01513,2025-06-24 14:54:00,search
E012100,C01513,2025-06-06 22:33:00,page_view
E012101,C01513,2024-11-13 05:42:00,add_to_cart
E012102,C01513,2024-09-10 09:57:00,search
E012103,C01513,2023-02-16 09:42:00,page_view
E012104,C01513,2023-02-27 18:05:00,search
E012105,C01514,2025-11-28 18:03:00,app_open
E012106,C01514,2025-09-14 15:34:00,app_open
E012107,C01514,2024-03-16 10:09:00,search
E012108,C01514,2025-07-13 18:48:00,app_open
E012109,C01514,2024-05-14 22:18:00,add_to_cart
E012110,C01514,2023-03-15 15:47:00,add_to_cart
E012111,C01514,2024-04-15 22:15:00,add_to_cart
E012112,C01514,2024-03-10 17:27:00,add_to_cart
E012113,C01515,2025-07-22 01:19:00,search
E012114,C01515,2023-01-16 01:18:00,page_view
E012115,C01515,2023-07-15 18:08:00,add_to_cart
E012116,C01515,2025-12-12 02:20:00,app_open
E012117,C01515,2024-11-05 10:27:00,add_to_cart
E012118,C01515,2025-11-04 06:50:00,search
E012119,C01515,2025-04-14 08:00:00,add_to_cart
E012120,C01515,2025-12-22 20:03:00,add_to_cart
E012121,C01516,2025-05-17 11:04:00,page_view
E012122,C01516,2023-02-15 19:13:00,search
E012123,C01516,2024-03-20 09:14:00,page_view
E012124,C01516,2024-05-05 07:10:00,add_to_cart
E012125,C01516,2025-07-08 16:48:00,search
E012126,C01516,2023-05-09 22:52:00,add_to_cart
E012127,C01516,2025-03-13 13:40:00,add_to_cart
E012128,C01516,2023-10-26 13:08:00,add_to_cart
E012129,C01517,2025-12-30 09:07:00,app_open
E012130,C01517,2024-03-02 03:35:00,app_open
E012131,C01517,2024-05-11 09:03:00,add_to_cart
E012132,C01517,2025-11-12 16:32:00,app_open
E012133,C01517,2024-11-11 18:17:00,app_open
E012134,C01517,2024-11-28 08:09:00,page_view
E012135,C01517,2025-05-31 22:59:00,app_open
E012136,C01517,2024-10-27 23:32:00,search
E012137,C01518,2025-03-16 08:23:00,page_view
E012138,C01518,2025-06-02 11:21:00,app_open
E012139,C01518,2025-04-22 04:50:00,page_view
E012140,C01518,2025-03-26 05:21:00,add_to_cart
E012141,C01518,2023-03-01 17:56:00,page_view
E012142,C01518,2023-04-10 10:51:00,app_open
E012143,C01518,2024-12-12 07:10:00,page_view
E012144,C01518,2024-03-09 14:23:00,search
E012145,C01519,2023-08-22 18:55:00,add_to_cart
E012146,C01519,2023-03-12 23:27:00,add_to_cart
E012147,C01519,2024-01-11 18:16:00,search
E012148,C01519,2024-07-04 19:07:00,app_open
E012149,C01519,2025-02-15 01:01:00,app_open
E012150,C01519,2023-01-05 21:54:00,app_open
E012151,C01519,2023-12-12 14:57:00,page_view
E012152,C01519,2024-07-27 08:33:00,add_to_cart
E012153,C01520,2025-07-07 03:48:00,search
E012154,C01520,2025-07-12 13:44:00,add_to_cart
E012155,C01520,2024-01-23 14:46:00,app_open
E012156,C01520,2024-10-30 00:31:00,page_view
E012157,C01520,2023-08-22 18:51:00,search
E012158,C01520,2025-01-12 20:31:00,add_to_cart
E012159,C01520,2023-12-07 08:15:00,app_open
E012160,C01520,2023-03-17 01:28:00,search
E012161,C01521,2025-04-11 00:20:00,add_to_cart
E012162,C01521,2025-11-30 06:18:00,search
E012163,C01521,2024-02-26 09:02:00,search
E012164,C01521,2024-09-23 17:47:00,add_to_cart
E012165,C01521,2023-05-11 11:58:00,app_open
E012166,C01521,2024-12-14 19:08:00,app_open
E012167,C01521,2023-04-12 16:38:00,page_view
E012168,C01521,2025-08-23 14:55:00,add_to_cart
E012169,C01522,2023-06-27 05:02:00,page_view
E012170,C01522,2025-08-21 22:05:00,add_to_cart
E012171,C01522,2023-04-02 18:08:00,search
E012172,C01522,2023-04-01 05:54:00,add_to_cart
E012173,C01522,2023-12-30 03:06:00,search
E012174,C01522,2023-02-19 17:41:00,app_open
E012175,C01522,2024-05-30 09:02:00,page_view
E012176,C01522,2025-10-25 09:12:00,add_to_cart
E012177,C01523,2024-05-03 05:11:00,search
E012178,C01523,2024-09-30 05:45:00,page_view
E012179,C01523,2025-05-23 08:17:00,page_view
E012180,C01523,2024-06-13 05:52:00,add_to_cart
E012181,C01523,2025-12-02 05:50:00,search
E012182,C01523,2023-02-23 10:56:00,search
E012183,C01523,2025-10-30 22:59:00,app_open
E012184,C01523,2025-12-19 18:56:00,app_open
E012185,C01524,2025-06-02 22:29:00,page_view
E012186,C01524,2024-03-20 13:42:00,search
E012187,C01524,2023-05-29 17:05:00,add_to_cart
E012188,C01524,2024-01-04 13:18:00,page_view
E012189,C01524,2024-03-27 08:56:00,search
E012190,C01524,2024-03-07 20:31:00,page_view
E012191,C01524,2024-09-11 11:57:00,app_open
E012192,C01524,2025-08-22 05:05:00,search
E012193,C01525,2023-08-11 14:28:00,page_view
E012194,C01525,2024-11-17 23:02:00,search
E012195,C01525,2025-05-27 03:07:00,app_open
E012196,C01525,2025-06-08 00:18:00,add_to_cart
E012197,C01525,2023-07-03 09:02:00,page_view
E012198,C01525,2023-04-30 21:28:00,add_to_cart
E012199,C01525,2025-08-05 11:31:00,search
E012200,C01525,2025-11-18 17:19:00,add_to_cart
E012201,C01526,2025-07-04 20:29:00,page_view
E012202,C01526,2024-03-13 08:10:00,page_view
E012203,C01526,2025-03-21 12:28:00,search
E012204,C01526,2025-04-22 00:52:00,page_view
E012205,C01526,2024-08-11 01:20:00,add_to_cart
E012206,C01526,2024-05-28 07:22:00,app_open
E012207,C01526,2025-11-29 14:59:00,page_view
E012208,C01526,2023-05-08 00:43:00,page_view
E012209,C01527,2024-12-31 01:27:00,page_view
E012210,C01527,2023-02-23 15:24:00,add_to_cart
E012211,C01527,2025-01-27 03:45:00,app_open
E012212,C01527,2025-03-26 07:51:00,search
E012213,C01527,2024-04-06 02:58:00,add_to_cart
E012214,C01527,2024-02-08 21:41:00,search
E012215,C01527,2023-12-17 19:32:00,page_view
E012216,C01527,2025-11-18 00:55:00,add_to_cart
E012217,C01528,2023-12-08 17:44:00,page_view
E012218,C01528,2024-10-03 15:52:00,page_view
E012219,C01528,2025-02-08 06:47:00,page_view
E012220,C01528,2023-01-19 15:01:00,app_open
E012221,C01528,2024-10-13 00:01:00,search
E012222,C01528,2023-12-13 07:50:00,app_open
E012223,C01528,2025-03-12 06:55:00,add_to_cart
E012224,C01528,2023-04-13 17:54:00,page_view
E012225,C01529,2025-01-03 08:46:00,add_to_cart
E012226,C01529,2024-07-01 09:12:00,page_view
E012227,C01529,2023-03-07 14:32:00,add_to_cart
E012228,C01529,2025-12-05 06:05:00,add_to_cart
E012229,C01529,2025-03-09 23:16:00,app_open
E012230,C01529,2024-08-23 08:27:00,add_to_cart
E012231,C01529,2023-05-03 15:42:00,app_open
E012232,C01529,2024-10-21 18:33:00,add_to_cart
E012233,C01530,2024-03-13 20:14:00,app_open
E012234,C01530,2024-05-25 21:06:00,search
E012235,C01530,2023-10-12 20:06:00,add_to_cart
E012236,C01530,2023-04-19 08:54:00,search
E012237,C01530,2024-06-27 09:10:00,page_view
E012238,C01530,2024-07-23 02:44:00,app_open
E012239,C01530,2024-10-05 20:22:00,page_view
E012240,C01530,2024-04-07 21:07:00,app_open
E012241,C01531,2023-07-29 21:56:00,search
E012242,C01531,2024-04-07 11:12:00,app_open
E012243,C01531,2023-01-13 12:19:00,search
E012244,C01531,2025-08-03 01:28:00,add_to_cart
E012245,C01531,2025-11-24 14:19:00,add_to_cart
E012246,C01531,2025-07-17 04:41:00,page_view
E012247,C01531,2025-07-07 21:42:00,add_to_cart
E012248,C01531,2025-09-17 02:51:00,search
E012249,C01532,2023-01-30 22:29:00,app_open
E012250,C01532,2025-06-02 19:21:00,add_to_cart
E012251,C01532,2025-05-24 11:28:00,app_open
E012252,C01532,2023-04-12 18:41:00,add_to_cart
E012253,C01532,2024-08-23 22:14:00,app_open
E012254,C01532,2024-11-26 07:47:00,page_view
E012255,C01532,2025-07-31 19:01:00,search
E012256,C01532,2025-10-11 13:51:00,add_to_cart
E012257,C01533,2025-10-14 21:11:00,app_open
E012258,C01533,2024-11-29 17:16:00,page_view
E012259,C01533,2024-11-19 12:17:00,page_view
E012260,C01533,2023-12-05 07:37:00,add_to_cart
E012261,C01533,2025-07-29 07:35:00,page_view
E012262,C01533,2023-07-26 16:29:00,app_open
E012263,C01533,2024-06-08 10:58:00,page_view
E012264,C01533,2025-09-13 11:58:00,app_open
E012265,C01534,2025-09-29 17:26:00,search
E012266,C01534,2024-03-29 13:51:00,search
E012267,C01534,2023-04-27 09:32:00,app_open
E012268,C01534,2024-08-24 03:09:00,search
E012269,C01534,2024-12-08 16:07:00,page_view
E012270,C01534,2023-05-17 11:50:00,search
E012271,C01534,2025-07-12 21:54:00,search
E012272,C01534,2024-10-16 23:05:00,add_to_cart
E012273,C01535,2024-12-30 03:09:00,search
E012274,C01535,2025-02-03 05:19:00,search
E012275,C01535,2023-12-05 02:28:00,add_to_cart
E012276,C01535,2024-11-06 19:15:00,page_view
E012277,C01535,2023-11-19 12:26:00,app_open
E012278,C01535,2025-12-24 22:29:00,add_to_cart
E012279,C01535,2024-07-25 16:53:00,add_to_cart
E012280,C01535,2025-12-10 23:44:00,page_view
E012281,C01536,2025-11-27 08:31:00,search
E012282,C01536,2024-11-28 19:43:00,add_to_cart
E012283,C01536,2023-01-31 19:34:00,add_to_cart
E012284,C01536,2024-11-02 01:50:00,add_to_cart
E012285,C01536,2025-02-17 17:08:00,page_view
E012286,C01536,2025-02-13 13:55:00,add_to_cart
E012287,C01536,2024-12-02 17:17:00,add_to_cart
E012288,C01536,2025-03-10 21:40:00,page_view
E012289,C01537,2024-03-05 16:04:00,app_open
E012290,C01537,2025-02-17 09:05:00,add_to_cart
E012291,C01537,2024-03-13 14:19:00,add_to_cart
E012292,C01537,2024-05-10 11:30:00,page_view
E012293,C01537,2025-09-12 22:57:00,add_to_cart
E012294,C01537,2025-12-23 11:29:00,page_view
E012295,C01537,2025-05-03 16:39:00,search
E012296,C01537,2025-01-13 03:09:00,search
E012297,C01538,2025-10-24 20:29:00,app_open
E012298,C01538,2025-01-07 12:05:00,add_to_cart
E012299,C01538,2025-11-19 03:29:00,search
E012300,C01538,2024-05-25 23:59:00,search
E012301,C01538,2025-03-05 23:49:00,search
E012302,C01538,2023-08-07 07:25:00,add_to_cart
E012303,C01538,2023-01-16 04:47:00,add_to_cart
E012304,C01538,2025-11-09 12:04:00,add_to_cart
E012305,C01539,2024-08-26 16:48:00,page_view
E012306,C01539,2025-02-21 06:48:00,page_view
E012307,C01539,2025-06-12 17:24:00,app_open
E012308,C01539,2023-07-20 01:14:00,add_to_cart
E012309,C01539,2023-11-06 06:08:00,search
E012310,C01539,2024-11-21 18:47:00,app_open
E012311,C01539,2024-03-22 02:23:00,search
E012312,C01539,2023-09-23 09:44:00,app_open
E012313,C01540,2023-08-12 12:13:00,search
E012314,C01540,2025-07-27 22:47:00,page_view
E012315,C01540,2025-06-12 14:51:00,page_view
E012316,C01540,2024-03-08 05:27:00,add_to_cart
E012317,C01540,2025-05-20 14:50:00,search
E012318,C01540,2025-11-01 18:12:00,page_view
E012319,C01540,2023-01-17 11:27:00,app_open
E012320,C01540,2025-11-23 23:19:00,add_to_cart
E012321,C01541,2023-07-10 20:50:00,add_to_cart
E012322,C01541,2023-08-01 07:06:00,app_open
E012323,C01541,2024-03-21 22:51:00,app_open
E012324,C01541,2023-07-21 01:40:00,app_open
E012325,C01541,2025-08-24 01:09:00,add_to_cart
E012326,C01541,2025-05-01 06:46:00,add_to_cart
E012327,C01541,2023-07-31 11:18:00,add_to_cart
E012328,C01541,2024-11-24 09:43:00,app_open
E012329,C01542,2024-12-10 11:08:00,search
E012330,C01542,2023-06-16 02:59:00,app_open
E012331,C01542,2023-11-26 22:32:00,search
E012332,C01542,2023-03-01 17:34:00,add_to_cart
E012333,C01542,2023-07-25 10:00:00,add_to_cart
E012334,C01542,2024-05-19 15:38:00,add_to_cart
E012335,C01542,2025-05-06 10:16:00,search
E012336,C01542,2023-07-16 11:50:00,app_open
E012337,C01543,2023-07-18 06:36:00,add_to_cart
E012338,C01543,2025-02-23 00:58:00,search
E012339,C01543,2025-08-11 02:11:00,search
E012340,C01543,2023-06-01 22:23:00,search
E012341,C01543,2024-12-20 10:28:00,page_view
E012342,C01543,2024-02-24 00:16:00,page_view
E012343,C01543,2025-02-05 12:08:00,app_open
E012344,C01543,2024-11-22 11:50:00,add_to_cart
E012345,C01544,2023-04-29 11:42:00,page_view
E012346,C01544,2025-06-07 07:34:00,page_view
E012347,C01544,2025-12-09 23:00:00,add_to_cart
E012348,C01544,2025-02-15 04:46:00,page_view
E012349,C01544,2025-10-26 00:54:00,search
E012350,C01544,2024-08-02 10:03:00,add_to_cart
E012351,C01544,2025-06-26 18:53:00,add_to_cart
E012352,C01544,2024-04-20 05:39:00,search
E012353,C01545,2023-03-16 06:28:00,search
E012354,C01545,2025-07-31 03:47:00,search
E012355,C01545,2023-11-19 03:20:00,page_view
E012356,C01545,2025-11-11 23:14:00,app_open
E012357,C01545,2023-03-10 07:21:00,search
E012358,C01545,2025-11-01 03:42:00,app_open
E012359,C01545,2025-03-12 03:15:00,page_view
E012360,C01545,2025-07-14 21:23:00,add_to_cart
E012361,C01546,2023-09-26 11:03:00,app_open
E012362,C01546,2023-12-30 17:38:00,app_open
E012363,C01546,2023-08-27 15:08:00,page_view
E012364,C01546,2023-02-18 06:13:00,app_open
E012365,C01546,2024-11-11 13:11:00,app_open
E012366,C01546,2023-01-16 01:46:00,search
E012367,C01546,2024-09-24 14:30:00,add_to_cart
E012368,C01546,2023-05-10 02:19:00,search
E012369,C01547,2024-07-20 01:49:00,add_to_cart
E012370,C01547,2025-02-02 03:16:00,add_to_cart
E012371,C01547,2024-12-01 11:44:00,search
E012372,C01547,2025-07-04 05:06:00,app_open
E012373,C01547,2025-06-22 08:12:00,add_to_cart
E012374,C01547,2024-12-27 19:05:00,add_to_cart
E012375,C01547,2025-06-04 08:58:00,search
E012376,C01547,2023-01-18 01:47:00,page_view
E012377,C01548,2025-05-30 21:25:00,add_to_cart
E012378,C01548,2023-05-23 13:04:00,search
E012379,C01548,2023-07-07 16:33:00,page_view
E012380,C01548,2024-05-09 06:58:00,page_view
E012381,C01548,2024-06-03 20:02:00,page_view
E012382,C01548,2025-09-18 15:09:00,app_open
E012383,C01548,2023-06-14 01:25:00,page_view
E012384,C01548,2023-02-10 20:09:00,page_view
E012385,C01549,2023-02-27 04:40:00,app_open
E012386,C01549,2024-03-19 15:35:00,page_view
E012387,C01549,2023-03-22 22:24:00,page_view
E012388,C01549,2023-10-19 20:11:00,search
E012389,C01549,2023-05-11 19:32:00,add_to_cart
E012390,C01549,2024-03-10 22:21:00,search
E012391,C01549,2025-09-23 13:06:00,search
E012392,C01549,2025-08-06 01:43:00,page_view
E012393,C01550,2024-03-21 15:21:00,search
E012394,C01550,2025-08-01 04:15:00,add_to_cart
E012395,C01550,2025-06-02 05:47:00,page_view
E012396,C01550,2023-04-19 05:26:00,add_to_cart
E012397,C01550,2024-05-17 03:34:00,search
E012398,C01550,2023-10-16 19:29:00,search
E012399,C01550,2025-02-05 05:25:00,app_open
E012400,C01550,2024-07-20 13:20:00,page_view
E012401,C01551,2023-03-09 15:46:00,page_view
E012402,C01551,2025-10-15 13:39:00,app_open
E012403,C01551,2024-12-14 08:17:00,page_view
E012404,C01551,2024-05-28 22:28:00,add_to_cart
E012405,C01551,2023-09-16 12:47:00,page_view
E012406,C01551,2024-01-11 10:33:00,search
E012407,C01551,2025-04-03 10:30:00,page_view
E012408,C01551,2024-12-04 22:03:00,add_to_cart
E012409,C01552,2025-11-30 21:58:00,page_view
E012410,C01552,2025-02-22 13:46:00,search
E012411,C01552,2025-02-14 23:32:00,add_to_cart
E012412,C01552,2024-01-27 10:02:00,page_view
E012413,C01552,2023-05-19 07:35:00,add_to_cart
E012414,C01552,2025-08-28 21:37:00,search
E012415,C01552,2024-11-04 07:16:00,add_to_cart
E012416,C01552,2024-06-20 19:06:00,page_view
E012417,C01553,2024-09-13 00:37:00,add_to_cart
E012418,C01553,2024-06-14 22:24:00,page_view
E012419,C01553,2025-07-04 14:14:00,page_view
E012420,C01553,2024-11-14 00:42:00,add_to_cart
E012421,C01553,2024-03-19 02:01:00,add_to_cart
E012422,C01553,2024-07-18 13:45:00,page_view
E012423,C01553,2024-08-29 14:44:00,app_open
E012424,C01553,2024-10-27 01:19:00,page_view
E012425,C01554,2024-04-30 01:04:00,page_view
E012426,C01554,2025-10-12 19:45:00,add_to_cart
E012427,C01554,2023-02-13 21:35:00,search
E012428,C01554,2025-06-26 23:47:00,add_to_cart
E012429,C01554,2024-01-03 06:14:00,app_open
E012430,C01554,2025-05-21 20:55:00,add_to_cart
E012431,C01554,2025-09-29 21:58:00,app_open
E012432,C01554,2024-07-07 11:40:00,app_open
E012433,C01555,2023-03-17 07:52:00,add_to_cart
E012434,C01555,2023-02-19 02:09:00,page_view
E012435,C01555,2023-12-22 17:03:00,search
E012436,C01555,2025-01-08 11:47:00,add_to_cart
E012437,C01555,2023-09-19 07:36:00,search
E012438,C01555,2025-12-25 01:57:00,page_view
E012439,C01555,2024-06-02 06:36:00,search
E012440,C01555,2024-10-26 02:24:00,page_view
E012441,C01556,2023-04-12 08:40:00,search
E012442,C01556,2025-06-06 03:31:00,page_view
E012443,C01556,2025-04-04 06:34:00,add_to_cart
E012444,C01556,2024-08-01 08:28:00,page_view
E012445,C01556,2024-12-01 02:52:00,add_to_cart
E012446,C01556,2023-04-19 14:24:00,page_view
E012447,C01556,2024-10-29 04:04:00,add_to_cart
E012448,C01556,2025-09-12 18:52:00,search
E012449,C01557,2025-09-19 11:02:00,page_view
E012450,C01557,2025-10-07 11:26:00,app_open
E012451,C01557,2023-03-24 17:10:00,search
E012452,C01557,2024-04-03 00:47:00,add_to_cart
E012453,C01557,2024-12-31 07:59:00,app_open
E012454,C01557,2025-11-20 17:52:00,add_to_cart
E012455,C01557,2025-07-07 03:02:00,add_to_cart
E012456,C01557,2024-01-28 13:10:00,app_open
E012457,C01558,2024-11-02 23:40:00,app_open
E012458,C01558,2025-07-24 11:25:00,add_to_cart
E012459,C01558,2024-09-11 00:34:00,add_to_cart
E012460,C01558,2025-08-20 16:28:00,add_to_cart
E012461,C01558,2024-12-24 20:33:00,app_open
E012462,C01558,2025-10-27 18:19:00,page_view
E012463,C01558,2025-12-16 14:11:00,app_open
E012464,C01558,2025-02-15 01:41:00,search
E012465,C01559,2024-03-12 18:52:00,page_view
E012466,C01559,2023-10-11 08:11:00,page_view
E012467,C01559,2025-11-21 09:58:00,page_view
E012468,C01559,2024-08-22 18:58:00,page_view
E012469,C01559,2024-11-07 06:36:00,app_open
E012470,C01559,2024-05-14 15:52:00,page_view
E012471,C01559,2023-05-17 20:02:00,app_open
E012472,C01559,2025-12-21 15:46:00,add_to_cart
E012473,C01560,2023-10-02 23:22:00,add_to_cart
E012474,C01560,2024-05-04 21:14:00,page_view
E012475,C01560,2024-04-26 15:42:00,search
E012476,C01560,2023-04-29 18:06:00,add_to_cart
E012477,C01560,2025-03-15 23:47:00,add_to_cart
E012478,C01560,2023-02-07 08:42:00,add_to_cart
E012479,C01560,2024-04-20 14:03:00,add_to_cart
E012480,C01560,2025-10-22 17:39:00,add_to_cart
E012481,C01561,2025-07-28 11:13:00,page_view
E012482,C01561,2024-01-03 08:33:00,search
E012483,C01561,2023-12-31 09:13:00,add_to_cart
E012484,C01561,2024-01-06 23:14:00,search
E012485,C01561,2024-08-21 17:42:00,app_open
E012486,C01561,2024-02-27 08:59:00,app_open
E012487,C01561,2025-04-24 09:41:00,app_open
E012488,C01561,2023-09-16 09:04:00,page_view
E012489,C01562,2025-08-30 17:59:00,page_view
E012490,C01562,2025-08-18 05:45:00,page_view
E012491,C01562,2023-11-02 03:00:00,add_to_cart
E012492,C01562,2023-09-18 06:55:00,search
E012493,C01562,2024-09-24 16:30:00,app_open
E012494,C01562,2025-12-02 14:56:00,page_view
E012495,C01562,2025-03-12 22:24:00,page_view
E012496,C01562,2024-12-04 13:16:00,page_view
E012497,C01563,2023-06-11 17:32:00,search
E012498,C01563,2024-03-30 05:55:00,page_view
E012499,C01563,2024-09-25 23:44:00,search
E012500,C01563,2024-03-11 17:16:00,page_view
E012501,C01563,2023-06-25 19:55:00,add_to_cart
E012502,C01563,2024-08-29 01:09:00,search
E012503,C01563,2024-03-13 22:23:00,add_to_cart
E012504,C01563,2023-05-20 08:00:00,page_view
E012505,C01564,2025-01-04 03:22:00,search
E012506,C01564,2025-06-25 03:15:00,search
E012507,C01564,2025-07-25 06:20:00,search
E012508,C01564,2023-04-28 23:16:00,page_view
E012509,C01564,2024-04-02 08:48:00,add_to_cart
E012510,C01564,2025-12-10 09:22:00,add_to_cart
E012511,C01564,2025-12-05 23:46:00,add_to_cart
E012512,C01564,2024-03-02 11:33:00,page_view
E012513,C01565,2023-04-01 21:31:00,add_to_cart
E012514,C01565,2024-10-17 00:47:00,add_to_cart
E012515,C01565,2025-02-14 12:52:00,app_open
E012516,C01565,2025-07-04 05:57:00,app_open
E012517,C01565,2025-01-12 05:53:00,page_view
E012518,C01565,2023-08-14 21:12:00,add_to_cart
E012519,C01565,2025-10-10 10:14:00,app_open
E012520,C01565,2023-12-18 05:38:00,page_view
E012521,C01566,2025-10-21 08:00:00,page_view
E012522,C01566,2024-02-13 14:51:00,search
E012523,C01566,2025-12-17 11:13:00,search
E012524,C01566,2025-11-27 06:48:00,search
E012525,C01566,2025-05-01 00:05:00,app_open
E012526,C01566,2025-07-15 14:27:00,add_to_cart
E012527,C01566,2024-05-17 23:44:00,add_to_cart
E012528,C01566,2025-01-22 13:49:00,page_view
E012529,C01567,2024-08-04 15:43:00,page_view
E012530,C01567,2023-06-20 09:16:00,search
E012531,C01567,2025-12-23 03:52:00,search
E012532,C01567,2025-11-26 18:55:00,app_open
E012533,C01567,2023-03-18 04:12:00,add_to_cart
E012534,C01567,2023-12-03 08:27:00,app_open
E012535,C01567,2025-12-28 06:35:00,add_to_cart
E012536,C01567,2023-04-02 06:24:00,search
E012537,C01568,2024-03-12 14:24:00,page_view
E012538,C01568,2023-03-22 17:32:00,page_view
E012539,C01568,2025-06-11 07:55:00,search
E012540,C01568,2024-05-24 03:01:00,add_to_cart
E012541,C01568,2023-01-21 12:58:00,app_open
E012542,C01568,2023-04-08 10:15:00,app_open
E012543,C01568,2023-04-12 02:57:00,add_to_cart
E012544,C01568,2024-10-15 05:56:00,page_view
E012545,C01569,2025-12-05 14:43:00,app_open
E012546,C01569,2024-02-25 09:41:00,search
E012547,C01569,2025-06-21 19:07:00,add_to_cart
E012548,C01569,2024-07-20 23:18:00,search
E012549,C01569,2023-03-16 08:29:00,add_to_cart
E012550,C01569,2023-01-27 23:37:00,add_to_cart
E012551,C01569,2023-02-01 02:19:00,add_to_cart
E012552,C01569,2024-04-10 00:30:00,page_view
E012553,C01570,2024-09-12 17:15:00,search
E012554,C01570,2023-12-16 21:24:00,app_open
E012555,C01570,2025-10-06 02:08:00,app_open
E012556,C01570,2024-11-17 09:15:00,search
E012557,C01570,2023-02-27 00:27:00,add_to_cart
E012558,C01570,2023-04-08 13:39:00,page_view
E012559,C01570,2024-06-18 08:38:00,page_view
E012560,C01570,2024-11-11 20:27:00,page_view
E012561,C01571,2024-10-05 15:02:00,page_view
E012562,C01571,2023-03-05 18:44:00,page_view
E012563,C01571,2023-12-26 21:46:00,add_to_cart
E012564,C01571,2025-10-17 00:11:00,add_to_cart
E012565,C01571,2023-03-02 12:02:00,add_to_cart
E012566,C01571,2023-07-08 03:04:00,add_to_cart
E012567,C01571,2024-08-08 06:22:00,add_to_cart
E012568,C01571,2023-11-29 01:23:00,search
E012569,C01572,2025-01-12 20:14:00,add_to_cart
E012570,C01572,2023-02-18 07:54:00,search
E012571,C01572,2024-09-07 04:08:00,search
E012572,C01572,2024-03-07 00:33:00,app_open
E012573,C01572,2025-07-26 14:53:00,search
E012574,C01572,2023-01-20 11:14:00,search
E012575,C01572,2025-02-18 20:41:00,add_to_cart
E012576,C01572,2024-07-10 16:47:00,add_to_cart
E012577,C01573,2023-02-01 21:34:00,page_view
E012578,C01573,2024-09-01 19:12:00,add_to_cart
E012579,C01573,2024-01-02 05:47:00,app_open
E012580,C01573,2025-09-25 11:42:00,search
E012581,C01573,2024-08-27 03:04:00,app_open
E012582,C01573,2023-11-11 18:24:00,search
E012583,C01573,2024-05-01 18:05:00,app_open
E012584,C01573,2025-08-02 02:30:00,add_to_cart
E012585,C01574,2023-08-04 03:13:00,search
E012586,C01574,2025-06-03 15:06:00,app_open
E012587,C01574,2025-08-12 03:50:00,add_to_cart
E012588,C01574,2023-02-05 15:51:00,add_to_cart
E012589,C01574,2025-05-12 03:28:00,page_view
E012590,C01574,2025-12-10 15:56:00,add_to_cart
E012591,C01574,2023-02-16 04:41:00,add_to_cart
E012592,C01574,2024-05-15 22:50:00,page_view
E012593,C01575,2025-05-17 17:56:00,add_to_cart
E012594,C01575,2025-02-17 19:27:00,search
E012595,C01575,2023-01-03 20:29:00,search
E012596,C01575,2025-11-21 17:13:00,page_view
E012597,C01575,2023-06-09 03:17:00,app_open
E012598,C01575,2025-05-29 08:31:00,add_to_cart
E012599,C01575,2023-06-03 07:40:00,search
E012600,C01575,2025-10-28 12:49:00,app_open
E012601,C01576,2024-05-04 07:09:00,add_to_cart
E012602,C01576,2025-07-30 05:37:00,add_to_cart
E012603,C01576,2025-04-29 22:07:00,add_to_cart
E012604,C01576,2023-02-22 01:04:00,page_view
E012605,C01576,2025-06-20 14:44:00,app_open
E012606,C01576,2023-02-14 11:52:00,page_view
E012607,C01576,2025-08-27 01:02:00,search
E012608,C01576,2023-04-18 05:08:00,add_to_cart
E012609,C01577,2023-01-25 07:06:00,search
E012610,C01577,2024-05-29 13:49:00,app_open
E012611,C01577,2024-11-16 06:53:00,page_view
E012612,C01577,2023-02-09 17:39:00,search
E012613,C01577,2024-07-02 17:10:00,app_open
E012614,C01577,2025-07-10 14:59:00,search
E012615,C01577,2024-12-28 19:35:00,app_open
E012616,C01577,2025-11-13 06:34:00,page_view
E012617,C01578,2024-01-02 09:46:00,search
E012618,C01578,2025-10-27 15:00:00,page_view
E012619,C01578,2023-07-22 14:59:00,add_to_cart
E012620,C01578,2025-06-26 11:39:00,add_to_cart
E012621,C01578,2023-07-20 00:05:00,search
E012622,C01578,2024-04-11 15:19:00,app_open
E012623,C01578,2024-01-18 15:05:00,search
E012624,C01578,2023-05-11 21:51:00,page_view
E012625,C01579,2025-03-15 05:12:00,page_view
E012626,C01579,2024-11-28 01:43:00,app_open
E012627,C01579,2023-10-11 02:05:00,page_view
E012628,C01579,2024-02-04 06:03:00,page_view
E012629,C01579,2025-08-03 18:09:00,search
E012630,C01579,2023-03-11 14:32:00,page_view
E012631,C01579,2024-08-17 03:24:00,search
E012632,C01579,2023-09-11 12:08:00,app_open
E012633,C01580,2024-01-15 05:54:00,page_view
E012634,C01580,2025-04-23 03:51:00,app_open
E012635,C01580,2023-11-12 13:02:00,page_view
E012636,C01580,2023-02-24 03:44:00,page_view
E012637,C01580,2025-09-09 01:12:00,app_open
E012638,C01580,2024-08-20 09:46:00,add_to_cart
E012639,C01580,2024-10-04 17:19:00,app_open
E012640,C01580,2023-07-14 09:38:00,add_to_cart
E012641,C01581,2024-06-30 05:29:00,add_to_cart
E012642,C01581,2025-04-15 15:57:00,search
E012643,C01581,2024-01-28 08:55:00,page_view
E012644,C01581,2023-07-14 14:26:00,search
E012645,C01581,2023-09-23 04:38:00,search
E012646,C01581,2025-01-01 10:57:00,page_view
E012647,C01581,2025-11-28 09:38:00,app_open
E012648,C01581,2023-05-28 14:38:00,page_view
E012649,C01582,2023-02-20 00:33:00,app_open
E012650,C01582,2024-01-15 12:58:00,app_open
E012651,C01582,2023-01-15 03:04:00,add_to_cart
E012652,C01582,2025-12-09 20:33:00,app_open
E012653,C01582,2025-01-12 06:52:00,page_view
E012654,C01582,2025-07-04 17:19:00,page_view
E012655,C01582,2024-06-14 06:11:00,search
E012656,C01582,2025-07-29 01:42:00,app_open
E012657,C01583,2025-04-11 17:59:00,app_open
E012658,C01583,2023-05-12 08:32:00,page_view
E012659,C01583,2023-02-13 18:44:00,add_to_cart
E012660,C01583,2024-07-25 02:05:00,app_open
E012661,C01583,2025-09-16 10:56:00,add_to_cart
E012662,C01583,2025-09-06 01:03:00,search
E012663,C01583,2025-11-13 10:59:00,page_view
E012664,C01583,2024-06-08 04:55:00,search
E012665,C01584,2024-09-26 11:37:00,page_view
E012666,C01584,2024-08-21 03:18:00,app_open
E012667,C01584,2024-07-25 05:43:00,search
E012668,C01584,2023-03-25 20:39:00,search
E012669,C01584,2023-01-24 10:22:00,add_to_cart
E012670,C01584,2025-10-31 06:30:00,app_open
E012671,C01584,2025-05-28 18:03:00,add_to_cart
E012672,C01584,2024-06-09 15:57:00,app_open
E012673,C01585,2024-05-27 20:18:00,add_to_cart
E012674,C01585,2023-04-06 22:39:00,app_open
E012675,C01585,2024-05-15 03:13:00,add_to_cart
E012676,C01585,2024-05-31 17:35:00,add_to_cart
E012677,C01585,2023-04-05 00:04:00,search
E012678,C01585,2025-03-01 17:32:00,page_view
E012679,C01585,2023-09-24 06:10:00,add_to_cart
E012680,C01585,2025-04-07 17:51:00,add_to_cart
E012681,C01586,2025-11-29 03:32:00,add_to_cart
E012682,C01586,2025-02-25 07:21:00,add_to_cart
E012683,C01586,2025-09-01 13:08:00,page_view
E012684,C01586,2024-03-01 23:35:00,search
E012685,C01586,2025-07-18 02:27:00,add_to_cart
E012686,C01586,2024-10-27 05:21:00,app_open
E012687,C01586,2025-12-30 01:46:00,add_to_cart
E012688,C01586,2024-07-25 08:46:00,search
E012689,C01587,2025-03-25 18:00:00,add_to_cart
E012690,C01587,2023-09-22 18:55:00,page_view
E012691,C01587,2025-10-07 22:55:00,app_open
E012692,C01587,2023-04-18 05:54:00,app_open
E012693,C01587,2023-06-12 15:31:00,add_to_cart
E012694,C01587,2023-10-29 15:26:00,add_to_cart
E012695,C01587,2025-05-16 13:27:00,add_to_cart
E012696,C01587,2024-06-30 17:45:00,search
E012697,C01588,2023-01-23 13:30:00,page_view
E012698,C01588,2025-08-08 05:36:00,add_to_cart
E012699,C01588,2023-06-19 19:58:00,search
E012700,C01588,2024-11-06 17:51:00,page_view
E012701,C01588,2025-09-09 21:37:00,search
E012702,C01588,2024-08-05 00:07:00,search
E012703,C01588,2023-05-23 14:15:00,page_view
E012704,C01588,2023-07-09 17:46:00,app_open
E012705,C01589,2023-09-12 20:30:00,page_view
E012706,C01589,2023-05-19 06:28:00,page_view
E012707,C01589,2023-09-02 12:02:00,search
E012708,C01589,2024-04-20 06:57:00,add_to_cart
E012709,C01589,2023-06-02 10:17:00,app_open
E012710,C01589,2025-02-15 00:45:00,add_to_cart
E012711,C01589,2023-10-15 18:12:00,page_view
E012712,C01589,2025-05-15 10:43:00,app_open
E012713,C01590,2024-02-29 19:20:00,page_view
E012714,C01590,2025-07-16 17:36:00,app_open
E012715,C01590,2025-07-13 09:04:00,add_to_cart
E012716,C01590,2025-06-15 19:44:00,page_view
E012717,C01590,2024-11-07 23:51:00,search
E012718,C01590,2023-05-09 04:16:00,app_open
E012719,C01590,2025-10-15 21:28:00,page_view
E012720,C01590,2025-11-24 02:29:00,page_view
E012721,C01591,2025-07-26 15:42:00,app_open
E012722,C01591,2025-12-25 08:11:00,page_view
E012723,C01591,2024-11-07 14:20:00,add_to_cart
E012724,C01591,2025-05-03 22:37:00,search
E012725,C01591,2024-11-17 00:24:00,page_view
E012726,C01591,2025-10-21 01:39:00,search
E012727,C01591,2025-04-06 10:14:00,page_view
E012728,C01591,2025-05-24 17:57:00,app_open
E012729,C01592,2023-08-05 09:28:00,app_open
E012730,C01592,2023-08-20 12:12:00,search
E012731,C01592,2025-12-14 20:27:00,add_to_cart
E012732,C01592,2024-05-21 09:07:00,page_view
E012733,C01592,2024-02-10 22:49:00,app_open
E012734,C01592,2025-07-17 00:58:00,app_open
E012735,C01592,2025-04-15 17:26:00,add_to_cart
E012736,C01592,2023-08-03 00:08:00,app_open
E012737,C01593,2025-04-07 04:34:00,add_to_cart
E012738,C01593,2024-06-05 10:00:00,add_to_cart
E012739,C01593,2025-08-13 17:46:00,app_open
E012740,C01593,2023-05-06 02:09:00,search
E012741,C01593,2025-12-23 12:34:00,app_open
E012742,C01593,2025-11-28 22:08:00,search
E012743,C01593,2024-08-16 00:00:00,add_to_cart
E012744,C01593,2023-07-01 20:42:00,search
E012745,C01594,2024-04-08 12:56:00,page_view
E012746,C01594,2025-05-17 15:13:00,search
E012747,C01594,2024-11-05 04:45:00,add_to_cart
E012748,C01594,2023-09-29 13:42:00,search
E012749,C01594,2023-11-15 05:27:00,search
E012750,C01594,2024-08-27 13:28:00,page_view
E012751,C01594,2024-11-07 01:30:00,search
E012752,C01594,2025-05-30 03:21:00,app_open
E012753,C01595,2023-07-08 15:07:00,page_view
E012754,C01595,2024-05-10 20:56:00,search
E012755,C01595,2025-03-27 08:38:00,add_to_cart
E012756,C01595,2024-04-04 01:50:00,page_view
E012757,C01595,2025-05-24 16:10:00,page_view
E012758,C01595,2025-01-24 04:51:00,app_open
E012759,C01595,2025-06-27 15:06:00,add_to_cart
E012760,C01595,2023-10-20 21:55:00,page_view
E012761,C01596,2023-05-28 06:03:00,page_view
E012762,C01596,2023-06-02 04:53:00,page_view
E012763,C01596,2025-03-31 12:29:00,page_view
E012764,C01596,2024-03-27 00:38:00,add_to_cart
E012765,C01596,2024-06-05 02:34:00,search
E012766,C01596,2025-08-10 08:18:00,search
E012767,C01596,2025-05-14 04:27:00,search
E012768,C01596,2023-04-01 05:13:00,search
E012769,C01597,2024-09-25 19:10:00,page_view
E012770,C01597,2023-05-17 21:53:00,add_to_cart
E012771,C01597,2023-04-26 02:58:00,app_open
E012772,C01597,2025-08-27 12:00:00,app_open
E012773,C01597,2023-09-02 16:06:00,search
E012774,C01597,2023-12-22 01:06:00,add_to_cart
E012775,C01597,2025-12-22 10:41:00,search
E012776,C01597,2023-06-11 13:22:00,search
E012777,C01598,2024-08-25 21:16:00,search
E012778,C01598,2025-01-11 03:54:00,add_to_cart
E012779,C01598,2025-01-11 06:09:00,app_open
E012780,C01598,2024-03-28 01:16:00,page_view
E012781,C01598,2025-04-12 05:58:00,app_open
E012782,C01598,2023-08-16 12:55:00,page_view
E012783,C01598,2024-09-24 18:04:00,add_to_cart
E012784,C01598,2025-01-29 13:59:00,add_to_cart
E012785,C01599,2025-05-18 02:07:00,add_to_cart
E012786,C01599,2025-06-03 19:43:00,search
E012787,C01599,2024-07-20 04:02:00,app_open
E012788,C01599,2025-09-13 14:41:00,search
E012789,C01599,2025-01-16 17:50:00,search
E012790,C01599,2025-10-01 09:52:00,app_open
E012791,C01599,2023-06-21 09:27:00,search
E012792,C01599,2024-03-10 04:14:00,page_view
E012793,C01600,2025-06-12 05:27:00,add_to_cart
E012794,C01600,2024-03-31 22:36:00,search
E012795,C01600,2023-07-22 19:59:00,page_view
E012796,C01600,2024-11-03 04:19:00,search
E012797,C01600,2025-03-03 01:32:00,app_open
E012798,C01600,2024-06-01 15:21:00,search
E012799,C01600,2025-05-07 01:35:00,app_open
E012800,C01600,2024-05-31 14:43:00,add_to_cart
E012801,C01601,2025-07-31 05:01:00,app_open
E012802,C01601,2025-11-07 02:59:00,app_open
E012803,C01601,2023-05-22 01:00:00,page_view
E012804,C01601,2024-08-18 06:38:00,app_open
E012805,C01601,2023-04-01 13:01:00,app_open
E012806,C01601,2025-03-04 17:42:00,app_open
E012807,C01601,2023-06-01 04:34:00,app_open
E012808,C01601,2024-03-24 13:24:00,add_to_cart
E012809,C01602,2023-07-27 10:42:00,page_view
E012810,C01602,2025-06-22 18:34:00,app_open
E012811,C01602,2024-05-02 05:34:00,page_view
E012812,C01602,2024-08-04 05:39:00,app_open
E012813,C01602,2025-05-04 19:54:00,app_open
E012814,C01602,2025-02-17 08:40:00,add_to_cart
E012815,C01602,2024-10-25 03:01:00,app_open
E012816,C01602,2023-02-25 22:10:00,page_view
E012817,C01603,2025-08-26 10:25:00,search
E012818,C01603,2025-04-19 08:00:00,add_to_cart
E012819,C01603,2024-06-13 12:00:00,page_view
E012820,C01603,2023-07-07 16:16:00,search
E012821,C01603,2025-07-14 15:03:00,search
E012822,C01603,2023-06-04 05:51:00,add_to_cart
E012823,C01603,2023-04-08 08:41:00,page_view
E012824,C01603,2025-04-23 06:28:00,app_open
E012825,C01604,2024-08-31 18:03:00,add_to_cart
E012826,C01604,2025-12-20 12:36:00,add_to_cart
E012827,C01604,2025-06-14 11:42:00,search
E012828,C01604,2024-12-10 02:53:00,search
E012829,C01604,2024-12-04 16:38:00,search
E012830,C01604,2025-06-10 13:04:00,search
E012831,C01604,2025-12-09 18:01:00,search
E012832,C01604,2025-02-28 18:25:00,add_to_cart
E012833,C01605,2025-02-06 05:27:00,add_to_cart
E012834,C01605,2025-03-05 17:01:00,search
E012835,C01605,2025-11-06 20:09:00,page_view
E012836,C01605,2023-09-02 17:09:00,app_open
E012837,C01605,2023-10-15 15:32:00,add_to_cart
E012838,C01605,2024-09-22 06:03:00,page_view
E012839,C01605,2023-10-11 09:15:00,add_to_cart
E012840,C01605,2024-05-13 23:59:00,page_view
E012841,C01606,2025-02-18 01:15:00,app_open
E012842,C01606,2024-12-29 08:19:00,search
E012843,C01606,2024-06-10 05:24:00,add_to_cart
E012844,C01606,2024-02-18 16:40:00,app_open
E012845,C01606,2024-09-19 03:08:00,app_open
E012846,C01606,2025-07-22 05:59:00,search
E012847,C01606,2023-09-04 05:30:00,search
E012848,C01606,2023-01-02 16:21:00,app_open
E012849,C01607,2023-06-11 22:48:00,search
E012850,C01607,2025-06-08 20:16:00,app_open
E012851,C01607,2024-08-25 19:56:00,page_view
E012852,C01607,2024-12-28 07:50:00,add_to_cart
E012853,C01607,2025-12-15 05:28:00,add_to_cart
E012854,C01607,2025-11-04 01:53:00,app_open
E012855,C01607,2023-07-23 05:00:00,add_to_cart
E012856,C01607,2025-10-27 22:48:00,app_open
E012857,C01608,2023-10-21 23:53:00,page_view
E012858,C01608,2024-05-29 16:44:00,search
E012859,C01608,2025-09-14 04:59:00,app_open
E012860,C01608,2024-02-24 08:36:00,page_view
E012861,C01608,2025-10-26 12:14:00,app_open
E012862,C01608,2023-04-22 19:44:00,app_open
E012863,C01608,2023-02-05 08:54:00,page_view
E012864,C01608,2025-02-25 14:27:00,app_open
E012865,C01609,2024-06-24 15:11:00,page_view
E012866,C01609,2023-12-20 04:16:00,add_to_cart
E012867,C01609,2025-07-23 12:01:00,app_open
E012868,C01609,2023-05-10 22:36:00,add_to_cart
E012869,C01609,2024-03-22 20:42:00,search
E012870,C01609,2024-11-26 18:40:00,app_open
E012871,C01609,2023-08-09 20:55:00,app_open
E012872,C01609,2024-06-19 03:21:00,app_open
E012873,C01610,2023-03-10 04:35:00,search
E012874,C01610,2023-08-07 23:36:00,app_open
E012875,C01610,2025-12-20 18:02:00,page_view
E012876,C01610,2024-09-14 16:51:00,add_to_cart
E012877,C01610,2024-07-08 07:19:00,page_view
E012878,C01610,2025-02-15 08:33:00,add_to_cart
E012879,C01610,2023-05-04 02:14:00,add_to_cart
E012880,C01610,2023-04-14 13:02:00,search
E012881,C01611,2023-07-31 17:55:00,app_open
E012882,C01611,2024-11-16 21:07:00,app_open
E012883,C01611,2024-07-02 16:31:00,page_view
E012884,C01611,2024-07-12 14:41:00,search
E012885,C01611,2025-10-13 01:04:00,page_view
E012886,C01611,2025-07-20 23:23:00,app_open
E012887,C01611,2023-04-12 04:55:00,search
E012888,C01611,2024-04-05 03:00:00,page_view
E012889,C01612,2024-07-21 11:54:00,page_view
E012890,C01612,2025-07-15 07:57:00,search
E012891,C01612,2025-02-25 06:33:00,search
E012892,C01612,2023-05-06 10:30:00,page_view
E012893,C01612,2024-05-14 05:44:00,page_view
E012894,C01612,2023-03-05 23:55:00,add_to_cart
E012895,C01612,2023-12-01 12:36:00,page_view
E012896,C01612,2025-05-17 23:46:00,search
E012897,C01613,2024-09-21 13:08:00,add_to_cart
E012898,C01613,2025-08-17 19:24:00,page_view
E012899,C01613,2025-02-09 16:51:00,app_open
E012900,C01613,2024-06-17 02:48:00,search
E012901,C01613,2023-03-19 17:36:00,page_view
E012902,C01613,2025-02-15 16:28:00,app_open
E012903,C01613,2024-10-06 18:11:00,add_to_cart
E012904,C01613,2024-08-07 02:57:00,app_open
E012905,C01614,2023-10-03 16:05:00,app_open
E012906,C01614,2023-05-01 08:02:00,add_to_cart
E012907,C01614,2023-11-08 11:39:00,add_to_cart
E012908,C01614,2024-08-11 16:16:00,page_view
E012909,C01614,2023-05-12 09:51:00,search
E012910,C01614,2024-05-08 18:51:00,search
E012911,C01614,2023-12-13 21:22:00,search
E012912,C01614,2024-10-18 15:37:00,page_view
E012913,C01615,2025-10-04 23:58:00,add_to_cart
E012914,C01615,2023-10-16 08:17:00,search
E012915,C01615,2025-08-21 08:57:00,add_to_cart
E012916,C01615,2025-01-11 09:17:00,add_to_cart
E012917,C01615,2023-06-05 14:28:00,page_view
E012918,C01615,2024-02-05 11:55:00,page_view
E012919,C01615,2025-11-11 22:34:00,add_to_cart
E012920,C01615,2023-08-26 12:49:00,app_open
E012921,C01616,2024-12-11 13:55:00,add_to_cart
E012922,C01616,2025-09-27 05:37:00,search
E012923,C01616,2024-08-14 12:54:00,page_view
E012924,C01616,2024-07-29 21:42:00,page_view
E012925,C01616,2023-02-17 20:52:00,add_to_cart
E012926,C01616,2023-01-17 13:48:00,search
E012927,C01616,2023-05-29 17:50:00,app_open
E012928,C01616,2025-12-11 19:51:00,search
E012929,C01617,2024-12-10 14:26:00,search
E012930,C01617,2024-03-19 17:08:00,search
E012931,C01617,2023-12-08 14:00:00,page_view
E012932,C01617,2023-08-10 16:33:00,page_view
E012933,C01617,2023-08-20 03:21:00,app_open
E012934,C01617,2025-09-07 11:57:00,page_view
E012935,C01617,2024-09-07 21:48:00,search
E012936,C01617,2024-08-06 16:05:00,app_open
E012937,C01618,2025-10-17 07:59:00,add_to_cart
E012938,C01618,2025-03-26 01:28:00,search
E012939,C01618,2024-05-28 06:55:00,page_view
E012940,C01618,2023-04-21 10:20:00,app_open
E012941,C01618,2024-05-13 19:11:00,app_open
E012942,C01618,2023-07-13 00:07:00,search
E012943,C01618,2023-07-02 12:48:00,app_open
E012944,C01618,2024-09-29 22:19:00,add_to_cart
E012945,C01619,2024-07-06 07:26:00,add_to_cart
E012946,C01619,2025-07-08 13:29:00,add_to_cart
E012947,C01619,2023-09-23 10:30:00,add_to_cart
E012948,C01619,2023-02-24 02:18:00,search
E012949,C01619,2024-03-08 23:41:00,app_open
E012950,C01619,2023-02-10 08:02:00,search
E012951,C01619,2025-09-24 01:45:00,app_open
E012952,C01619,2025-02-01 12:14:00,search
E012953,C01620,2025-02-17 10:21:00,app_open
E012954,C01620,2025-03-05 18:50:00,search
E012955,C01620,2025-01-27 04:19:00,page_view
E012956,C01620,2024-02-08 00:12:00,search
E012957,C01620,2023-01-15 14:59:00,app_open
E012958,C01620,2024-09-29 09:48:00,page_view
E012959,C01620,2025-10-06 12:56:00,page_view
E012960,C01620,2023-01-21 01:17:00,app_open
E012961,C01621,2025-04-28 12:17:00,page_view
E012962,C01621,2025-09-21 16:36:00,add_to_cart
E012963,C01621,2023-06-08 11:37:00,search
E012964,C01621,2024-12-11 04:16:00,search
E012965,C01621,2025-04-21 02:55:00,search
E012966,C01621,2023-11-22 01:04:00,search
E012967,C01621,2024-08-23 09:27:00,app_open
E012968,C01621,2024-08-23 17:11:00,app_open
E012969,C01622,2024-02-04 15:52:00,search
E012970,C01622,2025-03-31 20:18:00,search
E012971,C01622,2023-01-19 06:20:00,search
E012972,C01622,2025-04-06 05:47:00,page_view
E012973,C01622,2024-05-25 18:22:00,add_to_cart
E012974,C01622,2023-11-26 00:31:00,search
E012975,C01622,2025-03-31 02:45:00,page_view
E012976,C01622,2024-02-05 15:44:00,app_open
E012977,C01623,2025-05-12 20:07:00,search
E012978,C01623,2025-02-19 08:16:00,page_view
E012979,C01623,2023-06-24 02:46:00,search
E012980,C01623,2025-10-14 13:00:00,app_open
E012981,C01623,2025-10-11 09:54:00,search
E012982,C01623,2025-06-10 00:59:00,page_view
E012983,C01623,2024-01-07 02:28:00,add_to_cart
E012984,C01623,2025-10-06 19:05:00,add_to_cart
E012985,C01624,2025-01-30 09:16:00,search
E012986,C01624,2024-09-16 00:11:00,app_open
E012987,C01624,2025-02-02 16:57:00,app_open
E012988,C01624,2025-10-12 21:26:00,app_open
E012989,C01624,2024-12-12 16:12:00,add_to_cart
E012990,C01624,2024-10-02 10:00:00,app_open
E012991,C01624,2023-09-13 03:27:00,add_to_cart
E012992,C01624,2024-05-28 16:31:00,app_open
E012993,C01625,2025-01-13 09:42:00,add_to_cart
E012994,C01625,2025-12-13 19:46:00,app_open
E012995,C01625,2025-08-06 23:51:00,add_to_cart
E012996,C01625,2024-07-21 10:09:00,search
E012997,C01625,2023-08-08 22:40:00,search
E012998,C01625,2023-03-03 16:46:00,search
E012999,C01625,2025-01-09 11:55:00,page_view
E013000,C01625,2023-06-28 12:01:00,app_open
E013001,C01626,2025-06-08 12:20:00,search
E013002,C01626,2024-07-23 20:32:00,search
E013003,C01626,2023-09-01 19:29:00,app_open
E013004,C01626,2025-10-27 04:37:00,app_open
E013005,C01626,2024-05-15 18:13:00,search
E013006,C01626,2025-04-08 21:25:00,search
E013007,C01626,2023-03-29 12:26:00,search
E013008,C01626,2024-02-15 04:19:00,add_to_cart
E013009,C01627,2024-03-22 06:42:00,page_view
E013010,C01627,2023-07-03 20:12:00,page_view
E013011,C01627,2023-07-16 10:58:00,page_view
E013012,C01627,2025-01-02 13:38:00,search
E013013,C01627,2024-11-29 11:00:00,search
E013014,C01627,2023-06-01 06:53:00,app_open
E013015,C01627,2025-11-23 21:01:00,page_view
E013016,C01627,2025-05-04 05:18:00,page_view
E013017,C01628,2023-02-15 06:15:00,page_view
E013018,C01628,2025-10-10 07:17:00,search
E013019,C01628,2025-03-09 09:26:00,search
E013020,C01628,2025-04-06 18:36:00,page_view
E013021,C01628,2025-03-31 18:41:00,app_open
E013022,C01628,2023-05-24 11:07:00,add_to_cart
E013023,C01628,2025-01-08 09:56:00,page_view
E013024,C01628,2025-04-22 03:56:00,search
E013025,C01629,2025-05-21 05:43:00,app_open
E013026,C01629,2023-07-22 12:11:00,app_open
E013027,C01629,2023-05-03 13:36:00,add_to_cart
E013028,C01629,2025-07-28 12:09:00,search
E013029,C01629,2024-08-05 17:31:00,app_open
E013030,C01629,2025-09-20 09:44:00,app_open
E013031,C01629,2025-01-19 19:12:00,search
E013032,C01629,2025-11-23 12:47:00,app_open
E013033,C01630,2024-06-02 06:44:00,page_view
E013034,C01630,2024-09-03 10:09:00,app_open
E013035,C01630,2023-05-13 06:38:00,add_to_cart
E013036,C01630,2024-01-23 05:27:00,add_to_cart
E013037,C01630,2025-02-03 19:42:00,app_open
E013038,C01630,2024-11-06 02:03:00,app_open
E013039,C01630,2023-10-12 03:45:00,app_open
E013040,C01630,2023-08-13 16:23:00,add_to_cart
E013041,C01631,2023-04-19 22:49:00,add_to_cart
E013042,C01631,2023-05-23 20:49:00,add_to_cart
E013043,C01631,2023-06-04 06:53:00,search
E013044,C01631,2023-05-26 20:05:00,app_open
E013045,C01631,2024-05-19 05:41:00,app_open
E013046,C01631,2023-03-09 04:45:00,search
E013047,C01631,2023-06-26 21:25:00,add_to_cart
E013048,C01631,2025-02-15 13:12:00,search
E013049,C01632,2024-08-27 10:44:00,add_to_cart
E013050,C01632,2024-09-10 21:16:00,page_view
E013051,C01632,2025-07-28 02:15:00,search
E013052,C01632,2024-05-23 00:59:00,page_view
E013053,C01632,2025-11-19 00:16:00,page_view
E013054,C01632,2024-04-23 07:27:00,page_view
E013055,C01632,2025-12-16 11:53:00,app_open
E013056,C01632,2025-06-03 19:20:00,page_view
E013057,C01633,2024-04-07 09:41:00,add_to_cart
E013058,C01633,2025-09-23 17:04:00,page_view
E013059,C01633,2023-10-01 10:13:00,page_view
E013060,C01633,2025-08-25 23:41:00,app_open
E013061,C01633,2024-10-07 22:31:00,search
E013062,C01633,2025-05-07 11:27:00,page_view
E013063,C01633,2023-06-25 14:54:00,add_to_cart
E013064,C01633,2025-02-09 22:18:00,add_to_cart
E013065,C01634,2025-05-29 09:38:00,search
E013066,C01634,2024-12-18 06:22:00,add_to_cart
E013067,C01634,2025-12-11 04:37:00,search
E013068,C01634,2024-01-18 02:16:00,search
E013069,C01634,2024-01-28 00:26:00,page_view
E013070,C01634,2023-07-19 22:18:00,search
E013071,C01634,2025-06-24 04:06:00,search
E013072,C01634,2025-01-28 19:56:00,page_view
E013073,C01635,2025-05-03 21:52:00,add_to_cart
E013074,C01635,2024-02-28 06:10:00,search
E013075,C01635,2025-05-20 08:04:00,search
E013076,C01635,2024-11-26 01:09:00,page_view
E013077,C01635,2025-09-29 05:40:00,page_view
E013078,C01635,2025-04-20 14:52:00,add_to_cart
E013079,C01635,2025-04-09 13:38:00,page_view
E013080,C01635,2024-06-24 03:12:00,app_open
E013081,C01636,2025-12-03 11:56:00,search
E013082,C01636,2024-10-28 08:26:00,page_view
E013083,C01636,2025-05-29 04:54:00,search
E013084,C01636,2025-11-10 16:08:00,page_view
E013085,C01636,2023-11-13 05:20:00,add_to_cart
E013086,C01636,2025-08-25 13:14:00,add_to_cart
E013087,C01636,2024-02-16 00:13:00,page_view
E013088,C01636,2024-09-10 06:24:00,search
E013089,C01637,2025-12-11 13:49:00,add_to_cart
E013090,C01637,2025-08-03 21:16:00,page_view
E013091,C01637,2024-02-21 00:06:00,add_to_cart
E013092,C01637,2024-11-11 15:37:00,app_open
E013093,C01637,2023-01-05 04:47:00,page_view
E013094,C01637,2023-09-26 12:04:00,app_open
E013095,C01637,2024-05-18 15:32:00,add_to_cart
E013096,C01637,2024-07-24 05:45:00,search
E013097,C01638,2025-04-05 09:15:00,page_view
E013098,C01638,2024-12-27 17:07:00,search
E013099,C01638,2025-03-31 21:11:00,app_open
E013100,C01638,2025-06-18 01:46:00,page_view
E013101,C01638,2023-12-05 23:26:00,add_to_cart
E013102,C01638,2023-01-12 03:55:00,app_open
E013103,C01638,2025-02-06 17:47:00,add_to_cart
E013104,C01638,2023-08-25 16:01:00,page_view
E013105,C01639,2023-08-27 20:59:00,add_to_cart
E013106,C01639,2024-05-12 10:21:00,add_to_cart
E013107,C01639,2024-11-18 16:42:00,page_view
E013108,C01639,2023-08-19 01:11:00,search
E013109,C01639,2024-07-29 09:46:00,search
E013110,C01639,2024-04-20 10:44:00,search
E013111,C01639,2024-03-29 05:35:00,add_to_cart
E013112,C01639,2024-10-27 05:17:00,app_open
E013113,C01640,2024-02-29 01:50:00,search
E013114,C01640,2024-11-26 08:51:00,app_open
E013115,C01640,2023-02-05 02:08:00,app_open
E013116,C01640,2023-02-19 13:26:00,search
E013117,C01640,2023-11-12 00:36:00,page_view
E013118,C01640,2024-10-07 16:28:00,page_view
E013119,C01640,2024-12-31 19:27:00,app_open
E013120,C01640,2023-09-01 00:18:00,page_view
E013121,C01641,2024-05-01 02:42:00,add_to_cart
E013122,C01641,2025-08-01 19:58:00,search
E013123,C01641,2023-01-21 20:21:00,page_view
E013124,C01641,2023-03-08 03:12:00,add_to_cart
E013125,C01641,2023-06-22 21:38:00,search
E013126,C01641,2025-10-23 23:16:00,app_open
E013127,C01641,2025-06-23 11:31:00,add_to_cart
E013128,C01641,2023-03-16 03:31:00,page_view
E013129,C01642,2023-09-14 04:08:00,add_to_cart
E013130,C01642,2023-02-16 17:27:00,app_open
E013131,C01642,2024-04-22 23:14:00,add_to_cart
E013132,C01642,2024-02-08 15:08:00,search
E013133,C01642,2023-12-08 08:11:00,page_view
E013134,C01642,2024-05-04 13:47:00,app_open
E013135,C01642,2025-12-04 20:25:00,search
E013136,C01642,2023-07-13 19:47:00,search
E013137,C01643,2024-12-27 09:28:00,app_open
E013138,C01643,2023-04-24 11:17:00,search
E013139,C01643,2025-08-29 04:29:00,add_to_cart
E013140,C01643,2025-02-16 19:44:00,search
E013141,C01643,2023-01-04 13:53:00,search
E013142,C01643,2025-04-07 12:21:00,add_to_cart
E013143,C01643,2024-02-20 11:54:00,search
E013144,C01643,2024-05-29 23:43:00,page_view
E013145,C01644,2024-07-06 03:41:00,add_to_cart
E013146,C01644,2025-06-23 06:57:00,search
E013147,C01644,2025-03-21 07:10:00,app_open
E013148,C01644,2025-06-13 15:03:00,add_to_cart
E013149,C01644,2023-05-14 22:09:00,search
E013150,C01644,2025-01-23 15:33:00,add_to_cart
E013151,C01644,2023-10-30 01:49:00,add_to_cart
E013152,C01644,2023-02-11 09:46:00,page_view
E013153,C01645,2025-05-30 22:53:00,page_view
E013154,C01645,2025-01-08 11:56:00,app_open
E013155,C01645,2023-01-16 08:27:00,add_to_cart
E013156,C01645,2023-11-04 09:52:00,add_to_cart
E013157,C01645,2024-07-20 02:57:00,page_view
E013158,C01645,2025-04-20 10:47:00,search
E013159,C01645,2024-04-02 05:12:00,app_open
E013160,C01645,2023-02-20 17:26:00,search
E013161,C01646,2023-05-16 19:03:00,add_to_cart
E013162,C01646,2024-12-15 18:55:00,add_to_cart
E013163,C01646,2024-11-16 16:26:00,app_open
E013164,C01646,2023-01-04 19:37:00,search
E013165,C01646,2025-11-21 02:47:00,page_view
E013166,C01646,2025-02-06 06:21:00,add_to_cart
E013167,C01646,2025-04-09 20:30:00,page_view
E013168,C01646,2023-01-02 11:48:00,add_to_cart
E013169,C01647,2025-11-22 03:02:00,app_open
E013170,C01647,2025-04-12 09:14:00,add_to_cart
E013171,C01647,2025-02-08 11:53:00,search
E013172,C01647,2023-10-04 16:22:00,add_to_cart
E013173,C01647,2025-05-10 18:11:00,search
E013174,C01647,2024-11-04 03:36:00,search
E013175,C01647,2023-01-12 23:32:00,search
E013176,C01647,2024-06-16 01:29:00,page_view
E013177,C01648,2025-05-06 21:11:00,page_view
E013178,C01648,2025-06-15 10:14:00,app_open
E013179,C01648,2024-12-21 07:17:00,app_open
E013180,C01648,2025-01-02 23:31:00,add_to_cart
E013181,C01648,2025-02-17 19:33:00,page_view
E013182,C01648,2025-04-15 19:49:00,add_to_cart
E013183,C01648,2024-10-04 23:34:00,add_to_cart
E013184,C01648,2025-09-19 07:17:00,page_view
E013185,C01649,2023-10-14 21:48:00,page_view
E013186,C01649,2023-09-04 09:58:00,page_view
E013187,C01649,2023-04-10 12:03:00,page_view
E013188,C01649,2025-07-10 21:26:00,search
E013189,C01649,2023-10-13 09:45:00,app_open
E013190,C01649,2023-06-05 19:53:00,search
E013191,C01649,2024-05-08 14:54:00,app_open
E013192,C01649,2024-10-19 10:08:00,add_to_cart
E013193,C01650,2023-01-30 13:19:00,search
E013194,C01650,2024-12-08 09:51:00,add_to_cart
E013195,C01650,2024-02-03 01:09:00,page_view
E013196,C01650,2024-12-27 10:40:00,page_view
E013197,C01650,2025-01-16 06:57:00,page_view
E013198,C01650,2024-01-18 23:01:00,add_to_cart
E013199,C01650,2024-03-26 06:47:00,app_open
E013200,C01650,2024-07-02 17:57:00,app_open
E013201,C01651,2024-02-22 03:47:00,app_open
E013202,C01651,2024-08-18 12:32:00,app_open
E013203,C01651,2023-03-03 10:56:00,app_open
E013204,C01651,2023-06-19 23:03:00,search
E013205,C01651,2023-05-24 17:31:00,search
E013206,C01651,2025-12-03 21:21:00,add_to_cart
E013207,C01651,2024-07-29 03:01:00,add_to_cart
E013208,C01651,2024-09-09 19:36:00,search
E013209,C01652,2023-01-27 20:07:00,app_open
E013210,C01652,2024-02-21 17:33:00,app_open
E013211,C01652,2024-07-31 01:57:00,app_open
E013212,C01652,2024-11-22 04:34:00,add_to_cart
E013213,C01652,2024-07-30 18:33:00,app_open
E013214,C01652,2024-01-24 08:46:00,add_to_cart
E013215,C01652,2023-12-23 00:14:00,app_open
E013216,C01652,2024-03-11 07:18:00,search
E013217,C01653,2023-08-31 10:24:00,page_view
E013218,C01653,2024-04-17 06:01:00,add_to_cart
E013219,C01653,2023-11-02 05:37:00,add_to_cart
E013220,C01653,2023-05-05 21:48:00,page_view
E013221,C01653,2023-04-16 13:41:00,add_to_cart
E013222,C01653,2023-06-14 12:13:00,search
E013223,C01653,2023-11-22 22:54:00,add_to_cart
E013224,C01653,2024-09-24 05:38:00,app_open
E013225,C01654,2024-03-13 03:56:00,search
E013226,C01654,2025-02-25 14:02:00,app_open
E013227,C01654,2025-10-07 03:36:00,app_open
E013228,C01654,2023-01-02 05:00:00,page_view
E013229,C01654,2023-11-20 01:39:00,app_open
E013230,C01654,2025-12-20 19:38:00,add_to_cart
E013231,C01654,2023-05-15 06:04:00,search
E013232,C01654,2024-11-27 12:54:00,app_open
E013233,C01655,2025-03-12 01:02:00,app_open
E013234,C01655,2023-09-11 15:03:00,search
E013235,C01655,2025-04-29 03:58:00,app_open
E013236,C01655,2025-09-21 23:15:00,app_open
E013237,C01655,2023-05-15 03:36:00,page_view
E013238,C01655,2023-08-11 22:09:00,app_open
E013239,C01655,2025-10-15 21:08:00,add_to_cart
E013240,C01655,2024-11-20 02:14:00,add_to_cart
E013241,C01656,2025-12-03 11:07:00,app_open
E013242,C01656,2023-01-02 08:17:00,add_to_cart
E013243,C01656,2024-04-02 22:50:00,add_to_cart
E013244,C01656,2024-09-08 08:34:00,add_to_cart
E013245,C01656,2025-10-01 08:26:00,add_to_cart
E013246,C01656,2023-09-24 22:55:00,page_view
E013247,C01656,2025-07-14 10:03:00,app_open
E013248,C01656,2025-08-07 17:30:00,app_open
E013249,C01657,2024-07-27 12:24:00,search
E013250,C01657,2025-06-03 16:02:00,add_to_cart
E013251,C01657,2025-11-14 13:40:00,search
E013252,C01657,2024-04-02 06:57:00,app_open
E013253,C01657,2023-01-20 13:13:00,page_view
E013254,C01657,2024-09-07 15:41:00,app_open
E013255,C01657,2024-08-08 17:42:00,add_to_cart
E013256,C01657,2024-09-24 18:59:00,add_to_cart
E013257,C01658,2025-05-20 02:44:00,app_open
E013258,C01658,2024-01-25 03:55:00,search
E013259,C01658,2023-02-22 23:34:00,search
E013260,C01658,2023-08-29 09:22:00,add_to_cart
E013261,C01658,2024-07-21 10:59:00,page_view
E013262,C01658,2025-09-14 03:06:00,search
E013263,C01658,2023-04-09 13:29:00,search
E013264,C01658,2025-11-07 06:08:00,app_open
E013265,C01659,2023-07-20 22:58:00,add_to_cart
E013266,C01659,2024-12-23 13:46:00,add_to_cart
E013267,C01659,2023-04-21 07:33:00,app_open
E013268,C01659,2023-01-03 23:09:00,page_view
E013269,C01659,2024-11-05 09:35:00,app_open
E013270,C01659,2025-08-24 15:02:00,page_view
E013271,C01659,2024-07-24 03:46:00,page_view
E013272,C01659,2023-05-25 12:57:00,app_open
E013273,C01660,2025-04-17 01:25:00,add_to_cart
E013274,C01660,2023-11-21 12:47:00,app_open
E013275,C01660,2024-04-14 01:45:00,app_open
E013276,C01660,2025-03-12 17:09:00,page_view
E013277,C01660,2023-04-19 21:02:00,search
E013278,C01660,2024-11-05 07:43:00,page_view
E013279,C01660,2023-05-09 23:46:00,app_open
E013280,C01660,2023-07-08 23:26:00,app_open
E013281,C01661,2023-11-27 07:39:00,app_open
E013282,C01661,2023-05-31 02:49:00,add_to_cart
E013283,C01661,2025-06-13 16:58:00,add_to_cart
E013284,C01661,2025-05-02 21:03:00,add_to_cart
E013285,C01661,2023-01-13 11:31:00,search
E013286,C01661,2025-03-05 21:10:00,search
E013287,C01661,2023-02-17 14:05:00,page_view
E013288,C01661,2025-07-10 18:50:00,page_view
E013289,C01662,2024-03-14 18:14:00,page_view
E013290,C01662,2023-08-08 17:07:00,add_to_cart
E013291,C01662,2024-11-25 16:21:00,add_to_cart
E013292,C01662,2024-11-02 15:51:00,add_to_cart
E013293,C01662,2024-03-02 13:58:00,add_to_cart
E013294,C01662,2023-07-15 15:07:00,app_open
E013295,C01662,2023-04-15 19:51:00,add_to_cart
E013296,C01662,2025-04-14 21:58:00,add_to_cart
E013297,C01663,2023-11-19 04:17:00,app_open
E013298,C01663,2023-11-11 07:52:00,page_view
E013299,C01663,2025-06-30 03:04:00,add_to_cart
E013300,C01663,2025-08-05 10:23:00,page_view
E013301,C01663,2023-01-17 23:18:00,add_to_cart
E013302,C01663,2025-04-04 00:39:00,add_to_cart
E013303,C01663,2024-05-11 06:20:00,search
E013304,C01663,2023-05-21 02:44:00,page_view
E013305,C01664,2024-04-08 21:19:00,app_open
E013306,C01664,2023-07-26 01:34:00,app_open
E013307,C01664,2024-08-12 13:46:00,search
E013308,C01664,2025-06-13 04:56:00,search
E013309,C01664,2023-05-16 06:16:00,search
E013310,C01664,2024-02-10 14:23:00,page_view
E013311,C01664,2023-03-26 03:41:00,app_open
E013312,C01664,2024-08-08 02:31:00,search
E013313,C01665,2025-07-08 17:20:00,search
E013314,C01665,2023-03-03 15:49:00,add_to_cart
E013315,C01665,2024-07-27 03:15:00,page_view
E013316,C01665,2023-12-13 07:55:00,page_view
E013317,C01665,2024-05-18 03:12:00,search
E013318,C01665,2023-01-27 01:04:00,page_view
E013319,C01665,2024-01-26 21:29:00,add_to_cart
E013320,C01665,2024-05-18 13:44:00,page_view
E013321,C01666,2023-08-08 11:53:00,add_to_cart
E013322,C01666,2025-08-31 13:49:00,app_open
E013323,C01666,2025-07-29 13:52:00,page_view
E013324,C01666,2024-11-21 23:11:00,page_view
E013325,C01666,2025-03-21 08:38:00,search
E013326,C01666,2024-08-12 07:55:00,app_open
E013327,C01666,2023-04-22 08:51:00,page_view
E013328,C01666,2023-10-02 06:52:00,app_open
E013329,C01667,2023-10-10 16:55:00,page_view
E013330,C01667,2025-03-23 15:51:00,app_open
E013331,C01667,2023-07-15 21:19:00,add_to_cart
E013332,C01667,2025-01-18 19:13:00,add_to_cart
E013333,C01667,2025-11-03 19:53:00,page_view
E013334,C01667,2023-10-25 16:42:00,page_view
E013335,C01667,2025-01-16 16:07:00,page_view
E013336,C01667,2025-10-19 01:28:00,page_view
E013337,C01668,2024-02-05 14:13:00,add_to_cart
E013338,C01668,2023-06-26 09:51:00,app_open
E013339,C01668,2025-08-20 19:12:00,page_view
E013340,C01668,2024-03-09 10:26:00,page_view
E013341,C01668,2024-11-15 23:55:00,search
E013342,C01668,2024-12-12 04:00:00,app_open
E013343,C01668,2024-05-14 09:49:00,search
E013344,C01668,2023-05-24 12:19:00,page_view
E013345,C01669,2024-10-10 00:50:00,app_open
E013346,C01669,2025-04-11 09:59:00,add_to_cart
E013347,C01669,2024-10-03 04:01:00,page_view
E013348,C01669,2023-10-11 06:15:00,app_open
E013349,C01669,2023-05-04 15:49:00,app_open
E013350,C01669,2024-06-26 10:38:00,app_open
E013351,C01669,2024-01-08 13:45:00,search
E013352,C01669,2023-03-16 14:54:00,add_to_cart
E013353,C01670,2023-10-29 19:02:00,app_open
E013354,C01670,2025-01-30 09:56:00,app_open
E013355,C01670,2025-08-19 22:58:00,search
E013356,C01670,2024-07-03 01:57:00,search
E013357,C01670,2024-05-15 07:05:00,search
E013358,C01670,2023-09-03 12:57:00,page_view
E013359,C01670,2023-01-13 16:53:00,search
E013360,C01670,2024-08-30 04:50:00,app_open
E013361,C01671,2025-04-20 05:15:00,page_view
E013362,C01671,2024-01-11 20:57:00,app_open
E013363,C01671,2025-07-30 07:11:00,page_view
E013364,C01671,2024-09-28 05:39:00,page_view
E013365,C01671,2023-03-20 01:00:00,page_view
E013366,C01671,2023-12-23 08:02:00,page_view
E013367,C01671,2023-10-27 22:16:00,add_to_cart
E013368,C01671,2024-07-03 07:58:00,search
E013369,C01672,2024-01-25 09:47:00,app_open
E013370,C01672,2024-06-18 04:52:00,add_to_cart
E013371,C01672,2023-01-15 21:40:00,page_view
E013372,C01672,2024-03-17 18:37:00,app_open
E013373,C01672,2024-01-07 18:21:00,add_to_cart
E013374,C01672,2024-11-05 22:33:00,page_view
E013375,C01672,2023-08-08 20:13:00,app_open
E013376,C01672,2025-12-31 07:44:00,search
E013377,C01673,2025-03-23 07:16:00,page_view
E013378,C01673,2024-04-11 18:10:00,app_open
E013379,C01673,2023-05-27 06:06:00,add_to_cart
E013380,C01673,2025-08-02 17:54:00,page_view
E013381,C01673,2025-07-09 20:18:00,add_to_cart
E013382,C01673,2025-11-14 23:40:00,add_to_cart
E013383,C01673,2023-06-07 21:44:00,app_open
E013384,C01673,2025-03-03 11:26:00,app_open
E013385,C01674,2024-03-17 02:56:00,app_open
E013386,C01674,2024-12-14 20:16:00,add_to_cart
E013387,C01674,2024-02-24 14:59:00,app_open
E013388,C01674,2025-03-23 21:29:00,add_to_cart
E013389,C01674,2023-06-18 08:30:00,app_open
E013390,C01674,2025-10-20 03:08:00,app_open
E013391,C01674,2024-02-03 16:51:00,add_to_cart
E013392,C01674,2024-11-02 01:54:00,add_to_cart
E013393,C01675,2025-01-01 05:45:00,page_view
E013394,C01675,2024-03-26 20:46:00,search
E013395,C01675,2025-05-05 20:26:00,page_view
E013396,C01675,2025-01-18 16:47:00,search
E013397,C01675,2023-02-22 20:54:00,app_open
E013398,C01675,2025-02-07 02:54:00,add_to_cart
E013399,C01675,2024-02-20 05:14:00,page_view
E013400,C01675,2023-03-18 13:44:00,add_to_cart
E013401,C01676,2025-12-09 21:15:00,app_open
E013402,C01676,2025-09-29 21:08:00,page_view
E013403,C01676,2025-12-11 08:54:00,app_open
E013404,C01676,2024-01-06 19:36:00,app_open
E013405,C01676,2025-12-04 22:49:00,app_open
E013406,C01676,2025-12-21 01:51:00,search
E013407,C01676,2025-09-13 13:27:00,page_view
E013408,C01676,2025-10-21 04:04:00,add_to_cart
E013409,C01677,2024-02-17 07:23:00,app_open
E013410,C01677,2023-06-09 14:58:00,add_to_cart
E013411,C01677,2024-09-01 00:04:00,add_to_cart
E013412,C01677,2025-06-26 08:53:00,add_to_cart
E013413,C01677,2024-11-28 10:25:00,page_view
E013414,C01677,2025-11-03 05:33:00,search
E013415,C01677,2025-02-24 02:12:00,app_open
E013416,C01677,2023-06-24 14:09:00,search
E013417,C01678,2024-12-28 00:26:00,add_to_cart
E013418,C01678,2025-11-24 04:26:00,add_to_cart
E013419,C01678,2025-07-02 15:43:00,page_view
E013420,C01678,2023-10-04 05:04:00,page_view
E013421,C01678,2023-10-08 14:05:00,add_to_cart
E013422,C01678,2024-03-10 07:35:00,add_to_cart
E013423,C01678,2024-07-20 00:21:00,add_to_cart
E013424,C01678,2023-11-26 20:46:00,page_view
E013425,C01679,2025-11-21 05:42:00,page_view
E013426,C01679,2025-08-30 06:59:00,add_to_cart
E013427,C01679,2023-04-01 09:23:00,add_to_cart
E013428,C01679,2025-08-17 10:14:00,page_view
E013429,C01679,2025-12-06 04:43:00,page_view
E013430,C01679,2024-12-08 22:28:00,app_open
E013431,C01679,2023-12-19 11:57:00,search
E013432,C01679,2024-07-04 10:14:00,app_open
E013433,C01680,2024-02-18 14:32:00,search
E013434,C01680,2023-03-01 02:45:00,add_to_cart
E013435,C01680,2025-02-23 17:32:00,app_open
E013436,C01680,2023-12-20 23:22:00,add_to_cart
E013437,C01680,2023-05-26 04:23:00,app_open
E013438,C01680,2024-01-15 14:49:00,page_view
E013439,C01680,2023-05-14 20:22:00,page_view
E013440,C01680,2024-07-30 17:59:00,search
E013441,C01681,2025-05-16 03:16:00,app_open
E013442,C01681,2024-03-15 19:34:00,page_view
E013443,C01681,2024-03-09 10:15:00,add_to_cart
E013444,C01681,2025-01-31 16:50:00,search
E013445,C01681,2023-12-22 14:22:00,page_view
E013446,C01681,2023-02-14 00:08:00,page_view
E013447,C01681,2023-04-01 15:51:00,search
E013448,C01681,2024-12-05 15:46:00,search
E013449,C01682,2025-09-04 23:41:00,page_view
E013450,C01682,2024-05-31 18:21:00,search
E013451,C01682,2023-09-03 18:52:00,app_open
E013452,C01682,2023-06-13 12:05:00,search
E013453,C01682,2023-07-16 23:01:00,search
E013454,C01682,2024-12-16 23:35:00,app_open
E013455,C01682,2023-02-15 06:52:00,add_to_cart
E013456,C01682,2025-01-17 21:26:00,search
E013457,C01683,2025-05-17 16:08:00,search
E013458,C01683,2024-10-07 18:49:00,app_open
E013459,C01683,2025-05-05 15:29:00,page_view
E013460,C01683,2024-11-16 04:33:00,add_to_cart
E013461,C01683,2025-03-09 14:11:00,app_open
E013462,C01683,2025-10-09 21:12:00,page_view
E013463,C01683,2025-01-28 13:56:00,add_to_cart
E013464,C01683,2025-06-10 14:00:00,app_open
E013465,C01684,2025-04-04 02:19:00,app_open
E013466,C01684,2024-02-10 05:29:00,search
E013467,C01684,2024-11-29 23:41:00,add_to_cart
E013468,C01684,2024-07-11 17:15:00,page_view
E013469,C01684,2024-08-14 22:43:00,page_view
E013470,C01684,2025-03-12 00:07:00,search
E013471,C01684,2024-07-12 23:38:00,search
E013472,C01684,2025-10-28 11:09:00,add_to_cart
E013473,C01685,2024-04-29 11:32:00,app_open
E013474,C01685,2025-02-04 05:24:00,search
E013475,C01685,2025-10-04 10:42:00,search
E013476,C01685,2024-04-29 22:48:00,search
E013477,C01685,2023-01-08 15:39:00,app_open
E013478,C01685,2024-12-09 06:43:00,search
E013479,C01685,2025-04-16 09:35:00,app_open
E013480,C01685,2023-06-07 08:58:00,search
E013481,C01686,2025-08-12 06:45:00,app_open
E013482,C01686,2024-09-14 03:18:00,app_open
E013483,C01686,2024-10-22 12:20:00,app_open
E013484,C01686,2024-08-16 21:02:00,add_to_cart
E013485,C01686,2023-08-30 10:43:00,app_open
E013486,C01686,2024-05-17 11:32:00,add_to_cart
E013487,C01686,2024-03-05 08:38:00,add_to_cart
E013488,C01686,2023-08-21 20:28:00,search
E013489,C01687,2024-05-19 00:21:00,search
E013490,C01687,2024-06-14 18:52:00,page_view
E013491,C01687,2024-08-27 09:21:00,app_open
E013492,C01687,2023-10-29 02:36:00,app_open
E013493,C01687,2023-10-28 20:18:00,app_open
E013494,C01687,2023-03-29 18:55:00,search
E013495,C01687,2025-04-02 07:11:00,app_open
E013496,C01687,2023-03-03 13:07:00,page_view
E013497,C01688,2025-08-20 08:12:00,add_to_cart
E013498,C01688,2024-11-02 16:33:00,search
E013499,C01688,2025-11-12 00:21:00,search
E013500,C01688,2025-02-27 06:10:00,page_view
E013501,C01688,2023-02-01 12:26:00,search
E013502,C01688,2025-02-07 10:07:00,search
E013503,C01688,2023-05-06 19:29:00,app_open
E013504,C01688,2025-04-09 09:27:00,search
E013505,C01689,2024-03-11 03:47:00,search
E013506,C01689,2024-10-04 01:35:00,search
E013507,C01689,2025-07-19 15:52:00,app_open
E013508,C01689,2025-12-29 12:59:00,add_to_cart
E013509,C01689,2024-03-03 14:34:00,add_to_cart
E013510,C01689,2023-04-23 23:01:00,app_open
E013511,C01689,2023-05-06 06:00:00,add_to_cart
E013512,C01689,2023-08-26 07:30:00,add_to_cart
E013513,C01690,2023-12-21 13:25:00,page_view
E013514,C01690,2023-09-12 22:49:00,page_view
E013515,C01690,2024-08-06 09:58:00,search
E013516,C01690,2024-09-15 15:55:00,page_view
E013517,C01690,2025-12-20 02:18:00,add_to_cart
E013518,C01690,2025-12-26 14:56:00,page_view
E013519,C01690,2025-06-06 04:51:00,app_open
E013520,C01690,2023-08-23 22:48:00,add_to_cart
E013521,C01691,2025-09-17 17:16:00,add_to_cart
E013522,C01691,2023-06-27 05:41:00,page_view
E013523,C01691,2024-07-15 06:26:00,app_open
E013524,C01691,2023-09-11 16:12:00,page_view
E013525,C01691,2025-12-27 20:50:00,page_view
E013526,C01691,2023-04-03 16:33:00,app_open
E013527,C01691,2025-12-11 10:31:00,app_open
E013528,C01691,2023-04-05 15:43:00,app_open
E013529,C01692,2025-01-07 03:11:00,add_to_cart
E013530,C01692,2024-12-28 02:09:00,search
E013531,C01692,2024-12-17 08:01:00,page_view
E013532,C01692,2024-03-23 06:07:00,page_view
E013533,C01692,2024-04-07 23:54:00,search
E013534,C01692,2024-03-15 07:20:00,search
E013535,C01692,2025-04-10 21:04:00,search
E013536,C01692,2023-01-24 06:39:00,search
E013537,C01693,2023-09-13 10:45:00,app_open
E013538,C01693,2023-11-26 21:10:00,search
E013539,C01693,2023-07-27 20:44:00,search
E013540,C01693,2024-11-30 17:28:00,search
E013541,C01693,2023-02-21 14:50:00,add_to_cart
E013542,C01693,2023-05-12 05:16:00,add_to_cart
E013543,C01693,2025-06-07 23:26:00,app_open
E013544,C01693,2023-11-17 20:49:00,add_to_cart
E013545,C01694,2024-03-12 19:25:00,search
E013546,C01694,2025-08-17 14:13:00,add_to_cart
E013547,C01694,2023-09-12 08:53:00,page_view
E013548,C01694,2024-10-16 15:25:00,add_to_cart
E013549,C01694,2025-05-30 19:02:00,search
E013550,C01694,2023-05-21 03:43:00,app_open
E013551,C01694,2023-07-19 10:51:00,search
E013552,C01694,2025-05-08 00:48:00,page_view
E013553,C01695,2025-12-04 10:28:00,page_view
E013554,C01695,2024-06-24 13:58:00,page_view
E013555,C01695,2024-03-09 15:16:00,add_to_cart
E013556,C01695,2025-06-11 14:21:00,app_open
E013557,C01695,2025-05-23 22:27:00,add_to_cart
E013558,C01695,2023-07-06 00:38:00,add_to_cart
E013559,C01695,2025-05-03 03:29:00,search
E013560,C01695,2024-06-20 15:50:00,add_to_cart
E013561,C01696,2023-05-16 15:09:00,page_view
E013562,C01696,2024-03-31 00:03:00,add_to_cart
E013563,C01696,2023-01-07 17:01:00,add_to_cart
E013564,C01696,2024-12-13 17:25:00,app_open
E013565,C01696,2024-02-12 07:05:00,add_to_cart
E013566,C01696,2025-09-01 03:51:00,app_open
E013567,C01696,2024-05-28 20:02:00,page_view
E013568,C01696,2023-03-15 15:14:00,app_open
E013569,C01697,2024-01-28 13:07:00,page_view
E013570,C01697,2024-10-27 06:39:00,app_open
E013571,C01697,2024-05-17 14:37:00,search
E013572,C01697,2023-04-02 09:30:00,search
E013573,C01697,2024-02-22 02:08:00,add_to_cart
E013574,C01697,2023-02-11 22:48:00,app_open
E013575,C01697,2025-01-17 22:31:00,app_open
E013576,C01697,2024-09-10 22:43:00,add_to_cart
E013577,C01698,2024-11-21 02:00:00,search
E013578,C01698,2024-04-12 06:37:00,add_to_cart
E013579,C01698,2024-03-06 00:05:00,add_to_cart
E013580,C01698,2025-12-15 04:11:00,add_to_cart
E013581,C01698,2023-05-02 11:01:00,search
E013582,C01698,2024-05-01 01:55:00,page_view
E013583,C01698,2024-11-09 16:03:00,search
E013584,C01698,2025-08-16 02:03:00,add_to_cart
E013585,C01699,2023-09-13 19:53:00,search
E013586,C01699,2023-08-27 14:58:00,page_view
E013587,C01699,2024-01-14 07:22:00,add_to_cart
E013588,C01699,2025-04-24 06:10:00,search
E013589,C01699,2025-09-28 04:09:00,page_view
E013590,C01699,2023-03-25 05:44:00,app_open
E013591,C01699,2023-04-24 04:05:00,add_to_cart
E013592,C01699,2023-03-15 19:05:00,page_view
E013593,C01700,2023-08-14 05:39:00,app_open
E013594,C01700,2025-10-20 16:54:00,page_view
E013595,C01700,2025-02-21 11:26:00,add_to_cart
E013596,C01700,2023-05-08 11:22:00,add_to_cart
E013597,C01700,2023-07-12 20:51:00,app_open
E013598,C01700,2024-02-17 13:02:00,search
E013599,C01700,2023-06-25 19:49:00,search
E013600,C01700,2025-07-07 02:50:00,add_to_cart
E013601,C01701,2025-02-25 10:24:00,page_view
E013602,C01701,2023-11-08 08:11:00,add_to_cart
E013603,C01701,2023-01-05 09:51:00,add_to_cart
E013604,C01701,2023-06-30 12:58:00,add_to_cart
E013605,C01701,2024-09-14 03:03:00,app_open
E013606,C01701,2023-05-24 08:04:00,app_open
E013607,C01701,2023-03-25 07:54:00,search
E013608,C01701,2023-12-15 18:17:00,search
E013609,C01702,2025-11-08 17:48:00,search
E013610,C01702,2025-11-27 16:37:00,add_to_cart
E013611,C01702,2024-03-19 23:03:00,add_to_cart
E013612,C01702,2023-03-02 14:26:00,app_open
E013613,C01702,2025-11-14 14:10:00,page_view
E013614,C01702,2025-09-23 22:14:00,search
E013615,C01702,2025-01-30 19:35:00,search
E013616,C01702,2025-02-02 19:37:00,search
E013617,C01703,2023-11-25 10:19:00,page_view
E013618,C01703,2024-03-14 09:18:00,page_view
E013619,C01703,2024-07-16 00:55:00,add_to_cart
E013620,C01703,2023-10-22 15:18:00,page_view
E013621,C01703,2024-03-04 13:05:00,app_open
E013622,C01703,2025-06-15 11:09:00,search
E013623,C01703,2023-11-20 09:54:00,search
E013624,C01703,2023-07-03 20:05:00,page_view
E013625,C01704,2023-09-07 20:27:00,add_to_cart
E013626,C01704,2024-08-01 14:04:00,page_view
E013627,C01704,2025-04-02 00:05:00,page_view
E013628,C01704,2023-02-09 02:46:00,app_open
E013629,C01704,2023-07-19 17:45:00,add_to_cart
E013630,C01704,2025-10-06 11:34:00,add_to_cart
E013631,C01704,2024-08-24 07:48:00,app_open
E013632,C01704,2025-02-11 16:54:00,app_open
E013633,C01705,2024-12-08 03:11:00,search
E013634,C01705,2023-05-04 09:18:00,app_open
E013635,C01705,2023-06-23 23:54:00,search
E013636,C01705,2023-09-29 19:09:00,search
E013637,C01705,2025-03-15 23:09:00,add_to_cart
E013638,C01705,2024-12-18 14:17:00,app_open
E013639,C01705,2024-11-12 11:53:00,page_view
E013640,C01705,2025-03-11 02:15:00,page_view
E013641,C01706,2023-07-08 04:22:00,search
E013642,C01706,2025-03-15 14:16:00,page_view
E013643,C01706,2025-02-06 10:31:00,add_to_cart
E013644,C01706,2025-04-16 19:20:00,search
E013645,C01706,2025-08-09 12:45:00,page_view
E013646,C01706,2023-08-11 20:02:00,search
E013647,C01706,2025-01-20 05:28:00,search
E013648,C01706,2023-09-15 20:37:00,page_view
E013649,C01707,2023-02-20 09:12:00,app_open
E013650,C01707,2024-09-17 06:51:00,add_to_cart
E013651,C01707,2023-02-27 05:22:00,app_open
E013652,C01707,2025-10-04 22:34:00,app_open
E013653,C01707,2024-07-18 07:50:00,add_to_cart
E013654,C01707,2024-12-03 17:28:00,add_to_cart
E013655,C01707,2025-01-20 00:27:00,app_open
E013656,C01707,2025-02-19 10:29:00,app_open
E013657,C01708,2023-03-14 09:49:00,search
E013658,C01708,2023-07-11 14:55:00,add_to_cart
E013659,C01708,2023-04-22 03:52:00,page_view
E013660,C01708,2025-01-16 22:08:00,page_view
E013661,C01708,2023-03-02 14:24:00,page_view
E013662,C01708,2025-05-28 20:33:00,page_view
E013663,C01708,2023-05-29 21:17:00,add_to_cart
E013664,C01708,2025-03-29 12:02:00,add_to_cart
E013665,C01709,2023-05-23 06:42:00,add_to_cart
E013666,C01709,2024-08-20 13:05:00,page_view
E013667,C01709,2024-08-10 11:20:00,app_open
E013668,C01709,2025-03-07 22:49:00,search
E013669,C01709,2024-09-29 02:42:00,search
E013670,C01709,2025-11-22 23:31:00,page_view
E013671,C01709,2023-03-21 21:22:00,app_open
E013672,C01709,2023-10-09 09:00:00,page_view
E013673,C01710,2024-07-10 10:57:00,add_to_cart
E013674,C01710,2023-06-06 17:32:00,add_to_cart
E013675,C01710,2025-09-15 06:51:00,page_view
E013676,C01710,2025-07-26 08:28:00,search
E013677,C01710,2024-09-28 08:35:00,search
E013678,C01710,2025-06-16 14:06:00,search
E013679,C01710,2025-03-15 11:03:00,add_to_cart
E013680,C01710,2024-04-15 05:02:00,search
E013681,C01711,2024-10-09 04:11:00,add_to_cart
E013682,C01711,2025-01-17 06:57:00,search
E013683,C01711,2024-06-04 19:33:00,page_view
E013684,C01711,2025-02-05 16:17:00,add_to_cart
E013685,C01711,2023-08-01 02:54:00,add_to_cart
E013686,C01711,2023-05-08 12:04:00,add_to_cart
E013687,C01711,2023-08-18 00:25:00,page_view
E013688,C01711,2025-04-20 11:34:00,search
E013689,C01712,2024-09-28 21:30:00,add_to_cart
E013690,C01712,2024-06-01 06:34:00,page_view
E013691,C01712,2025-07-13 04:51:00,search
E013692,C01712,2023-10-07 10:53:00,app_open
E013693,C01712,2025-04-19 18:27:00,page_view
E013694,C01712,2023-02-01 18:05:00,app_open
E013695,C01712,2024-02-09 19:39:00,add_to_cart
E013696,C01712,2025-01-27 20:28:00,page_view
E013697,C01713,2024-03-31 09:52:00,app_open
E013698,C01713,2023-11-10 09:25:00,page_view
E013699,C01713,2023-07-05 18:02:00,app_open
E013700,C01713,2023-06-26 21:28:00,add_to_cart
E013701,C01713,2025-01-31 09:37:00,add_to_cart
E013702,C01713,2025-10-03 18:38:00,search
E013703,C01713,2024-11-21 03:17:00,app_open
E013704,C01713,2025-11-15 08:44:00,search
E013705,C01714,2025-12-13 02:47:00,search
E013706,C01714,2025-08-04 00:20:00,app_open
E013707,C01714,2024-06-09 17:20:00,add_to_cart
E013708,C01714,2025-04-09 16:13:00,page_view
E013709,C01714,2025-04-01 03:17:00,app_open
E013710,C01714,2024-06-03 00:41:00,add_to_cart
E013711,C01714,2025-02-20 06:47:00,search
E013712,C01714,2025-07-17 01:04:00,add_to_cart
E013713,C01715,2023-10-14 22:17:00,page_view
E013714,C01715,2024-08-13 03:39:00,search
E013715,C01715,2024-05-24 09:58:00,app_open
E013716,C01715,2025-06-06 23:22:00,add_to_cart
E013717,C01715,2024-11-24 22:02:00,search
E013718,C01715,2025-03-11 03:34:00,page_view
E013719,C01715,2025-01-26 18:29:00,page_view
E013720,C01715,2024-09-19 16:36:00,app_open
E013721,C01716,2025-06-03 22:20:00,search
E013722,C01716,2025-10-18 19:57:00,page_view
E013723,C01716,2024-11-14 13:07:00,page_view
E013724,C01716,2023-02-09 16:54:00,app_open
E013725,C01716,2025-12-11 12:54:00,page_view
E013726,C01716,2025-09-01 12:04:00,app_open
E013727,C01716,2024-10-06 14:24:00,page_view
E013728,C01716,2025-06-16 14:23:00,page_view
E013729,C01717,2024-11-15 16:48:00,page_view
E013730,C01717,2024-08-31 10:45:00,add_to_cart
E013731,C01717,2025-01-07 20:07:00,search
E013732,C01717,2024-04-04 11:01:00,search
E013733,C01717,2024-10-02 23:33:00,app_open
E013734,C01717,2024-04-11 23:27:00,add_to_cart
E013735,C01717,2023-08-16 12:15:00,add_to_cart
E013736,C01717,2024-11-30 08:57:00,page_view
E013737,C01718,2023-08-26 11:23:00,page_view
E013738,C01718,2023-08-24 04:01:00,app_open
E013739,C01718,2025-12-01 15:44:00,page_view
E013740,C01718,2023-09-16 11:01:00,search
E013741,C01718,2025-07-09 04:19:00,search
E013742,C01718,2024-06-21 03:50:00,search
E013743,C01718,2024-08-07 17:40:00,add_to_cart
E013744,C01718,2023-01-30 19:49:00,search
E013745,C01719,2024-08-13 01:55:00,search
E013746,C01719,2025-07-26 06:13:00,app_open
E013747,C01719,2025-06-21 13:39:00,page_view
E013748,C01719,2024-05-16 17:46:00,app_open
E013749,C01719,2024-07-19 04:57:00,page_view
E013750,C01719,2024-05-27 05:16:00,app_open
E013751,C01719,2025-03-19 21:51:00,page_view
E013752,C01719,2025-02-02 20:51:00,add_to_cart
E013753,C01720,2024-03-01 06:47:00,search
E013754,C01720,2025-05-07 05:58:00,app_open
E013755,C01720,2023-08-21 01:36:00,page_view
E013756,C01720,2024-01-05 02:09:00,add_to_cart
E013757,C01720,2024-06-11 19:10:00,page_view
E013758,C01720,2024-05-19 16:02:00,app_open
E013759,C01720,2025-06-05 04:58:00,app_open
E013760,C01720,2024-07-24 16:40:00,add_to_cart
E013761,C01721,2024-11-17 09:09:00,add_to_cart
E013762,C01721,2023-09-30 14:19:00,add_to_cart
E013763,C01721,2024-12-16 02:21:00,page_view
E013764,C01721,2024-10-24 05:08:00,add_to_cart
E013765,C01721,2023-09-02 06:37:00,search
E013766,C01721,2023-09-18 04:26:00,add_to_cart
E013767,C01721,2024-11-28 04:16:00,add_to_cart
E013768,C01721,2023-03-28 01:51:00,page_view
E013769,C01722,2025-01-02 19:24:00,add_to_cart
E013770,C01722,2023-04-11 13:00:00,app_open
E013771,C01722,2025-06-15 14:16:00,add_to_cart
E013772,C01722,2024-12-04 12:35:00,search
E013773,C01722,2023-02-11 13:24:00,search
E013774,C01722,2024-09-21 22:17:00,search
E013775,C01722,2025-04-22 20:08:00,search
E013776,C01722,2024-05-21 05:30:00,app_open
E013777,C01723,2025-04-08 21:48:00,add_to_cart
E013778,C01723,2024-08-02 17:56:00,search
E013779,C01723,2025-10-09 15:07:00,page_view
E013780,C01723,2024-12-29 14:26:00,add_to_cart
E013781,C01723,2025-12-20 19:24:00,add_to_cart
E013782,C01723,2024-03-20 18:52:00,app_open
E013783,C01723,2023-07-26 02:59:00,app_open
E013784,C01723,2023-10-21 07:34:00,app_open
E013785,C01724,2024-08-26 13:16:00,add_to_cart
E013786,C01724,2024-11-22 17:26:00,search
E013787,C01724,2024-10-14 10:52:00,search
E013788,C01724,2023-12-28 01:59:00,search
E013789,C01724,2025-06-24 01:10:00,app_open
E013790,C01724,2024-02-15 19:40:00,add_to_cart
E013791,C01724,2025-08-28 23:45:00,add_to_cart
E013792,C01724,2023-05-05 06:29:00,search
E013793,C01725,2023-01-26 16:12:00,add_to_cart
E013794,C01725,2024-06-02 22:01:00,app_open
E013795,C01725,2025-01-17 07:50:00,add_to_cart
E013796,C01725,2023-11-28 02:16:00,search
E013797,C01725,2025-05-18 00:48:00,app_open
E013798,C01725,2025-10-09 09:40:00,app_open
E013799,C01725,2025-05-08 02:59:00,search
E013800,C01725,2024-11-11 05:56:00,add_to_cart
E013801,C01726,2023-07-12 21:28:00,add_to_cart
E013802,C01726,2023-01-26 05:51:00,app_open
E013803,C01726,2025-12-29 04:29:00,add_to_cart
E013804,C01726,2025-08-04 08:27:00,search
E013805,C01726,2024-08-19 23:11:00,search
E013806,C01726,2025-11-07 19:50:00,add_to_cart
E013807,C01726,2023-05-17 12:00:00,add_to_cart
E013808,C01726,2025-06-10 14:16:00,search
E013809,C01727,2025-02-13 02:45:00,app_open
E013810,C01727,2023-09-19 18:52:00,add_to_cart
E013811,C01727,2024-09-06 04:30:00,page_view
E013812,C01727,2025-02-17 13:53:00,add_to_cart
E013813,C01727,2023-06-10 11:49:00,search
E013814,C01727,2024-01-12 14:44:00,add_to_cart
E013815,C01727,2023-07-12 15:13:00,search
E013816,C01727,2025-09-15 04:21:00,app_open
E013817,C01728,2024-06-21 14:08:00,search
E013818,C01728,2024-07-22 15:53:00,search
E013819,C01728,2023-10-08 08:07:00,page_view
E013820,C01728,2023-08-04 06:22:00,search
E013821,C01728,2025-04-24 22:31:00,add_to_cart
E013822,C01728,2025-02-23 17:17:00,page_view
E013823,C01728,2024-09-26 15:34:00,app_open
E013824,C01728,2023-12-14 19:20:00,search
E013825,C01729,2024-05-29 11:32:00,app_open
E013826,C01729,2024-07-30 21:53:00,page_view
E013827,C01729,2023-03-15 03:32:00,app_open
E013828,C01729,2024-07-22 07:40:00,add_to_cart
E013829,C01729,2024-09-24 18:00:00,search
E013830,C01729,2023-09-21 12:40:00,app_open
E013831,C01729,2025-11-12 00:49:00,search
E013832,C01729,2025-05-19 20:10:00,page_view
E013833,C01730,2023-06-06 04:20:00,add_to_cart
E013834,C01730,2025-12-06 02:28:00,page_view
E013835,C01730,2025-01-23 03:04:00,app_open
E013836,C01730,2025-12-16 18:32:00,search
E013837,C01730,2023-05-16 16:55:00,search
E013838,C01730,2024-12-18 00:53:00,search
E013839,C01730,2024-07-13 02:52:00,add_to_cart
E013840,C01730,2024-04-18 11:26:00,page_view
E013841,C01731,2024-10-06 21:34:00,add_to_cart
E013842,C01731,2025-05-12 16:10:00,page_view
E013843,C01731,2025-02-01 08:18:00,add_to_cart
E013844,C01731,2023-09-11 23:59:00,add_to_cart
E013845,C01731,2023-02-06 23:03:00,search
E013846,C01731,2023-01-09 11:48:00,page_view
E013847,C01731,2023-10-31 20:27:00,add_to_cart
E013848,C01731,2025-01-20 01:16:00,add_to_cart
E013849,C01732,2025-02-08 00:07:00,app_open
E013850,C01732,2025-07-17 17:13:00,add_to_cart
E013851,C01732,2023-11-14 23:23:00,app_open
E013852,C01732,2024-09-14 09:18:00,search
E013853,C01732,2024-05-21 06:23:00,app_open
E013854,C01732,2023-08-04 16:00:00,search
E013855,C01732,2023-09-09 20:22:00,page_view
E013856,C01732,2023-04-20 18:30:00,add_to_cart
E013857,C01733,2025-12-15 23:56:00,add_to_cart
E013858,C01733,2024-03-20 01:19:00,app_open
E013859,C01733,2023-01-07 18:40:00,search
E013860,C01733,2024-12-19 10:21:00,add_to_cart
E013861,C01733,2023-10-30 10:08:00,search
E013862,C01733,2024-11-24 12:41:00,add_to_cart
E013863,C01733,2023-04-03 08:32:00,add_to_cart
E013864,C01733,2023-05-16 15:56:00,add_to_cart
E013865,C01734,2023-05-28 04:48:00,app_open
E013866,C01734,2023-04-12 23:16:00,app_open
E013867,C01734,2024-12-16 15:06:00,app_open
E013868,C01734,2023-01-25 00:27:00,add_to_cart
E013869,C01734,2024-06-21 20:08:00,page_view
E013870,C01734,2025-02-20 03:14:00,search
E013871,C01734,2023-11-28 17:27:00,page_view
E013872,C01734,2023-06-13 03:01:00,app_open
E013873,C01735,2023-07-06 17:34:00,app_open
E013874,C01735,2025-04-05 21:16:00,search
E013875,C01735,2023-08-04 17:17:00,add_to_cart
E013876,C01735,2023-04-10 19:16:00,add_to_cart
E013877,C01735,2023-11-11 15:05:00,page_view
E013878,C01735,2024-07-27 04:44:00,app_open
E013879,C01735,2024-08-23 17:08:00,add_to_cart
E013880,C01735,2024-08-24 08:07:00,app_open
E013881,C01736,2023-01-07 07:58:00,app_open
E013882,C01736,2024-02-14 13:37:00,page_view
E013883,C01736,2023-11-05 22:26:00,search
E013884,C01736,2023-04-26 05:49:00,search
E013885,C01736,2025-04-09 08:45:00,search
E013886,C01736,2025-10-31 22:57:00,app_open
E013887,C01736,2024-09-16 06:43:00,search
E013888,C01736,2023-06-15 01:58:00,page_view
E013889,C01737,2024-05-28 21:59:00,page_view
E013890,C01737,2023-05-09 09:37:00,page_view
E013891,C01737,2023-11-01 02:17:00,app_open
E013892,C01737,2024-05-22 22:43:00,add_to_cart
E013893,C01737,2024-11-18 00:21:00,search
E013894,C01737,2024-09-20 10:55:00,app_open
E013895,C01737,2024-07-09 11:03:00,search
E013896,C01737,2025-03-31 15:57:00,search
E013897,C01738,2025-09-25 19:57:00,app_open
E013898,C01738,2025-08-14 06:53:00,add_to_cart
E013899,C01738,2023-07-08 14:23:00,search
E013900,C01738,2024-08-22 04:46:00,add_to_cart
E013901,C01738,2024-07-19 16:21:00,app_open
E013902,C01738,2023-06-02 04:58:00,search
E013903,C01738,2025-04-07 16:25:00,app_open
E013904,C01738,2024-02-19 10:28:00,app_open
E013905,C01739,2024-12-11 11:36:00,add_to_cart
E013906,C01739,2025-06-01 12:44:00,add_to_cart
E013907,C01739,2025-05-30 20:40:00,app_open
E013908,C01739,2024-10-16 21:02:00,search
E013909,C01739,2025-03-19 23:39:00,add_to_cart
E013910,C01739,2024-01-23 01:50:00,add_to_cart
E013911,C01739,2025-11-16 01:22:00,page_view
E013912,C01739,2024-07-11 14:53:00,app_open
E013913,C01740,2025-08-11 02:19:00,add_to_cart
E013914,C01740,2025-10-17 12:09:00,app_open
E013915,C01740,2023-12-08 16:56:00,page_view
E013916,C01740,2023-05-20 12:29:00,app_open
E013917,C01740,2025-09-10 01:45:00,page_view
E013918,C01740,2025-11-26 23:21:00,app_open
E013919,C01740,2025-06-10 22:48:00,add_to_cart
E013920,C01740,2025-07-31 06:46:00,app_open
E013921,C01741,2025-09-13 03:42:00,add_to_cart
E013922,C01741,2024-02-25 20:59:00,page_view
E013923,C01741,2024-12-02 21:52:00,add_to_cart
E013924,C01741,2025-11-18 06:39:00,app_open
E013925,C01741,2024-11-09 02:18:00,page_view
E013926,C01741,2024-04-07 12:34:00,add_to_cart
E013927,C01741,2025-10-29 06:58:00,page_view
E013928,C01741,2025-12-19 16:01:00,app_open
E013929,C01742,2025-03-15 23:02:00,search
E013930,C01742,2024-04-17 20:01:00,search
E013931,C01742,2024-03-03 18:43:00,search
E013932,C01742,2025-05-09 02:40:00,search
E013933,C01742,2024-09-29 11:05:00,page_view
E013934,C01742,2024-04-30 14:39:00,app_open
E013935,C01742,2024-11-30 00:41:00,page_view
E013936,C01742,2023-08-08 22:53:00,search
E013937,C01743,2023-03-10 18:21:00,search
E013938,C01743,2024-09-25 01:05:00,search
E013939,C01743,2025-11-26 00:40:00,add_to_cart
E013940,C01743,2024-09-23 16:59:00,page_view
E013941,C01743,2023-12-31 03:49:00,search
E013942,C01743,2023-09-02 03:47:00,page_view
E013943,C01743,2024-03-17 13:08:00,app_open
E013944,C01743,2024-08-12 05:15:00,page_view
E013945,C01744,2025-10-29 03:20:00,search
E013946,C01744,2024-10-18 21:13:00,page_view
E013947,C01744,2023-03-19 13:46:00,app_open
E013948,C01744,2024-10-16 05:57:00,add_to_cart
E013949,C01744,2025-10-25 18:12:00,search
E013950,C01744,2025-12-03 07:35:00,page_view
E013951,C01744,2025-01-20 03:41:00,search
E013952,C01744,2024-05-16 14:12:00,page_view
E013953,C01745,2024-10-08 17:20:00,search
E013954,C01745,2025-06-05 23:18:00,page_view
E013955,C01745,2023-07-16 23:43:00,page_view
E013956,C01745,2025-08-18 08:57:00,add_to_cart
E013957,C01745,2024-11-29 16:49:00,page_view
E013958,C01745,2025-11-26 15:57:00,app_open
E013959,C01745,2024-05-31 03:46:00,add_to_cart
E013960,C01745,2023-07-28 04:17:00,app_open
E013961,C01746,2025-11-13 14:42:00,add_to_cart
E013962,C01746,2025-05-13 12:13:00,page_view
E013963,C01746,2024-03-08 22:41:00,search
E013964,C01746,2024-06-27 00:09:00,search
E013965,C01746,2023-02-25 09:19:00,add_to_cart
E013966,C01746,2024-09-10 17:23:00,search
E013967,C01746,2024-03-31 20:37:00,app_open
E013968,C01746,2025-09-12 19:53:00,page_view
E013969,C01747,2025-03-07 12:00:00,app_open
E013970,C01747,2024-12-04 08:58:00,search
E013971,C01747,2023-07-18 02:38:00,add_to_cart
E013972,C01747,2025-10-21 01:36:00,app_open
E013973,C01747,2024-03-09 20:41:00,page_view
E013974,C01747,2025-10-05 01:16:00,search
E013975,C01747,2023-07-02 14:26:00,app_open
E013976,C01747,2023-09-04 05:21:00,add_to_cart
E013977,C01748,2025-06-11 13:03:00,search
E013978,C01748,2023-07-17 14:01:00,add_to_cart
E013979,C01748,2024-10-30 18:23:00,page_view
E013980,C01748,2023-07-06 03:43:00,add_to_cart
E013981,C01748,2023-09-06 01:38:00,search
E013982,C01748,2024-01-05 16:25:00,search
E013983,C01748,2023-09-07 03:47:00,page_view
E013984,C01748,2023-03-19 07:56:00,search
E013985,C01749,2024-05-16 22:25:00,add_to_cart
E013986,C01749,2025-10-30 13:17:00,search
E013987,C01749,2025-02-13 10:53:00,search
E013988,C01749,2023-09-28 02:46:00,page_view
E013989,C01749,2023-04-11 03:43:00,app_open
E013990,C01749,2025-01-13 12:45:00,search
E013991,C01749,2025-03-19 15:49:00,add_to_cart
E013992,C01749,2024-12-11 06:03:00,search
E013993,C01750,2025-03-10 18:39:00,add_to_cart
E013994,C01750,2023-01-23 01:14:00,app_open
E013995,C01750,2025-06-23 00:25:00,page_view
E013996,C01750,2024-12-14 02:21:00,app_open
E013997,C01750,2024-06-03 03:00:00,app_open
E013998,C01750,2023-07-25 14:56:00,app_open
E013999,C01750,2025-01-28 18:41:00,add_to_cart
E014000,C01750,2025-04-05 17:24:00,page_view
E014001,C01751,2023-09-22 10:06:00,app_open
E014002,C01751,2023-01-07 02:05:00,search
E014003,C01751,2024-04-10 04:50:00,search
E014004,C01751,2023-03-20 18:02:00,add_to_cart
E014005,C01751,2023-05-13 10:59:00,add_to_cart
E014006,C01751,2023-09-09 01:36:00,add_to_cart
E014007,C01751,2023-11-06 14:20:00,search
E014008,C01751,2025-09-25 05:06:00,search
E014009,C01752,2023-01-30 16:47:00,add_to_cart
E014010,C01752,2025-08-11 06:53:00,search
E014011,C01752,2025-07-15 00:41:00,app_open
E014012,C01752,2023-11-29 17:50:00,page_view
E014013,C01752,2024-11-03 12:31:00,add_to_cart
E014014,C01752,2023-10-18 06:15:00,app_open
E014015,C01752,2024-07-09 08:37:00,app_open
E014016,C01752,2023-06-13 10:26:00,app_open
E014017,C01753,2025-11-24 12:47:00,search
E014018,C01753,2023-10-13 22:52:00,app_open
E014019,C01753,2024-02-21 22:46:00,add_to_cart
E014020,C01753,2025-11-08 06:23:00,page_view
E014021,C01753,2024-02-26 23:27:00,page_view
E014022,C01753,2023-10-31 13:01:00,app_open
E014023,C01753,2024-10-23 14:05:00,page_view
E014024,C01753,2025-02-24 06:29:00,page_view
E014025,C01754,2025-07-28 00:25:00,app_open
E014026,C01754,2023-01-26 16:24:00,add_to_cart
E014027,C01754,2024-06-08 03:01:00,add_to_cart
E014028,C01754,2025-10-03 02:38:00,search
E014029,C01754,2023-09-27 12:21:00,add_to_cart
E014030,C01754,2024-10-25 15:30:00,app_open
E014031,C01754,2025-04-24 01:51:00,page_view
E014032,C01754,2023-02-23 23:27:00,search
E014033,C01755,2024-02-14 14:08:00,app_open
E014034,C01755,2023-08-25 11:51:00,app_open
E014035,C01755,2024-03-19 07:26:00,add_to_cart
E014036,C01755,2023-01-28 08:21:00,app_open
E014037,C01755,2024-01-05 21:40:00,page_view
E014038,C01755,2023-07-20 20:00:00,add_to_cart
E014039,C01755,2025-11-29 05:55:00,page_view
E014040,C01755,2023-01-02 09:35:00,add_to_cart
E014041,C01756,2024-09-01 14:32:00,app_open
E014042,C01756,2024-07-20 04:15:00,add_to_cart
E014043,C01756,2024-09-19 04:41:00,app_open
E014044,C01756,2024-01-04 06:01:00,page_view
E014045,C01756,2023-08-14 18:37:00,app_open
E014046,C01756,2025-07-09 14:04:00,page_view
E014047,C01756,2024-04-24 12:20:00,app_open
E014048,C01756,2025-02-24 04:14:00,app_open
E014049,C01757,2025-01-20 19:47:00,search
E014050,C01757,2025-12-03 00:37:00,add_to_cart
E014051,C01757,2024-06-29 07:45:00,app_open
E014052,C01757,2023-09-28 02:28:00,page_view
E014053,C01757,2023-05-15 01:39:00,page_view
E014054,C01757,2024-07-20 06:51:00,add_to_cart
E014055,C01757,2025-07-16 12:42:00,app_open
E014056,C01757,2024-12-01 05:52:00,app_open
E014057,C01758,2024-11-03 16:58:00,app_open
E014058,C01758,2024-01-21 18:04:00,page_view
E014059,C01758,2023-07-08 07:17:00,page_view
E014060,C01758,2025-10-07 12:01:00,page_view
E014061,C01758,2023-03-24 00:50:00,page_view
E014062,C01758,2023-04-01 23:14:00,search
E014063,C01758,2023-04-15 18:12:00,page_view
E014064,C01758,2025-07-04 15:15:00,app_open
E014065,C01759,2024-09-12 17:54:00,page_view
E014066,C01759,2025-08-16 22:34:00,app_open
E014067,C01759,2025-02-20 08:29:00,page_view
E014068,C01759,2023-07-27 13:05:00,add_to_cart
E014069,C01759,2024-09-08 14:31:00,page_view
E014070,C01759,2024-04-21 10:36:00,page_view
E014071,C01759,2025-05-15 21:29:00,search
E014072,C01759,2024-11-25 15:46:00,app_open
E014073,C01760,2025-05-29 15:16:00,page_view
E014074,C01760,2025-09-03 09:40:00,page_view
E014075,C01760,2023-12-08 20:07:00,app_open
E014076,C01760,2025-09-14 11:12:00,add_to_cart
E014077,C01760,2025-03-24 01:03:00,app_open
E014078,C01760,2024-03-03 06:04:00,search
E014079,C01760,2025-08-03 08:39:00,page_view
E014080,C01760,2025-12-01 23:35:00,app_open
E014081,C01761,2025-10-26 07:39:00,search
E014082,C01761,2024-01-05 04:27:00,search
E014083,C01761,2023-02-03 14:44:00,page_view
E014084,C01761,2025-06-24 20:00:00,search
E014085,C01761,2025-08-14 16:08:00,add_to_cart
E014086,C01761,2025-05-14 05:07:00,add_to_cart
E014087,C01761,2025-07-18 19:42:00,search
E014088,C01761,2025-09-13 17:04:00,add_to_cart
E014089,C01762,2024-09-14 08:24:00,search
E014090,C01762,2023-01-21 17:39:00,app_open
E014091,C01762,2024-02-13 09:06:00,app_open
E014092,C01762,2025-01-31 15:59:00,page_view
E014093,C01762,2025-07-22 12:30:00,page_view
E014094,C01762,2023-05-23 16:25:00,app_open
E014095,C01762,2023-02-26 12:56:00,page_view
E014096,C01762,2025-10-19 23:52:00,add_to_cart
E014097,C01763,2023-09-04 16:13:00,search
E014098,C01763,2025-08-26 18:46:00,search
E014099,C01763,2024-09-13 06:35:00,add_to_cart
E014100,C01763,2025-03-28 15:32:00,search
E014101,C01763,2025-01-13 04:38:00,app_open
E014102,C01763,2025-10-20 07:30:00,app_open
E014103,C01763,2024-08-27 06:16:00,app_open
E014104,C01763,2023-02-04 00:35:00,app_open
E014105,C01764,2023-02-25 00:56:00,search
E014106,C01764,2024-08-09 06:49:00,add_to_cart
E014107,C01764,2024-04-25 02:12:00,search
E014108,C01764,2025-05-31 02:59:00,app_open
E014109,C01764,2023-03-09 01:03:00,add_to_cart
E014110,C01764,2023-01-18 04:56:00,page_view
E014111,C01764,2024-08-14 19:52:00,add_to_cart
E014112,C01764,2024-04-19 13:44:00,page_view
E014113,C01765,2024-12-30 13:53:00,app_open
E014114,C01765,2025-01-23 23:04:00,add_to_cart
E014115,C01765,2023-01-07 09:41:00,page_view
E014116,C01765,2025-10-07 17:20:00,page_view
E014117,C01765,2024-08-22 01:52:00,search
E014118,C01765,2024-09-15 08:23:00,app_open
E014119,C01765,2023-07-05 23:34:00,search
E014120,C01765,2023-02-11 05:26:00,search
E014121,C01766,2024-01-23 11:39:00,add_to_cart
E014122,C01766,2024-02-21 16:58:00,page_view
E014123,C01766,2023-05-20 01:36:00,app_open
E014124,C01766,2025-03-06 07:20:00,search
E014125,C01766,2024-08-25 13:49:00,search
E014126,C01766,2024-10-23 15:19:00,add_to_cart
E014127,C01766,2024-01-08 23:17:00,app_open
E014128,C01766,2025-07-08 12:30:00,app_open
E014129,C01767,2023-02-02 11:48:00,add_to_cart
E014130,C01767,2025-12-20 01:01:00,app_open
E014131,C01767,2025-09-09 14:58:00,page_view
E014132,C01767,2023-06-20 08:34:00,app_open
E014133,C01767,2023-02-15 17:32:00,search
E014134,C01767,2025-02-06 07:02:00,add_to_cart
E014135,C01767,2025-02-05 04:25:00,add_to_cart
E014136,C01767,2024-03-27 17:10:00,page_view
E014137,C01768,2023-01-06 23:18:00,app_open
E014138,C01768,2025-11-26 13:56:00,search
E014139,C01768,2024-04-27 10:40:00,search
E014140,C01768,2025-10-29 21:50:00,search
E014141,C01768,2024-06-08 11:48:00,add_to_cart
E014142,C01768,2024-06-02 04:23:00,add_to_cart
E014143,C01768,2024-08-07 00:01:00,search
E014144,C01768,2023-02-18 01:31:00,page_view
E014145,C01769,2024-10-29 21:54:00,page_view
E014146,C01769,2023-04-23 09:27:00,add_to_cart
E014147,C01769,2025-07-27 08:08:00,app_open
E014148,C01769,2023-08-18 10:52:00,add_to_cart
E014149,C01769,2024-02-27 09:53:00,page_view
E014150,C01769,2025-11-11 08:00:00,app_open
E014151,C01769,2023-07-20 02:33:00,app_open
E014152,C01769,2025-10-08 02:21:00,search
E014153,C01770,2023-11-12 08:20:00,page_view
E014154,C01770,2025-04-08 11:31:00,page_view
E014155,C01770,2023-09-04 13:18:00,add_to_cart
E014156,C01770,2023-05-22 21:49:00,search
E014157,C01770,2025-08-19 11:56:00,add_to_cart
E014158,C01770,2023-10-07 12:58:00,add_to_cart
E014159,C01770,2025-04-18 20:08:00,search
E014160,C01770,2023-04-03 05:15:00,search
E014161,C01771,2023-01-24 19:54:00,app_open
E014162,C01771,2025-11-08 02:23:00,search
E014163,C01771,2025-08-10 06:31:00,add_to_cart
E014164,C01771,2023-09-19 12:05:00,app_open
E014165,C01771,2023-12-08 17:04:00,add_to_cart
E014166,C01771,2025-01-12 22:42:00,add_to_cart
E014167,C01771,2024-06-27 18:49:00,page_view
E014168,C01771,2023-08-03 19:14:00,add_to_cart
E014169,C01772,2024-08-28 05:41:00,app_open
E014170,C01772,2025-07-13 14:42:00,app_open
E014171,C01772,2024-08-08 01:17:00,search
E014172,C01772,2025-07-17 03:25:00,page_view
E014173,C01772,2023-11-19 11:41:00,app_open
E014174,C01772,2023-04-22 01:20:00,page_view
E014175,C01772,2025-06-18 01:01:00,search
E014176,C01772,2025-07-19 22:48:00,add_to_cart
E014177,C01773,2024-07-17 10:32:00,page_view
E014178,C01773,2023-04-01 04:13:00,app_open
E014179,C01773,2025-10-12 00:27:00,search
E014180,C01773,2023-04-09 10:55:00,page_view
E014181,C01773,2024-10-12 18:54:00,page_view
E014182,C01773,2023-09-23 19:54:00,add_to_cart
E014183,C01773,2025-02-22 20:24:00,add_to_cart
E014184,C01773,2024-12-02 12:34:00,page_view
E014185,C01774,2024-01-06 11:29:00,app_open
E014186,C01774,2023-02-05 18:43:00,app_open
E014187,C01774,2025-11-07 18:03:00,search
E014188,C01774,2025-05-02 19:21:00,app_open
E014189,C01774,2023-07-07 15:16:00,app_open
E014190,C01774,2025-04-16 10:13:00,add_to_cart
E014191,C01774,2023-08-20 07:48:00,app_open
E014192,C01774,2023-07-24 09:16:00,app_open
E014193,C01775,2024-03-02 06:47:00,page_view
E014194,C01775,2024-12-22 13:10:00,app_open
E014195,C01775,2024-04-13 22:02:00,add_to_cart
E014196,C01775,2023-08-20 01:54:00,add_to_cart
E014197,C01775,2024-09-30 03:32:00,app_open
E014198,C01775,2025-09-08 08:40:00,search
E014199,C01775,2024-04-28 01:45:00,app_open
E014200,C01775,2024-08-02 21:34:00,add_to_cart
E014201,C01776,2024-08-02 07:24:00,search
E014202,C01776,2025-06-24 03:30:00,page_view
E014203,C01776,2023-11-03 07:52:00,search
E014204,C01776,2024-09-26 02:35:00,page_view
E014205,C01776,2024-02-05 10:41:00,page_view
E014206,C01776,2024-09-18 14:01:00,search
E014207,C01776,2024-05-09 01:07:00,add_to_cart
E014208,C01776,2024-12-08 02:30:00,search
E014209,C01777,2024-05-26 05:30:00,page_view
E014210,C01777,2025-01-12 17:13:00,app_open
E014211,C01777,2023-05-18 03:30:00,search
E014212,C01777,2025-12-28 05:03:00,search
E014213,C01777,2023-06-24 08:23:00,search
E014214,C01777,2025-01-25 15:20:00,app_open
E014215,C01777,2025-11-30 00:07:00,app_open
E014216,C01777,2025-06-05 06:42:00,add_to_cart
E014217,C01778,2023-02-28 02:59:00,page_view
E014218,C01778,2025-03-13 13:54:00,search
E014219,C01778,2023-04-18 19:08:00,app_open
E014220,C01778,2024-02-12 22:29:00,search
E014221,C01778,2024-06-15 18:37:00,app_open
E014222,C01778,2024-08-21 03:55:00,page_view
E014223,C01778,2025-06-09 08:29:00,add_to_cart
E014224,C01778,2023-10-21 10:24:00,page_view
E014225,C01779,2025-08-10 02:13:00,page_view
E014226,C01779,2024-03-13 03:30:00,search
E014227,C01779,2025-04-02 13:55:00,add_to_cart
E014228,C01779,2025-09-05 10:36:00,add_to_cart
E014229,C01779,2024-07-31 03:59:00,page_view
E014230,C01779,2023-07-09 02:32:00,add_to_cart
E014231,C01779,2025-10-07 14:33:00,add_to_cart
E014232,C01779,2024-04-02 09:49:00,app_open
E014233,C01780,2023-08-04 05:14:00,page_view
E014234,C01780,2025-04-30 02:18:00,app_open
E014235,C01780,2024-11-19 23:54:00,app_open
E014236,C01780,2025-08-11 01:39:00,add_to_cart
E014237,C01780,2023-11-23 07:05:00,search
E014238,C01780,2025-09-05 00:48:00,search
E014239,C01780,2023-03-24 07:22:00,add_to_cart
E014240,C01780,2024-02-28 00:51:00,search
E014241,C01781,2024-12-02 04:11:00,app_open
E014242,C01781,2023-08-21 09:56:00,add_to_cart
E014243,C01781,2025-01-19 11:46:00,add_to_cart
E014244,C01781,2023-08-01 18:23:00,app_open
E014245,C01781,2025-07-13 13:18:00,app_open
E014246,C01781,2023-06-04 20:40:00,search
E014247,C01781,2025-01-14 06:18:00,page_view
E014248,C01781,2024-04-25 22:18:00,add_to_cart
E014249,C01782,2023-09-24 16:20:00,page_view
E014250,C01782,2024-12-19 21:10:00,search
E014251,C01782,2024-02-26 06:08:00,add_to_cart
E014252,C01782,2025-05-12 00:08:00,add_to_cart
E014253,C01782,2025-09-15 04:31:00,app_open
E014254,C01782,2025-09-15 18:00:00,search
E014255,C01782,2024-04-27 19:28:00,app_open
E014256,C01782,2023-06-12 06:46:00,add_to_cart
E014257,C01783,2023-01-14 23:12:00,add_to_cart
E014258,C01783,2025-05-04 02:26:00,add_to_cart
E014259,C01783,2024-10-23 03:56:00,search
E014260,C01783,2024-06-22 21:30:00,page_view
E014261,C01783,2023-04-30 13:06:00,add_to_cart
E014262,C01783,2024-02-22 09:22:00,page_view
E014263,C01783,2024-02-05 21:41:00,search
E014264,C01783,2025-07-29 14:57:00,add_to_cart
E014265,C01784,2025-03-26 06:38:00,page_view
E014266,C01784,2024-05-13 16:57:00,add_to_cart
E014267,C01784,2025-09-27 01:17:00,add_to_cart
E014268,C01784,2025-12-10 08:21:00,search
E014269,C01784,2025-10-30 18:53:00,app_open
E014270,C01784,2024-01-03 04:40:00,add_to_cart
E014271,C01784,2023-04-28 11:29:00,app_open
E014272,C01784,2023-07-20 19:35:00,add_to_cart
E014273,C01785,2024-07-15 11:13:00,page_view
E014274,C01785,2025-05-02 20:40:00,app_open
E014275,C01785,2025-07-08 10:12:00,app_open
E014276,C01785,2025-07-16 12:30:00,app_open
E014277,C01785,2024-10-14 03:14:00,app_open
E014278,C01785,2025-11-18 01:10:00,page_view
E014279,C01785,2024-08-31 21:38:00,page_view
E014280,C01785,2024-10-19 10:21:00,add_to_cart
E014281,C01786,2023-05-26 20:29:00,page_view
E014282,C01786,2024-02-26 07:19:00,search
E014283,C01786,2025-08-21 17:46:00,search
E014284,C01786,2023-12-11 10:41:00,search
E014285,C01786,2023-04-02 04:32:00,app_open
E014286,C01786,2025-07-23 13:54:00,add_to_cart
E014287,C01786,2023-10-25 04:08:00,page_view
E014288,C01786,2025-12-20 18:58:00,app_open
E014289,C01787,2024-11-16 00:21:00,search
E014290,C01787,2024-12-28 21:03:00,search
E014291,C01787,2023-10-16 22:05:00,app_open
E014292,C01787,2024-08-09 03:44:00,add_to_cart
E014293,C01787,2023-10-17 09:13:00,page_view
E014294,C01787,2024-08-05 10:03:00,page_view
E014295,C01787,2023-03-19 04:55:00,page_view
E014296,C01787,2025-08-10 08:05:00,page_view
E014297,C01788,2023-12-23 07:30:00,app_open
E014298,C01788,2023-07-19 12:56:00,search
E014299,C01788,2025-05-01 20:28:00,page_view
E014300,C01788,2024-08-10 23:04:00,app_open
E014301,C01788,2025-07-22 00:02:00,add_to_cart
E014302,C01788,2024-06-26 03:49:00,add_to_cart
E014303,C01788,2024-10-23 14:59:00,page_view
E014304,C01788,2023-03-09 06:11:00,page_view
E014305,C01789,2025-03-27 11:00:00,app_open
E014306,C01789,2024-04-18 22:59:00,add_to_cart
E014307,C01789,2025-05-02 04:49:00,app_open
E014308,C01789,2025-03-27 19:19:00,add_to_cart
E014309,C01789,2023-12-24 13:13:00,add_to_cart
E014310,C01789,2025-01-23 03:13:00,search
E014311,C01789,2023-12-17 16:54:00,app_open
E014312,C01789,2025-01-15 21:47:00,page_view
E014313,C01790,2023-05-25 07:34:00,search
E014314,C01790,2025-04-01 10:03:00,search
E014315,C01790,2024-12-13 11:40:00,app_open
E014316,C01790,2024-10-19 05:07:00,page_view
E014317,C01790,2023-03-05 13:41:00,page_view
E014318,C01790,2024-08-29 02:17:00,app_open
E014319,C01790,2025-07-22 20:45:00,add_to_cart
E014320,C01790,2025-08-11 17:18:00,page_view
E014321,C01791,2023-12-20 18:02:00,page_view
E014322,C01791,2023-10-01 02:15:00,search
E014323,C01791,2025-06-15 00:18:00,app_open
E014324,C01791,2025-04-03 14:17:00,app_open
E014325,C01791,2023-09-01 13:26:00,app_open
E014326,C01791,2024-07-22 02:43:00,page_view
E014327,C01791,2023-08-23 15:06:00,page_view
E014328,C01791,2024-04-23 03:24:00,app_open
E014329,C01792,2024-07-11 01:50:00,page_view
E014330,C01792,2024-11-10 08:33:00,app_open
E014331,C01792,2025-02-24 15:13:00,app_open
E014332,C01792,2025-10-27 12:22:00,page_view
E014333,C01792,2024-10-26 19:02:00,search
E014334,C01792,2023-03-13 04:35:00,page_view
E014335,C01792,2023-11-30 18:41:00,add_to_cart
E014336,C01792,2024-05-18 22:51:00,page_view
E014337,C01793,2024-07-15 17:06:00,page_view
E014338,C01793,2025-05-19 00:09:00,search
E014339,C01793,2023-02-20 04:12:00,add_to_cart
E014340,C01793,2024-09-15 19:31:00,app_open
E014341,C01793,2025-05-23 04:41:00,add_to_cart
E014342,C01793,2024-12-23 02:04:00,app_open
E014343,C01793,2025-04-09 15:17:00,page_view
E014344,C01793,2025-12-11 18:47:00,page_view
E014345,C01794,2025-02-16 14:43:00,page_view
E014346,C01794,2025-12-31 18:57:00,app_open
E014347,C01794,2023-04-20 14:58:00,add_to_cart
E014348,C01794,2025-04-08 09:59:00,search
E014349,C01794,2024-04-21 06:26:00,page_view
E014350,C01794,2025-12-18 01:11:00,add_to_cart
E014351,C01794,2025-08-24 21:17:00,page_view
E014352,C01794,2024-05-17 06:56:00,search
E014353,C01795,2024-03-23 06:52:00,page_view
E014354,C01795,2025-04-30 21:36:00,add_to_cart
E014355,C01795,2025-11-10 00:30:00,page_view
E014356,C01795,2025-10-26 01:02:00,add_to_cart
E014357,C01795,2025-02-08 10:27:00,add_to_cart
E014358,C01795,2024-12-22 00:27:00,search
E014359,C01795,2023-09-06 21:12:00,add_to_cart
E014360,C01795,2024-02-03 11:11:00,app_open
E014361,C01796,2024-05-04 00:57:00,search
E014362,C01796,2024-06-16 09:19:00,app_open
E014363,C01796,2024-06-19 00:59:00,search
E014364,C01796,2024-05-10 17:09:00,add_to_cart
E014365,C01796,2024-09-29 03:52:00,page_view
E014366,C01796,2025-04-09 23:10:00,search
E014367,C01796,2025-08-26 11:27:00,app_open
E014368,C01796,2024-08-13 04:25:00,add_to_cart
E014369,C01797,2024-01-07 16:14:00,search
E014370,C01797,2024-12-27 21:04:00,add_to_cart
E014371,C01797,2023-01-18 11:39:00,add_to_cart
E014372,C01797,2023-04-03 05:42:00,add_to_cart
E014373,C01797,2025-01-02 11:05:00,page_view
E014374,C01797,2024-05-29 06:13:00,add_to_cart
E014375,C01797,2024-07-14 03:00:00,page_view
E014376,C01797,2024-12-22 04:41:00,app_open
E014377,C01798,2025-11-16 00:54:00,app_open
E014378,C01798,2023-06-24 14:34:00,page_view
E014379,C01798,2025-02-16 20:15:00,app_open
E014380,C01798,2023-03-07 08:22:00,search
E014381,C01798,2024-08-20 19:24:00,search
E014382,C01798,2025-11-27 22:13:00,page_view
E014383,C01798,2023-12-28 02:26:00,page_view
E014384,C01798,2025-01-25 10:50:00,add_to_cart
E014385,C01799,2024-01-09 17:55:00,add_to_cart
E014386,C01799,2024-07-22 12:12:00,search
E014387,C01799,2024-03-04 10:43:00,add_to_cart
E014388,C01799,2025-10-24 16:30:00,page_view
E014389,C01799,2025-04-03 09:51:00,app_open
E014390,C01799,2024-02-07 06:55:00,app_open
E014391,C01799,2024-02-11 06:22:00,app_open
E014392,C01799,2025-10-05 17:33:00,app_open
E014393,C01800,2023-12-16 07:28:00,add_to_cart
E014394,C01800,2025-03-26 00:22:00,app_open
E014395,C01800,2023-02-09 11:15:00,page_view
E014396,C01800,2024-10-13 22:04:00,search
E014397,C01800,2025-10-02 15:29:00,app_open
E014398,C01800,2023-04-17 13:30:00,search
E014399,C01800,2024-08-27 04:11:00,add_to_cart
E014400,C01800,2024-05-02 09:28:00,add_to_cart
E014401,C01801,2024-07-20 12:32:00,page_view
E014402,C01801,2025-08-19 07:34:00,page_view
E014403,C01801,2024-12-21 18:14:00,search
E014404,C01801,2023-10-06 20:53:00,page_view
E014405,C01801,2025-10-11 13:28:00,search
E014406,C01801,2023-05-19 06:20:00,search
E014407,C01801,2025-04-11 12:51:00,add_to_cart
E014408,C01801,2024-11-14 20:01:00,search
E014409,C01802,2025-10-16 05:03:00,app_open
E014410,C01802,2025-08-20 11:10:00,app_open
E014411,C01802,2023-02-11 19:30:00,page_view
E014412,C01802,2024-10-13 04:02:00,app_open
E014413,C01802,2023-03-09 02:09:00,app_open
E014414,C01802,2024-05-20 00:25:00,app_open
E014415,C01802,2024-05-25 23:10:00,search
E014416,C01802,2024-08-19 12:30:00,add_to_cart
E014417,C01803,2023-06-03 09:54:00,add_to_cart
E014418,C01803,2025-10-26 22:27:00,add_to_cart
E014419,C01803,2023-04-12 08:31:00,add_to_cart
E014420,C01803,2024-12-01 00:52:00,add_to_cart
E014421,C01803,2024-04-02 22:11:00,app_open
E014422,C01803,2025-07-08 03:19:00,app_open
E014423,C01803,2024-01-27 22:56:00,page_view
E014424,C01803,2023-10-09 05:45:00,search
E014425,C01804,2024-11-13 05:47:00,add_to_cart
E014426,C01804,2025-01-09 00:34:00,page_view
E014427,C01804,2025-09-15 00:40:00,search
E014428,C01804,2023-02-18 22:01:00,app_open
E014429,C01804,2024-08-06 01:17:00,app_open
E014430,C01804,2024-03-16 18:39:00,app_open
E014431,C01804,2025-07-25 15:48:00,page_view
E014432,C01804,2024-10-09 03:36:00,app_open
E014433,C01805,2024-06-16 23:18:00,page_view
E014434,C01805,2023-07-16 05:06:00,app_open
E014435,C01805,2025-09-28 02:45:00,search
E014436,C01805,2025-05-03 13:32:00,add_to_cart
E014437,C01805,2023-02-22 15:16:00,add_to_cart
E014438,C01805,2025-11-19 20:29:00,page_view
E014439,C01805,2024-10-15 08:24:00,app_open
E014440,C01805,2024-02-01 11:55:00,search
E014441,C01806,2024-09-03 20:43:00,add_to_cart
E014442,C01806,2025-03-31 00:27:00,add_to_cart
E014443,C01806,2023-02-13 16:36:00,page_view
E014444,C01806,2025-01-17 05:25:00,add_to_cart
E014445,C01806,2024-07-13 03:02:00,page_view
E014446,C01806,2023-03-31 21:58:00,app_open
E014447,C01806,2023-10-18 02:23:00,app_open
E014448,C01806,2025-09-25 07:37:00,app_open
E014449,C01807,2025-06-09 18:11:00,app_open
E014450,C01807,2023-02-26 17:56:00,search
E014451,C01807,2024-01-17 07:44:00,add_to_cart
E014452,C01807,2024-07-02 06:29:00,page_view
E014453,C01807,2024-09-20 09:57:00,search
E014454,C01807,2024-09-25 18:12:00,add_to_cart
E014455,C01807,2023-09-12 17:39:00,app_open
E014456,C01807,2023-03-04 07:06:00,app_open
E014457,C01808,2024-04-02 09:02:00,search
E014458,C01808,2025-07-17 05:20:00,add_to_cart
E014459,C01808,2024-08-17 21:44:00,search
E014460,C01808,2023-08-20 08:33:00,app_open
E014461,C01808,2024-10-04 17:58:00,page_view
E014462,C01808,2025-04-15 17:51:00,search
E014463,C01808,2025-03-02 11:56:00,search
E014464,C01808,2025-09-04 01:38:00,search
E014465,C01809,2025-11-27 21:08:00,add_to_cart
E014466,C01809,2024-09-25 20:27:00,search
E014467,C01809,2025-08-31 04:38:00,search
E014468,C01809,2024-04-23 10:10:00,add_to_cart
E014469,C01809,2023-12-13 07:04:00,add_to_cart
E014470,C01809,2025-06-16 10:47:00,app_open
E014471,C01809,2024-01-16 02:10:00,add_to_cart
E014472,C01809,2025-04-04 13:20:00,app_open
E014473,C01810,2023-02-28 05:32:00,page_view
E014474,C01810,2025-08-08 23:39:00,page_view
E014475,C01810,2025-04-27 18:11:00,app_open
E014476,C01810,2024-10-10 07:39:00,page_view
E014477,C01810,2024-03-14 19:09:00,search
E014478,C01810,2024-02-24 05:57:00,app_open
E014479,C01810,2023-11-14 02:01:00,app_open
E014480,C01810,2023-06-13 20:00:00,page_view
E014481,C01811,2023-08-23 11:49:00,search
E014482,C01811,2023-07-06 07:19:00,add_to_cart
E014483,C01811,2023-01-31 03:35:00,search
E014484,C01811,2023-08-07 13:59:00,search
E014485,C01811,2025-03-14 11:51:00,search
E014486,C01811,2025-05-26 14:50:00,add_to_cart
E014487,C01811,2023-10-01 05:41:00,page_view
E014488,C01811,2024-10-01 18:10:00,app_open
E014489,C01812,2025-03-05 03:08:00,search
E014490,C01812,2023-08-24 04:17:00,app_open
E014491,C01812,2024-11-19 09:55:00,page_view
E014492,C01812,2024-08-21 12:10:00,page_view
E014493,C01812,2025-08-12 21:08:00,search
E014494,C01812,2025-07-25 19:17:00,page_view
E014495,C01812,2024-11-04 23:56:00,page_view
E014496,C01812,2025-10-21 03:41:00,page_view
E014497,C01813,2024-09-24 07:27:00,add_to_cart
E014498,C01813,2025-12-30 10:47:00,page_view
E014499,C01813,2023-08-25 02:10:00,search
E014500,C01813,2024-07-16 02:26:00,page_view
E014501,C01813,2025-04-10 06:06:00,search
E014502,C01813,2023-12-25 15:09:00,add_to_cart
E014503,C01813,2025-05-03 20:33:00,search
E014504,C01813,2025-05-25 12:51:00,add_to_cart
E014505,C01814,2025-11-01 17:13:00,search
E014506,C01814,2023-03-19 08:51:00,page_view
E014507,C01814,2024-05-31 23:29:00,page_view
E014508,C01814,2023-09-18 17:09:00,search
E014509,C01814,2023-10-19 11:46:00,page_view
E014510,C01814,2025-08-27 02:12:00,search
E014511,C01814,2023-08-28 16:25:00,add_to_cart
E014512,C01814,2024-02-12 00:27:00,app_open
E014513,C01815,2025-05-20 21:29:00,page_view
E014514,C01815,2023-08-01 09:25:00,app_open
E014515,C01815,2025-01-01 14:42:00,add_to_cart
E014516,C01815,2023-11-19 10:03:00,search
E014517,C01815,2025-06-18 15:06:00,search
E014518,C01815,2025-02-11 15:30:00,search
E014519,C01815,2023-06-16 10:47:00,search
E014520,C01815,2023-08-19 05:57:00,app_open
E014521,C01816,2024-08-04 18:14:00,app_open
E014522,C01816,2023-04-18 20:25:00,app_open
E014523,C01816,2024-03-17 01:53:00,app_open
E014524,C01816,2023-04-01 18:58:00,app_open
E014525,C01816,2023-03-08 18:37:00,add_to_cart
E014526,C01816,2023-10-16 04:13:00,search
E014527,C01816,2023-09-24 04:52:00,app_open
E014528,C01816,2025-04-22 09:33:00,search
E014529,C01817,2025-03-20 13:07:00,app_open
E014530,C01817,2024-09-09 03:44:00,search
E014531,C01817,2025-10-18 01:32:00,app_open
E014532,C01817,2023-10-06 02:24:00,search
E014533,C01817,2023-05-06 15:16:00,search
E014534,C01817,2023-08-19 07:48:00,add_to_cart
E014535,C01817,2023-08-23 08:48:00,search
E014536,C01817,2025-01-05 12:36:00,app_open
E014537,C01818,2024-10-23 14:47:00,add_to_cart
E014538,C01818,2025-07-14 22:48:00,search
E014539,C01818,2025-09-22 19:42:00,add_to_cart
E014540,C01818,2024-06-04 08:21:00,page_view
E014541,C01818,2023-09-17 04:07:00,page_view
E014542,C01818,2024-11-05 00:46:00,add_to_cart
E014543,C01818,2024-01-21 18:36:00,app_open
E014544,C01818,2025-12-22 03:42:00,page_view
E014545,C01819,2025-01-21 05:06:00,page_view
E014546,C01819,2024-06-29 15:57:00,add_to_cart
E014547,C01819,2025-10-27 19:07:00,app_open
E014548,C01819,2025-07-12 15:25:00,search
E014549,C01819,2023-10-09 17:52:00,app_open
E014550,C01819,2024-11-22 05:04:00,page_view
E014551,C01819,2023-06-15 18:54:00,app_open
E014552,C01819,2025-08-16 03:49:00,app_open
E014553,C01820,2025-07-22 12:22:00,app_open
E014554,C01820,2025-10-26 12:37:00,add_to_cart
E014555,C01820,2023-01-25 14:48:00,search
E014556,C01820,2025-10-15 21:02:00,add_to_cart
E014557,C01820,2025-02-03 17:34:00,add_to_cart
E014558,C01820,2023-01-16 13:03:00,page_view
E014559,C01820,2024-09-14 02:02:00,search
E014560,C01820,2024-04-21 02:10:00,app_open
E014561,C01821,2024-11-28 01:51:00,app_open
E014562,C01821,2025-01-07 05:25:00,search
E014563,C01821,2023-02-03 10:17:00,add_to_cart
E014564,C01821,2023-10-04 04:58:00,app_open
E014565,C01821,2025-06-07 17:49:00,search
E014566,C01821,2025-03-29 01:56:00,page_view
E014567,C01821,2024-08-21 20:05:00,page_view
E014568,C01821,2024-07-14 22:27:00,app_open
E014569,C01822,2023-04-20 20:02:00,page_view
E014570,C01822,2024-10-12 19:04:00,add_to_cart
E014571,C01822,2024-01-23 06:25:00,app_open
E014572,C01822,2024-08-26 23:24:00,add_to_cart
E014573,C01822,2024-02-04 18:37:00,add_to_cart
E014574,C01822,2025-08-21 04:29:00,add_to_cart
E014575,C01822,2023-02-25 20:23:00,search
E014576,C01822,2023-06-14 05:32:00,app_open
E014577,C01823,2024-06-17 23:05:00,page_view
E014578,C01823,2025-08-28 00:22:00,page_view
E014579,C01823,2025-01-31 01:10:00,app_open
E014580,C01823,2025-09-05 04:34:00,app_open
E014581,C01823,2023-08-16 06:50:00,add_to_cart
E014582,C01823,2023-08-07 14:27:00,page_view
E014583,C01823,2025-08-24 22:11:00,page_view
E014584,C01823,2024-09-17 05:09:00,search
E014585,C01824,2024-04-04 21:46:00,search
E014586,C01824,2024-10-13 02:23:00,page_view
E014587,C01824,2024-08-07 04:51:00,add_to_cart
E014588,C01824,2025-03-08 23:21:00,app_open
E014589,C01824,2025-12-22 14:28:00,search
E014590,C01824,2025-09-16 19:38:00,add_to_cart
E014591,C01824,2023-04-29 04:47:00,add_to_cart
E014592,C01824,2025-06-01 03:26:00,app_open
E014593,C01825,2024-01-30 02:00:00,page_view
E014594,C01825,2023-02-18 17:11:00,page_view
E014595,C01825,2024-05-13 05:08:00,page_view
E014596,C01825,2023-02-22 20:41:00,app_open
E014597,C01825,2025-02-01 11:22:00,page_view
E014598,C01825,2024-06-11 15:25:00,add_to_cart
E014599,C01825,2023-04-02 17:39:00,app_open
E014600,C01825,2024-11-25 14:33:00,page_view
E014601,C01826,2023-12-04 14:39:00,search
E014602,C01826,2023-05-22 16:41:00,app_open
E014603,C01826,2023-07-04 16:12:00,search
E014604,C01826,2025-09-01 08:33:00,add_to_cart
E014605,C01826,2024-05-20 13:46:00,app_open
E014606,C01826,2025-01-31 12:42:00,search
E014607,C01826,2025-07-28 00:52:00,page_view
E014608,C01826,2024-06-25 12:53:00,search
E014609,C01827,2023-04-01 11:30:00,page_view
E014610,C01827,2025-03-08 00:52:00,search
E014611,C01827,2023-12-28 12:49:00,add_to_cart
E014612,C01827,2025-09-12 13:49:00,add_to_cart
E014613,C01827,2023-04-09 19:44:00,app_open
E014614,C01827,2025-08-13 23:32:00,page_view
E014615,C01827,2024-12-24 13:48:00,add_to_cart
E014616,C01827,2023-11-07 09:45:00,app_open
E014617,C01828,2025-09-16 20:51:00,app_open
E014618,C01828,2023-11-23 06:06:00,page_view
E014619,C01828,2025-07-04 04:18:00,app_open
E014620,C01828,2025-01-24 10:20:00,page_view
E014621,C01828,2025-11-13 20:53:00,app_open
E014622,C01828,2024-10-18 20:17:00,app_open
E014623,C01828,2024-02-29 18:47:00,app_open
E014624,C01828,2023-03-17 05:59:00,app_open
E014625,C01829,2025-01-27 00:32:00,app_open
E014626,C01829,2023-10-03 04:48:00,search
E014627,C01829,2024-09-21 10:16:00,add_to_cart
E014628,C01829,2025-10-15 08:26:00,add_to_cart
E014629,C01829,2023-05-02 16:49:00,search
E014630,C01829,2024-01-04 13:37:00,app_open
E014631,C01829,2025-08-02 17:03:00,search
E014632,C01829,2023-02-07 20:36:00,add_to_cart
E014633,C01830,2023-04-22 08:12:00,app_open
E014634,C01830,2024-09-20 05:43:00,page_view
E014635,C01830,2024-01-28 13:30:00,add_to_cart
E014636,C01830,2025-12-12 23:25:00,search
E014637,C01830,2024-11-07 23:22:00,search
E014638,C01830,2023-03-10 22:53:00,page_view
E014639,C01830,2025-06-23 01:39:00,app_open
E014640,C01830,2024-02-25 20:28:00,add_to_cart
E014641,C01831,2023-02-01 13:27:00,page_view
E014642,C01831,2023-04-17 23:52:00,app_open
E014643,C01831,2023-12-30 03:46:00,add_to_cart
E014644,C01831,2025-08-07 12:39:00,app_open
E014645,C01831,2025-08-12 02:51:00,search
E014646,C01831,2025-04-09 22:03:00,app_open
E014647,C01831,2024-11-25 18:49:00,page_view
E014648,C01831,2023-01-23 06:45:00,search
E014649,C01832,2024-12-20 17:44:00,search
E014650,C01832,2024-10-03 13:55:00,add_to_cart
E014651,C01832,2025-05-06 19:20:00,add_to_cart
E014652,C01832,2024-04-14 07:41:00,search
E014653,C01832,2024-06-23 15:40:00,app_open
E014654,C01832,2025-06-17 14:49:00,search
E014655,C01832,2024-11-07 11:13:00,page_view
E014656,C01832,2024-10-09 09:23:00,search
E014657,C01833,2023-03-31 13:11:00,app_open
E014658,C01833,2025-06-26 12:08:00,search
E014659,C01833,2023-08-20 23:11:00,search
E014660,C01833,2023-10-20 22:54:00,page_view
E014661,C01833,2025-03-18 14:44:00,search
E014662,C01833,2024-08-31 06:54:00,search
E014663,C01833,2024-12-29 13:27:00,app_open
E014664,C01833,2024-10-20 19:00:00,page_view
E014665,C01834,2023-03-12 21:49:00,search
E014666,C01834,2023-12-23 11:38:00,add_to_cart
E014667,C01834,2024-06-14 01:13:00,page_view
E014668,C01834,2023-10-26 13:59:00,app_open
E014669,C01834,2024-10-21 12:10:00,add_to_cart
E014670,C01834,2024-08-16 15:02:00,add_to_cart
E014671,C01834,2024-09-15 20:41:00,app_open
E014672,C01834,2023-02-13 07:58:00,app_open
E014673,C01835,2023-11-21 06:15:00,page_view
E014674,C01835,2025-04-09 03:29:00,add_to_cart
E014675,C01835,2024-05-24 10:37:00,search
E014676,C01835,2024-09-07 02:48:00,search
E014677,C01835,2024-10-27 22:52:00,page_view
E014678,C01835,2025-10-16 03:20:00,page_view
E014679,C01835,2023-12-07 11:27:00,app_open
E014680,C01835,2025-09-06 22:24:00,add_to_cart
E014681,C01836,2023-05-24 18:13:00,search
E014682,C01836,2023-06-21 15:14:00,add_to_cart
E014683,C01836,2025-08-19 02:12:00,app_open
E014684,C01836,2024-09-19 17:58:00,search
E014685,C01836,2025-12-23 06:44:00,search
E014686,C01836,2023-09-07 06:09:00,app_open
E014687,C01836,2024-09-08 08:27:00,search
E014688,C01836,2024-12-18 17:28:00,search
E014689,C01837,2023-11-13 04:22:00,page_view
E014690,C01837,2023-04-08 02:37:00,search
E014691,C01837,2025-11-01 23:17:00,page_view
E014692,C01837,2023-08-11 02:38:00,page_view
E014693,C01837,2023-02-16 02:46:00,page_view
E014694,C01837,2023-05-03 10:53:00,add_to_cart
E014695,C01837,2023-02-23 09:09:00,search
E014696,C01837,2025-08-31 19:15:00,page_view
E014697,C01838,2023-06-20 17:11:00,app_open
E014698,C01838,2025-10-15 12:45:00,page_view
E014699,C01838,2025-11-21 15:22:00,add_to_cart
E014700,C01838,2025-07-07 02:07:00,app_open
E014701,C01838,2023-08-07 20:53:00,page_view
E014702,C01838,2025-01-16 09:32:00,app_open
E014703,C01838,2025-08-03 13:31:00,page_view
E014704,C01838,2024-07-21 23:14:00,page_view
E014705,C01839,2023-06-15 00:23:00,app_open
E014706,C01839,2024-05-29 10:43:00,app_open
E014707,C01839,2025-12-12 01:59:00,search
E014708,C01839,2025-12-26 14:33:00,page_view
E014709,C01839,2024-07-11 00:02:00,app_open
E014710,C01839,2024-07-05 00:01:00,search
E014711,C01839,2025-09-29 07:15:00,app_open
E014712,C01839,2023-09-22 07:41:00,search
E014713,C01840,2023-04-09 15:08:00,search
E014714,C01840,2023-12-10 00:08:00,page_view
E014715,C01840,2023-12-19 22:03:00,app_open
E014716,C01840,2024-07-14 09:07:00,app_open
E014717,C01840,2023-11-12 15:50:00,page_view
E014718,C01840,2025-05-15 03:59:00,app_open
E014719,C01840,2025-09-30 19:16:00,add_to_cart
E014720,C01840,2025-06-04 11:48:00,page_view
E014721,C01841,2024-09-10 15:37:00,add_to_cart
E014722,C01841,2023-07-31 18:10:00,add_to_cart
E014723,C01841,2023-08-28 10:04:00,search
E014724,C01841,2023-05-02 20:12:00,add_to_cart
E014725,C01841,2025-06-16 00:05:00,app_open
E014726,C01841,2023-04-13 05:55:00,add_to_cart
E014727,C01841,2023-05-20 07:24:00,app_open
E014728,C01841,2023-08-06 11:40:00,search
E014729,C01842,2024-01-25 08:28:00,add_to_cart
E014730,C01842,2025-04-09 08:10:00,search
E014731,C01842,2024-09-18 14:49:00,add_to_cart
E014732,C01842,2025-11-18 04:56:00,add_to_cart
E014733,C01842,2025-05-18 02:19:00,page_view
E014734,C01842,2024-03-19 13:16:00,app_open
E014735,C01842,2023-12-10 13:41:00,add_to_cart
E014736,C01842,2023-12-28 00:47:00,search
E014737,C01843,2025-07-05 14:23:00,app_open
E014738,C01843,2025-07-11 17:18:00,search
E014739,C01843,2024-04-27 07:55:00,add_to_cart
E014740,C01843,2025-06-05 20:24:00,page_view
E014741,C01843,2024-01-20 16:53:00,add_to_cart
E014742,C01843,2024-01-17 20:55:00,search
E014743,C01843,2023-07-26 13:05:00,search
E014744,C01843,2025-10-22 05:52:00,page_view
E014745,C01844,2024-01-02 17:54:00,app_open
E014746,C01844,2024-11-21 10:02:00,search
E014747,C01844,2023-07-07 01:37:00,app_open
E014748,C01844,2024-08-21 21:14:00,add_to_cart
E014749,C01844,2023-05-19 17:31:00,add_to_cart
E014750,C01844,2023-08-11 06:06:00,search
E014751,C01844,2025-01-29 01:26:00,page_view
E014752,C01844,2023-06-07 12:04:00,app_open
E014753,C01845,2024-07-17 14:56:00,search
E014754,C01845,2025-01-30 05:17:00,page_view
E014755,C01845,2023-05-13 13:15:00,add_to_cart
E014756,C01845,2024-11-18 07:39:00,add_to_cart
E014757,C01845,2025-04-28 09:50:00,search
E014758,C01845,2024-05-05 17:41:00,search
E014759,C01845,2024-06-06 11:50:00,search
E014760,C01845,2025-05-12 07:40:00,page_view
E014761,C01846,2024-04-10 03:49:00,search
E014762,C01846,2023-01-14 22:11:00,page_view
E014763,C01846,2023-11-12 15:33:00,add_to_cart
E014764,C01846,2024-02-15 20:51:00,search
E014765,C01846,2023-05-27 08:27:00,page_view
E014766,C01846,2023-11-27 15:08:00,app_open
E014767,C01846,2025-09-05 13:09:00,add_to_cart
E014768,C01846,2024-12-13 21:02:00,app_open
E014769,C01847,2025-05-15 04:29:00,app_open
E014770,C01847,2025-10-18 06:10:00,add_to_cart
E014771,C01847,2025-12-16 17:05:00,search
E014772,C01847,2024-07-20 15:51:00,add_to_cart
E014773,C01847,2023-09-19 12:05:00,page_view
E014774,C01847,2025-07-27 20:35:00,page_view
E014775,C01847,2025-10-25 09:34:00,add_to_cart
E014776,C01847,2023-12-24 07:13:00,add_to_cart
E014777,C01848,2025-02-16 22:08:00,app_open
E014778,C01848,2024-07-17 02:14:00,app_open
E014779,C01848,2025-12-05 11:43:00,add_to_cart
E014780,C01848,2025-06-10 09:58:00,app_open
E014781,C01848,2025-11-28 21:30:00,search
E014782,C01848,2023-02-09 21:56:00,search
E014783,C01848,2025-03-17 12:33:00,add_to_cart
E014784,C01848,2023-06-24 07:04:00,page_view
E014785,C01849,2024-10-23 17:20:00,search
E014786,C01849,2024-11-23 01:40:00,page_view
E014787,C01849,2023-11-15 23:15:00,add_to_cart
E014788,C01849,2025-01-11 07:38:00,app_open
E014789,C01849,2023-06-11 05:11:00,app_open
E014790,C01849,2024-07-30 12:39:00,app_open
E014791,C01849,2025-12-16 10:43:00,add_to_cart
E014792,C01849,2024-09-15 02:26:00,search
E014793,C01850,2024-02-13 23:31:00,app_open
E014794,C01850,2025-09-22 03:52:00,add_to_cart
E014795,C01850,2024-04-10 06:37:00,add_to_cart
E014796,C01850,2025-02-03 21:18:00,page_view
E014797,C01850,2024-04-17 11:17:00,app_open
E014798,C01850,2024-10-23 22:06:00,add_to_cart
E014799,C01850,2024-08-12 08:47:00,add_to_cart
E014800,C01850,2025-08-29 09:27:00,search
E014801,C01851,2023-10-01 11:38:00,add_to_cart
E014802,C01851,2023-05-20 05:31:00,add_to_cart
E014803,C01851,2025-05-04 08:56:00,search
E014804,C01851,2024-10-27 09:16:00,add_to_cart
E014805,C01851,2023-08-30 14:22:00,app_open
E014806,C01851,2024-04-06 22:13:00,search
E014807,C01851,2024-02-18 12:13:00,page_view
E014808,C01851,2023-08-10 06:50:00,add_to_cart
E014809,C01852,2024-01-11 07:31:00,search
E014810,C01852,2023-01-25 03:30:00,app_open
E014811,C01852,2025-09-07 21:40:00,page_view
E014812,C01852,2025-11-08 14:28:00,page_view
E014813,C01852,2025-07-01 00:58:00,search
E014814,C01852,2023-05-05 05:51:00,add_to_cart
E014815,C01852,2025-04-07 00:41:00,search
E014816,C01852,2025-03-13 06:21:00,page_view
E014817,C01853,2024-03-17 11:53:00,app_open
E014818,C01853,2023-01-21 09:24:00,page_view
E014819,C01853,2023-07-04 09:00:00,add_to_cart
E014820,C01853,2024-07-29 02:13:00,page_view
E014821,C01853,2023-01-15 11:15:00,page_view
E014822,C01853,2023-06-27 21:19:00,search
E014823,C01853,2024-04-19 14:56:00,add_to_cart
E014824,C01853,2023-12-14 05:22:00,search
E014825,C01854,2025-01-18 04:58:00,page_view
E014826,C01854,2025-10-03 09:51:00,search
E014827,C01854,2023-10-25 03:56:00,add_to_cart
E014828,C01854,2025-05-26 08:43:00,page_view
E014829,C01854,2024-08-31 03:23:00,app_open
E014830,C01854,2025-02-15 04:33:00,search
E014831,C01854,2024-04-16 04:42:00,search
E014832,C01854,2024-12-26 07:57:00,page_view
E014833,C01855,2024-12-05 00:25:00,app_open
E014834,C01855,2024-07-28 13:53:00,page_view
E014835,C01855,2024-09-05 09:04:00,app_open
E014836,C01855,2024-09-12 19:55:00,page_view
E014837,C01855,2025-11-15 07:49:00,page_view
E014838,C01855,2024-08-04 02:37:00,page_view
E014839,C01855,2024-02-22 17:42:00,page_view
E014840,C01855,2023-01-10 13:16:00,app_open
E014841,C01856,2025-10-20 01:41:00,page_view
E014842,C01856,2023-01-20 06:24:00,page_view
E014843,C01856,2023-09-11 04:25:00,search
E014844,C01856,2023-09-20 15:30:00,app_open
E014845,C01856,2023-06-02 01:15:00,add_to_cart
E014846,C01856,2024-06-11 11:43:00,search
E014847,C01856,2023-03-13 21:53:00,page_view
E014848,C01856,2024-01-17 13:21:00,page_view
E014849,C01857,2023-08-28 10:33:00,page_view
E014850,C01857,2025-02-16 16:36:00,app_open
E014851,C01857,2023-01-29 12:53:00,page_view
E014852,C01857,2024-04-28 20:44:00,add_to_cart
E014853,C01857,2025-01-21 03:23:00,app_open
E014854,C01857,2024-05-11 21:40:00,add_to_cart
E014855,C01857,2025-11-09 12:33:00,add_to_cart
E014856,C01857,2024-10-01 21:40:00,search
E014857,C01858,2025-01-05 10:44:00,app_open
E014858,C01858,2023-10-23 13:34:00,page_view
E014859,C01858,2025-08-12 18:57:00,add_to_cart
E014860,C01858,2024-11-19 23:21:00,add_to_cart
E014861,C01858,2024-06-18 05:58:00,page_view
E014862,C01858,2024-10-06 02:01:00,page_view
E014863,C01858,2023-04-11 19:11:00,app_open
E014864,C01858,2023-05-28 18:03:00,add_to_cart
E014865,C01859,2025-11-04 23:03:00,app_open
E014866,C01859,2024-03-17 05:46:00,page_view
E014867,C01859,2025-11-17 07:32:00,add_to_cart
E014868,C01859,2023-08-13 17:21:00,search
E014869,C01859,2024-07-28 17:16:00,app_open
E014870,C01859,2025-09-09 04:34:00,add_to_cart
E014871,C01859,2023-09-29 14:15:00,app_open
E014872,C01859,2024-04-21 11:21:00,add_to_cart
E014873,C01860,2024-10-30 08:41:00,app_open
E014874,C01860,2025-09-18 21:58:00,app_open
E014875,C01860,2024-12-06 04:46:00,add_to_cart
E014876,C01860,2023-11-09 20:02:00,search
E014877,C01860,2023-07-24 06:07:00,app_open
E014878,C01860,2024-02-19 12:58:00,page_view
E014879,C01860,2023-02-27 15:39:00,search
E014880,C01860,2025-12-26 06:30:00,add_to_cart
E014881,C01861,2023-10-10 01:38:00,search
E014882,C01861,2025-10-18 07:44:00,app_open
E014883,C01861,2023-02-17 09:06:00,search
E014884,C01861,2024-02-28 21:27:00,app_open
E014885,C01861,2025-09-18 01:09:00,add_to_cart
E014886,C01861,2025-03-24 11:28:00,app_open
E014887,C01861,2025-03-16 10:44:00,add_to_cart
E014888,C01861,2023-08-29 07:40:00,page_view
E014889,C01862,2025-01-28 11:44:00,page_view
E014890,C01862,2023-07-16 01:17:00,search
E014891,C01862,2025-02-28 20:51:00,add_to_cart
E014892,C01862,2024-01-13 03:06:00,page_view
E014893,C01862,2023-12-09 09:47:00,add_to_cart
E014894,C01862,2024-09-17 08:38:00,add_to_cart
E014895,C01862,2025-08-21 08:16:00,page_view
E014896,C01862,2024-10-14 12:26:00,page_view
E014897,C01863,2023-04-09 15:40:00,app_open
E014898,C01863,2023-08-11 22:41:00,app_open
E014899,C01863,2023-12-23 12:53:00,page_view
E014900,C01863,2025-11-18 03:12:00,app_open
E014901,C01863,2024-10-04 23:40:00,page_view
E014902,C01863,2024-02-05 19:45:00,search
E014903,C01863,2023-09-06 06:42:00,app_open
E014904,C01863,2024-12-18 09:13:00,add_to_cart
E014905,C01864,2025-05-09 10:02:00,add_to_cart
E014906,C01864,2025-01-01 06:10:00,search
E014907,C01864,2023-12-11 01:08:00,page_view
E014908,C01864,2023-05-09 20:36:00,app_open
E014909,C01864,2024-02-04 04:07:00,page_view
E014910,C01864,2025-04-02 14:06:00,app_open
E014911,C01864,2024-12-04 05:56:00,app_open
E014912,C01864,2024-10-02 10:18:00,page_view
E014913,C01865,2024-02-04 01:58:00,page_view
E014914,C01865,2023-04-29 07:37:00,app_open
E014915,C01865,2024-02-04 04:30:00,search
E014916,C01865,2025-07-31 08:57:00,search
E014917,C01865,2024-09-28 15:02:00,app_open
E014918,C01865,2025-08-13 06:43:00,search
E014919,C01865,2023-12-04 05:18:00,app_open
E014920,C01865,2025-04-27 00:15:00,search
E014921,C01866,2025-12-31 01:05:00,app_open
E014922,C01866,2024-07-13 08:53:00,app_open
E014923,C01866,2025-03-31 13:45:00,add_to_cart
E014924,C01866,2023-03-10 20:59:00,app_open
E014925,C01866,2024-02-18 16:41:00,search
E014926,C01866,2025-08-13 19:43:00,add_to_cart
E014927,C01866,2023-06-15 12:27:00,add_to_cart
E014928,C01866,2024-12-01 07:08:00,search
E014929,C01867,2023-07-10 10:26:00,page_view
E014930,C01867,2024-05-09 20:45:00,page_view
E014931,C01867,2025-08-19 21:51:00,app_open
E014932,C01867,2025-07-04 09:57:00,app_open
E014933,C01867,2023-08-18 14:40:00,page_view
E014934,C01867,2024-11-05 11:12:00,search
E014935,C01867,2024-05-24 07:22:00,page_view
E014936,C01867,2024-04-18 10:45:00,app_open
E014937,C01868,2023-12-29 12:45:00,add_to_cart
E014938,C01868,2024-06-30 12:18:00,add_to_cart
E014939,C01868,2025-04-05 09:43:00,search
E014940,C01868,2025-09-04 12:41:00,search
E014941,C01868,2024-09-08 10:24:00,add_to_cart
E014942,C01868,2024-08-25 09:41:00,search
E014943,C01868,2023-02-08 04:41:00,page_view
E014944,C01868,2025-03-16 13:56:00,page_view
E014945,C01869,2023-06-13 13:57:00,app_open
E014946,C01869,2025-08-08 00:54:00,app_open
E014947,C01869,2023-12-30 21:21:00,app_open
E014948,C01869,2025-03-12 03:12:00,page_view
E014949,C01869,2025-06-10 09:45:00,search
E014950,C01869,2025-03-11 09:18:00,page_view
E014951,C01869,2025-12-26 06:14:00,page_view
E014952,C01869,2024-01-30 00:25:00,add_to_cart
E014953,C01870,2025-01-25 22:32:00,search
E014954,C01870,2025-12-30 21:00:00,app_open
E014955,C01870,2024-02-29 01:16:00,page_view
E014956,C01870,2024-12-08 19:22:00,page_view
E014957,C01870,2023-08-05 13:16:00,add_to_cart
E014958,C01870,2024-11-11 05:34:00,add_to_cart
E014959,C01870,2025-03-26 21:07:00,app_open
E014960,C01870,2023-09-16 00:10:00,app_open
E014961,C01871,2025-05-19 18:39:00,page_view
E014962,C01871,2024-09-04 05:47:00,add_to_cart
E014963,C01871,2023-02-26 00:28:00,page_view
E014964,C01871,2023-07-02 04:39:00,app_open
E014965,C01871,2023-02-04 15:47:00,app_open
E014966,C01871,2025-12-09 07:54:00,page_view
E014967,C01871,2024-10-18 14:45:00,app_open
E014968,C01871,2024-12-30 02:59:00,search
E014969,C01872,2025-11-18 19:55:00,add_to_cart
E014970,C01872,2024-01-19 10:44:00,page_view
E014971,C01872,2023-08-20 05:49:00,app_open
E014972,C01872,2024-08-02 21:39:00,page_view
E014973,C01872,2023-05-23 05:12:00,page_view
E014974,C01872,2025-09-25 02:59:00,app_open
E014975,C01872,2025-02-14 00:19:00,page_view
E014976,C01872,2025-02-09 20:39:00,search
E014977,C01873,2023-03-22 11:15:00,add_to_cart
E014978,C01873,2023-02-13 19:27:00,add_to_cart
E014979,C01873,2024-01-06 10:08:00,search
E014980,C01873,2024-06-19 02:52:00,page_view
E014981,C01873,2023-08-21 09:20:00,add_to_cart
E014982,C01873,2023-06-19 07:49:00,add_to_cart
E014983,C01873,2024-09-20 04:24:00,search
E014984,C01873,2025-09-01 08:25:00,search
E014985,C01874,2025-06-10 22:01:00,app_open
E014986,C01874,2023-02-26 03:31:00,add_to_cart
E014987,C01874,2025-02-02 12:42:00,app_open
E014988,C01874,2024-10-24 23:53:00,app_open
E014989,C01874,2023-12-14 17:08:00,app_open
E014990,C01874,2025-11-29 08:16:00,add_to_cart
E014991,C01874,2025-12-04 11:56:00,search
E014992,C01874,2023-09-04 03:17:00,search
E014993,C01875,2024-12-18 04:01:00,app_open
E014994,C01875,2024-10-10 19:52:00,search
E014995,C01875,2024-04-15 05:18:00,app_open
E014996,C01875,2023-05-31 06:58:00,page_view
E014997,C01875,2024-06-01 00:32:00,app_open
E014998,C01875,2023-07-01 11:38:00,page_view
E014999,C01875,2024-09-27 19:08:00,add_to_cart
E015000,C01875,2024-11-10 17:09:00,app_open
E015001,C01876,2024-07-06 06:30:00,app_open
E015002,C01876,2025-11-12 02:08:00,app_open
E015003,C01876,2023-01-16 16:07:00,page_view
E015004,C01876,2023-03-05 10:40:00,search
E015005,C01876,2023-02-26 02:41:00,app_open
E015006,C01876,2023-10-18 23:23:00,page_view
E015007,C01876,2025-04-06 23:52:00,search
E015008,C01876,2024-05-24 17:46:00,app_open
E015009,C01877,2025-03-14 13:17:00,search
E015010,C01877,2025-12-21 19:21:00,app_open
E015011,C01877,2024-01-27 14:23:00,search
E015012,C01877,2023-09-16 18:51:00,search
E015013,C01877,2024-01-29 19:50:00,page_view
E015014,C01877,2024-07-29 19:46:00,page_view
E015015,C01877,2023-11-09 06:23:00,app_open
E015016,C01877,2024-12-25 13:52:00,add_to_cart
E015017,C01878,2025-07-31 11:22:00,add_to_cart
E015018,C01878,2025-07-06 09:55:00,app_open
E015019,C01878,2024-06-02 11:02:00,app_open
E015020,C01878,2024-05-14 03:14:00,app_open
E015021,C01878,2024-11-17 13:41:00,add_to_cart
E015022,C01878,2025-04-07 00:01:00,app_open
E015023,C01878,2025-07-01 15:46:00,app_open
E015024,C01878,2025-10-12 00:51:00,app_open
E015025,C01879,2023-08-06 14:26:00,page_view
E015026,C01879,2024-11-30 01:21:00,app_open
E015027,C01879,2023-12-16 12:35:00,search
E015028,C01879,2023-07-01 11:37:00,search
E015029,C01879,2024-06-05 14:19:00,app_open
E015030,C01879,2025-10-13 11:57:00,search
E015031,C01879,2023-07-15 19:05:00,add_to_cart
E015032,C01879,2023-01-14 08:34:00,add_to_cart
E015033,C01880,2023-07-14 02:37:00,add_to_cart
E015034,C01880,2025-11-14 02:34:00,app_open
E015035,C01880,2025-01-29 13:55:00,search
E015036,C01880,2025-10-11 15:58:00,page_view
E015037,C01880,2024-06-15 10:45:00,add_to_cart
E015038,C01880,2023-08-07 03:55:00,page_view
E015039,C01880,2025-09-11 02:57:00,page_view
E015040,C01880,2023-08-29 19:42:00,search
E015041,C01881,2023-08-19 09:50:00,search
E015042,C01881,2025-01-20 09:20:00,add_to_cart
E015043,C01881,2025-10-19 11:11:00,app_open
E015044,C01881,2023-01-13 14:47:00,search
E015045,C01881,2023-12-02 18:15:00,search
E015046,C01881,2024-07-26 18:30:00,add_to_cart
E015047,C01881,2023-04-14 13:07:00,search
E015048,C01881,2025-12-01 05:18:00,add_to_cart
E015049,C01882,2025-02-27 01:03:00,add_to_cart
E015050,C01882,2025-05-15 22:32:00,app_open
E015051,C01882,2025-05-01 19:03:00,page_view
E015052,C01882,2023-07-26 03:05:00,search
E015053,C01882,2025-05-13 06:45:00,add_to_cart
E015054,C01882,2025-05-15 08:27:00,add_to_cart
E015055,C01882,2023-06-28 01:21:00,app_open
E015056,C01882,2024-06-25 07:59:00,add_to_cart
E015057,C01883,2023-04-01 13:50:00,app_open
E015058,C01883,2024-01-26 07:32:00,app_open
E015059,C01883,2024-03-28 21:14:00,add_to_cart
E015060,C01883,2025-07-23 22:21:00,page_view
E015061,C01883,2024-02-11 17:32:00,page_view
E015062,C01883,2024-03-17 18:34:00,add_to_cart
E015063,C01883,2024-10-29 16:35:00,add_to_cart
E015064,C01883,2023-04-17 10:14:00,app_open
E015065,C01884,2024-09-01 13:32:00,search
E015066,C01884,2025-07-13 08:08:00,app_open
E015067,C01884,2023-04-23 10:13:00,page_view
E015068,C01884,2024-03-01 08:44:00,page_view
E015069,C01884,2024-05-01 22:45:00,search
E015070,C01884,2025-04-08 04:40:00,add_to_cart
E015071,C01884,2023-01-24 13:49:00,search
E015072,C01884,2023-02-01 21:22:00,page_view
E015073,C01885,2025-12-09 22:51:00,app_open
E015074,C01885,2023-02-26 10:43:00,search
E015075,C01885,2025-11-23 12:00:00,search
E015076,C01885,2025-03-08 01:42:00,add_to_cart
E015077,C01885,2025-04-09 04:07:00,page_view
E015078,C01885,2023-10-17 08:01:00,add_to_cart
E015079,C01885,2025-09-29 15:35:00,add_to_cart
E015080,C01885,2023-09-16 17:00:00,app_open
E015081,C01886,2025-02-24 21:05:00,page_view
E015082,C01886,2025-02-11 15:51:00,page_view
E015083,C01886,2024-06-18 12:41:00,add_to_cart
E015084,C01886,2024-09-11 17:21:00,add_to_cart
E015085,C01886,2024-08-08 01:20:00,app_open
E015086,C01886,2025-03-26 18:54:00,app_open
E015087,C01886,2024-10-24 01:09:00,app_open
E015088,C01886,2024-06-22 04:17:00,page_view
E015089,C01887,2023-04-22 10:05:00,add_to_cart
E015090,C01887,2025-08-27 20:36:00,page_view
E015091,C01887,2025-03-20 02:26:00,search
E015092,C01887,2024-04-06 20:01:00,app_open
E015093,C01887,2024-02-27 20:34:00,search
E015094,C01887,2023-01-29 14:46:00,page_view
E015095,C01887,2025-02-22 14:05:00,search
E015096,C01887,2025-05-01 01:26:00,search
E015097,C01888,2024-01-31 20:40:00,page_view
E015098,C01888,2024-01-03 20:42:00,add_to_cart
E015099,C01888,2025-06-27 07:05:00,page_view
E015100,C01888,2023-09-13 01:59:00,search
E015101,C01888,2024-10-17 02:29:00,app_open
E015102,C01888,2023-02-16 17:29:00,page_view
E015103,C01888,2024-11-01 16:13:00,page_view
E015104,C01888,2023-07-05 02:36:00,search
E015105,C01889,2025-02-26 17:57:00,page_view
E015106,C01889,2023-06-07 11:31:00,page_view
E015107,C01889,2024-03-01 12:32:00,page_view
E015108,C01889,2024-06-25 21:54:00,app_open
E015109,C01889,2023-05-10 08:14:00,add_to_cart
E015110,C01889,2024-11-06 23:31:00,search
E015111,C01889,2024-06-21 11:10:00,page_view
E015112,C01889,2024-03-24 08:23:00,search
E015113,C01890,2023-03-01 14:48:00,app_open
E015114,C01890,2024-09-22 12:45:00,add_to_cart
E015115,C01890,2025-09-03 21:54:00,page_view
E015116,C01890,2025-12-24 16:59:00,search
E015117,C01890,2025-02-18 03:43:00,app_open
E015118,C01890,2025-08-21 00:14:00,add_to_cart
E015119,C01890,2024-11-28 10:59:00,page_view
E015120,C01890,2024-09-20 08:17:00,app_open
E015121,C01891,2023-07-28 04:50:00,search
E015122,C01891,2025-07-09 09:39:00,add_to_cart
E015123,C01891,2025-12-02 18:25:00,app_open
E015124,C01891,2023-12-20 07:07:00,search
E015125,C01891,2025-05-31 15:01:00,app_open
E015126,C01891,2024-08-13 03:43:00,page_view
E015127,C01891,2023-10-29 02:46:00,search
E015128,C01891,2025-02-24 05:48:00,add_to_cart
E015129,C01892,2025-09-29 04:28:00,add_to_cart
E015130,C01892,2024-05-06 06:07:00,search
E015131,C01892,2024-06-27 07:59:00,add_to_cart
E015132,C01892,2024-09-14 18:48:00,app_open
E015133,C01892,2023-05-20 00:34:00,add_to_cart
E015134,C01892,2025-11-25 20:15:00,page_view
E015135,C01892,2025-07-25 11:48:00,app_open
E015136,C01892,2024-11-30 15:48:00,search
E015137,C01893,2025-10-08 18:12:00,app_open
E015138,C01893,2023-04-25 11:13:00,app_open
E015139,C01893,2025-07-10 11:51:00,app_open
E015140,C01893,2025-12-07 17:49:00,add_to_cart
E015141,C01893,2024-07-21 21:52:00,add_to_cart
E015142,C01893,2024-10-05 16:16:00,search
E015143,C01893,2025-10-08 22:25:00,page_view
E015144,C01893,2025-04-16 04:35:00,page_view
E015145,C01894,2024-09-16 05:31:00,add_to_cart
E015146,C01894,2025-12-17 10:23:00,search
E015147,C01894,2024-12-16 01:37:00,search
E015148,C01894,2025-04-09 06:14:00,page_view
E015149,C01894,2025-01-24 17:37:00,add_to_cart
E015150,C01894,2023-04-30 15:45:00,app_open
E015151,C01894,2025-03-21 07:46:00,search
E015152,C01894,2025-11-06 22:12:00,add_to_cart
E015153,C01895,2024-02-11 00:22:00,search
E015154,C01895,2023-03-20 08:32:00,add_to_cart
E015155,C01895,2023-02-13 13:54:00,add_to_cart
E015156,C01895,2023-03-04 00:04:00,add_to_cart
E015157,C01895,2023-02-24 08:39:00,add_to_cart
E015158,C01895,2025-08-28 19:53:00,page_view
E015159,C01895,2024-01-23 21:08:00,page_view
E015160,C01895,2024-02-11 22:33:00,search
E015161,C01896,2025-01-08 10:50:00,app_open
E015162,C01896,2023-03-13 06:02:00,page_view
E015163,C01896,2024-08-01 08:11:00,search
E015164,C01896,2025-11-12 02:29:00,search
E015165,C01896,2023-09-18 18:33:00,app_open
E015166,C01896,2023-08-11 23:10:00,app_open
E015167,C01896,2023-04-05 20:10:00,app_open
E015168,C01896,2023-10-11 01:23:00,search
E015169,C01897,2025-11-11 13:41:00,search
E015170,C01897,2023-07-08 12:38:00,app_open
E015171,C01897,2023-08-20 09:24:00,page_view
E015172,C01897,2023-09-03 14:39:00,add_to_cart
E015173,C01897,2023-11-15 23:22:00,search
E015174,C01897,2025-05-08 02:15:00,page_view
E015175,C01897,2024-09-23 10:29:00,app_open
E015176,C01897,2023-06-05 12:04:00,add_to_cart
E015177,C01898,2024-10-22 03:16:00,page_view
E015178,C01898,2023-11-25 10:40:00,app_open
E015179,C01898,2024-02-06 22:00:00,page_view
E015180,C01898,2025-07-17 20:52:00,page_view
E015181,C01898,2024-12-10 01:36:00,page_view
E015182,C01898,2023-02-26 20:42:00,app_open
E015183,C01898,2025-02-11 01:40:00,page_view
E015184,C01898,2023-10-03 18:39:00,app_open
E015185,C01899,2023-08-03 05:48:00,add_to_cart
E015186,C01899,2025-05-31 00:59:00,add_to_cart
E015187,C01899,2024-07-06 01:05:00,search
E015188,C01899,2023-08-24 07:54:00,add_to_cart
E015189,C01899,2025-09-08 07:56:00,page_view
E015190,C01899,2025-12-25 21:26:00,page_view
E015191,C01899,2023-07-14 10:55:00,app_open
E015192,C01899,2025-09-18 10:10:00,app_open
E015193,C01900,2023-03-01 19:23:00,add_to_cart
E015194,C01900,2024-02-05 06:34:00,page_view
E015195,C01900,2023-11-29 20:05:00,app_open
E015196,C01900,2023-03-04 05:12:00,add_to_cart
E015197,C01900,2025-02-12 19:12:00,app_open
E015198,C01900,2024-04-30 03:34:00,add_to_cart
E015199,C01900,2023-03-03 16:23:00,page_view
E015200,C01900,2023-10-02 13:23:00,page_view
E015201,C01901,2025-09-21 12:36:00,app_open
E015202,C01901,2025-11-28 17:50:00,app_open
E015203,C01901,2023-11-01 22:16:00,add_to_cart
E015204,C01901,2025-07-11 09:08:00,page_view
E015205,C01901,2024-05-09 13:26:00,app_open
E015206,C01901,2024-02-02 21:22:00,search
E015207,C01901,2025-10-03 15:49:00,app_open
E015208,C01901,2025-03-29 21:50:00,page_view
E015209,C01902,2025-09-02 23:32:00,app_open
E015210,C01902,2024-10-26 10:16:00,add_to_cart
E015211,C01902,2023-09-15 15:31:00,page_view
E015212,C01902,2023-02-08 00:19:00,add_to_cart
E015213,C01902,2024-12-28 13:28:00,page_view
E015214,C01902,2024-10-16 20:12:00,search
E015215,C01902,2023-08-23 12:21:00,app_open
E015216,C01902,2025-01-13 18:17:00,search
E015217,C01903,2023-09-19 21:41:00,page_view
E015218,C01903,2025-12-15 17:52:00,page_view
E015219,C01903,2023-09-19 22:24:00,page_view
E015220,C01903,2025-11-02 02:19:00,add_to_cart
E015221,C01903,2025-09-13 12:54:00,search
E015222,C01903,2025-04-20 12:46:00,add_to_cart
E015223,C01903,2024-12-21 17:01:00,search
E015224,C01903,2025-02-04 10:11:00,add_to_cart
E015225,C01904,2025-01-30 16:00:00,add_to_cart
E015226,C01904,2025-07-08 18:37:00,app_open
E015227,C01904,2024-11-24 06:11:00,search
E015228,C01904,2024-04-26 09:38:00,page_view
E015229,C01904,2024-12-06 12:42:00,add_to_cart
E015230,C01904,2023-02-01 10:21:00,search
E015231,C01904,2023-07-09 18:46:00,app_open
E015232,C01904,2023-05-29 02:58:00,app_open
E015233,C01905,2025-01-10 00:46:00,search
E015234,C01905,2025-09-02 04:45:00,search
E015235,C01905,2023-09-15 20:16:00,page_view
E015236,C01905,2024-05-27 03:59:00,page_view
E015237,C01905,2025-07-26 01:30:00,page_view
E015238,C01905,2025-05-06 17:36:00,search
E015239,C01905,2023-03-06 06:02:00,page_view
E015240,C01905,2025-02-17 03:41:00,page_view
E015241,C01906,2025-01-18 17:16:00,app_open
E015242,C01906,2023-06-14 17:48:00,add_to_cart
E015243,C01906,2024-04-21 14:40:00,app_open
E015244,C01906,2025-09-16 19:32:00,search
E015245,C01906,2025-03-31 14:44:00,page_view
E015246,C01906,2024-12-21 23:08:00,search
E015247,C01906,2025-07-12 22:06:00,page_view
E015248,C01906,2023-09-24 05:28:00,add_to_cart
E015249,C01907,2025-02-11 18:50:00,add_to_cart
E015250,C01907,2024-03-25 09:33:00,app_open
E015251,C01907,2025-11-10 20:02:00,page_view
E015252,C01907,2023-03-07 14:04:00,search
E015253,C01907,2025-04-29 07:16:00,page_view
E015254,C01907,2024-09-27 08:01:00,page_view
E015255,C01907,2024-01-22 08:32:00,page_view
E015256,C01907,2025-09-11 22:28:00,add_to_cart
E015257,C01908,2023-12-27 23:23:00,app_open
E015258,C01908,2023-12-12 14:28:00,search
E015259,C01908,2024-11-15 00:20:00,search
E015260,C01908,2024-01-10 20:56:00,add_to_cart
E015261,C01908,2025-09-15 21:43:00,search
E015262,C01908,2025-02-22 11:37:00,search
E015263,C01908,2024-04-30 09:02:00,page_view
E015264,C01908,2023-10-18 08:18:00,search
E015265,C01909,2023-06-10 16:11:00,page_view
E015266,C01909,2023-04-25 02:54:00,add_to_cart
E015267,C01909,2025-05-06 00:03:00,app_open
E015268,C01909,2023-12-31 16:41:00,page_view
E015269,C01909,2025-01-10 12:50:00,add_to_cart
E015270,C01909,2023-03-27 18:22:00,app_open
E015271,C01909,2025-07-14 18:03:00,search
E015272,C01909,2025-06-14 19:03:00,page_view
E015273,C01910,2024-10-02 10:36:00,add_to_cart
E015274,C01910,2024-01-12 00:54:00,page_view
E015275,C01910,2023-04-27 06:27:00,page_view
E015276,C01910,2025-10-21 23:08:00,app_open
E015277,C01910,2024-03-06 16:37:00,search
E015278,C01910,2024-12-15 13:16:00,add_to_cart
E015279,C01910,2025-03-04 15:04:00,app_open
E015280,C01910,2025-12-05 17:58:00,page_view
E015281,C01911,2025-03-26 21:02:00,search
E015282,C01911,2023-07-25 19:40:00,search
E015283,C01911,2025-12-09 16:22:00,page_view
E015284,C01911,2025-06-19 21:59:00,add_to_cart
E015285,C01911,2024-02-29 04:34:00,page_view
E015286,C01911,2025-12-02 08:56:00,add_to_cart
E015287,C01911,2023-02-13 13:11:00,search
E015288,C01911,2024-10-20 17:35:00,app_open
E015289,C01912,2025-04-16 20:58:00,search
E015290,C01912,2023-08-05 05:07:00,search
E015291,C01912,2024-10-04 20:18:00,search
E015292,C01912,2024-08-20 15:11:00,add_to_cart
E015293,C01912,2023-02-17 11:55:00,app_open
E015294,C01912,2023-08-19 17:23:00,search
E015295,C01912,2023-11-30 21:01:00,search
E015296,C01912,2024-12-23 05:23:00,add_to_cart
E015297,C01913,2025-10-15 22:43:00,app_open
E015298,C01913,2024-09-30 07:48:00,page_view
E015299,C01913,2024-02-23 17:40:00,add_to_cart
E015300,C01913,2025-09-02 20:28:00,add_to_cart
E015301,C01913,2023-08-14 15:53:00,page_view
E015302,C01913,2023-04-26 16:02:00,app_open
E015303,C01913,2023-05-26 13:31:00,app_open
E015304,C01913,2024-12-11 10:05:00,app_open
E015305,C01914,2023-11-30 12:21:00,search
E015306,C01914,2024-09-16 20:50:00,page_view
E015307,C01914,2024-05-05 02:47:00,search
E015308,C01914,2025-02-19 14:37:00,app_open
E015309,C01914,2023-07-04 11:56:00,search
E015310,C01914,2023-07-18 06:20:00,app_open
E015311,C01914,2023-10-26 11:45:00,add_to_cart
E015312,C01914,2023-12-01 21:13:00,search
E015313,C01915,2024-11-22 09:02:00,add_to_cart
E015314,C01915,2023-04-29 17:09:00,add_to_cart
E015315,C01915,2024-09-16 22:06:00,add_to_cart
E015316,C01915,2024-05-22 16:03:00,page_view
E015317,C01915,2023-02-25 18:47:00,page_view
E015318,C01915,2023-04-09 04:30:00,search
E015319,C01915,2025-11-04 15:37:00,search
E015320,C01915,2025-01-02 18:50:00,add_to_cart
E015321,C01916,2025-03-28 09:41:00,app_open
E015322,C01916,2025-07-20 12:02:00,page_view
E015323,C01916,2023-09-12 09:41:00,app_open
E015324,C01916,2024-03-14 14:19:00,page_view
E015325,C01916,2024-01-01 08:40:00,search
E015326,C01916,2023-04-02 12:54:00,app_open
E015327,C01916,2025-10-26 04:03:00,app_open
E015328,C01916,2024-05-29 14:36:00,search
E015329,C01917,2023-12-15 10:29:00,search
E015330,C01917,2025-09-27 02:43:00,search
E015331,C01917,2023-09-24 05:58:00,page_view
E015332,C01917,2023-07-22 09:28:00,search
E015333,C01917,2025-09-14 23:51:00,search
E015334,C01917,2025-08-18 17:55:00,add_to_cart
E015335,C01917,2024-11-23 17:04:00,search
E015336,C01917,2025-02-10 04:56:00,page_view
E015337,C01918,2024-12-29 17:17:00,page_view
E015338,C01918,2023-09-22 20:43:00,search
E015339,C01918,2023-07-16 17:46:00,page_view
E015340,C01918,2024-11-04 13:32:00,search
E015341,C01918,2023-05-23 18:04:00,search
E015342,C01918,2024-09-23 11:46:00,add_to_cart
E015343,C01918,2024-05-04 22:09:00,page_view
E015344,C01918,2023-02-20 23:11:00,search
E015345,C01919,2025-06-20 18:48:00,search
E015346,C01919,2023-12-15 02:08:00,app_open
E015347,C01919,2024-08-02 23:08:00,page_view
E015348,C01919,2025-06-23 19:41:00,page_view
E015349,C01919,2024-01-08 12:01:00,add_to_cart
E015350,C01919,2025-02-09 03:29:00,page_view
E015351,C01919,2023-02-02 15:05:00,search
E015352,C01919,2025-04-11 15:53:00,page_view
E015353,C01920,2023-12-16 02:45:00,add_to_cart
E015354,C01920,2023-08-18 10:11:00,page_view
E015355,C01920,2023-11-21 18:58:00,add_to_cart
E015356,C01920,2024-12-31 06:51:00,search
E015357,C01920,2023-02-10 15:10:00,app_open
E015358,C01920,2024-05-20 22:14:00,page_view
E015359,C01920,2025-11-21 19:09:00,add_to_cart
E015360,C01920,2025-05-20 14:54:00,add_to_cart
E015361,C01921,2025-10-02 19:49:00,add_to_cart
E015362,C01921,2023-08-17 03:13:00,app_open
E015363,C01921,2024-03-09 12:54:00,app_open
E015364,C01921,2024-06-27 18:22:00,search
E015365,C01921,2024-07-26 23:36:00,search
E015366,C01921,2024-09-14 15:35:00,app_open
E015367,C01921,2023-03-22 12:22:00,page_view
E015368,C01921,2025-08-30 10:43:00,page_view
E015369,C01922,2024-05-05 08:52:00,add_to_cart
E015370,C01922,2023-12-25 19:44:00,search
E015371,C01922,2025-03-11 09:02:00,add_to_cart
E015372,C01922,2025-02-03 17:34:00,search
E015373,C01922,2025-07-08 14:18:00,app_open
E015374,C01922,2024-04-13 10:56:00,page_view
E015375,C01922,2023-05-31 10:56:00,app_open
E015376,C01922,2024-11-30 17:47:00,app_open
E015377,C01923,2023-12-22 06:05:00,add_to_cart
E015378,C01923,2024-06-29 22:51:00,add_to_cart
E015379,C01923,2023-07-24 21:51:00,search
E015380,C01923,2025-07-02 08:08:00,search
E015381,C01923,2024-10-06 03:22:00,app_open
E015382,C01923,2025-07-23 01:58:00,search
E015383,C01923,2024-07-11 03:41:00,search
E015384,C01923,2025-07-25 08:17:00,page_view
E015385,C01924,2023-12-22 08:27:00,search
E015386,C01924,2023-07-17 22:49:00,page_view
E015387,C01924,2024-01-19 05:29:00,page_view
E015388,C01924,2023-03-07 09:26:00,add_to_cart
E015389,C01924,2023-04-19 22:01:00,add_to_cart
E015390,C01924,2025-12-01 03:27:00,app_open
E015391,C01924,2025-01-22 10:02:00,page_view
E015392,C01924,2023-02-03 06:52:00,add_to_cart
E015393,C01925,2023-04-05 05:10:00,app_open
E015394,C01925,2025-06-11 21:59:00,page_view
E015395,C01925,2025-03-14 07:57:00,add_to_cart
E015396,C01925,2025-10-29 15:23:00,page_view
E015397,C01925,2025-08-28 02:17:00,search
E015398,C01925,2025-03-22 19:22:00,app_open
E015399,C01925,2025-07-20 19:52:00,page_view
E015400,C01925,2023-05-09 17:07:00,add_to_cart
E015401,C01926,2024-11-02 10:09:00,app_open
E015402,C01926,2024-07-25 04:53:00,add_to_cart
E015403,C01926,2025-04-22 04:27:00,search
E015404,C01926,2025-07-17 13:16:00,app_open
E015405,C01926,2024-01-02 20:54:00,add_to_cart
E015406,C01926,2023-07-11 16:09:00,add_to_cart
E015407,C01926,2025-09-30 18:19:00,page_view
E015408,C01926,2024-06-20 00:27:00,app_open
E015409,C01927,2025-05-26 14:21:00,page_view
E015410,C01927,2025-09-03 10:06:00,search
E015411,C01927,2025-04-20 23:57:00,add_to_cart
E015412,C01927,2023-12-19 08:44:00,page_view
E015413,C01927,2024-10-14 06:45:00,add_to_cart
E015414,C01927,2024-04-29 08:05:00,page_view
E015415,C01927,2025-01-02 02:00:00,app_open
E015416,C01927,2023-07-05 20:51:00,add_to_cart
E015417,C01928,2025-05-31 20:54:00,search
E015418,C01928,2023-06-09 22:55:00,app_open
E015419,C01928,2024-04-26 16:04:00,page_view
E015420,C01928,2025-06-29 04:27:00,search
E015421,C01928,2023-09-24 23:20:00,page_view
E015422,C01928,2025-12-08 14:52:00,search
E015423,C01928,2023-04-15 12:28:00,add_to_cart
E015424,C01928,2025-04-02 01:14:00,search
E015425,C01929,2025-12-04 14:20:00,app_open
E015426,C01929,2023-06-22 09:45:00,add_to_cart
E015427,C01929,2025-06-01 01:02:00,add_to_cart
E015428,C01929,2025-10-25 07:12:00,app_open
E015429,C01929,2024-07-17 18:58:00,page_view
E015430,C01929,2024-01-15 04:28:00,app_open
E015431,C01929,2023-05-06 10:22:00,search
E015432,C01929,2025-04-22 08:37:00,search
E015433,C01930,2024-07-23 19:23:00,page_view
E015434,C01930,2025-01-23 13:00:00,app_open
E015435,C01930,2024-04-04 18:47:00,page_view
E015436,C01930,2025-11-27 08:35:00,app_open
E015437,C01930,2024-02-14 04:00:00,add_to_cart
E015438,C01930,2025-01-17 01:00:00,page_view
E015439,C01930,2024-04-08 03:57:00,add_to_cart
E015440,C01930,2025-03-30 22:16:00,add_to_cart
E015441,C01931,2023-10-18 12:53:00,add_to_cart
E015442,C01931,2024-02-16 20:20:00,add_to_cart
E015443,C01931,2024-02-06 23:57:00,page_view
E015444,C01931,2025-06-01 08:13:00,add_to_cart
E015445,C01931,2023-08-09 14:12:00,app_open
E015446,C01931,2025-03-11 23:15:00,add_to_cart
E015447,C01931,2023-06-22 22:04:00,add_to_cart
E015448,C01931,2023-03-08 06:19:00,add_to_cart
E015449,C01932,2024-08-26 19:44:00,add_to_cart
E015450,C01932,2024-06-14 12:53:00,app_open
E015451,C01932,2023-07-04 13:44:00,search
E015452,C01932,2024-10-02 13:32:00,page_view
E015453,C01932,2023-07-23 07:23:00,page_view
E015454,C01932,2023-01-09 14:33:00,app_open
E015455,C01932,2023-04-05 09:16:00,page_view
E015456,C01932,2023-05-14 19:40:00,search
E015457,C01933,2023-03-22 17:39:00,search
E015458,C01933,2025-06-15 00:34:00,search
E015459,C01933,2023-04-17 15:30:00,page_view
E015460,C01933,2025-03-11 02:58:00,page_view
E015461,C01933,2023-12-25 08:39:00,search
E015462,C01933,2024-08-04 15:59:00,search
E015463,C01933,2023-12-02 09:05:00,app_open
E015464,C01933,2024-05-11 00:16:00,page_view
E015465,C01934,2023-09-24 03:11:00,app_open
E015466,C01934,2024-04-15 13:38:00,page_view
E015467,C01934,2023-07-07 23:56:00,app_open
E015468,C01934,2024-03-22 15:08:00,page_view
E015469,C01934,2025-01-29 19:11:00,search
E015470,C01934,2023-07-07 18:18:00,app_open
E015471,C01934,2023-06-16 16:34:00,add_to_cart
E015472,C01934,2025-03-12 20:39:00,app_open
E015473,C01935,2023-01-31 04:10:00,search
E015474,C01935,2023-10-07 20:26:00,app_open
E015475,C01935,2023-11-23 12:58:00,app_open
E015476,C01935,2023-11-29 05:05:00,page_view
E015477,C01935,2024-07-10 13:59:00,page_view
E015478,C01935,2024-02-29 01:35:00,add_to_cart
E015479,C01935,2023-04-20 15:50:00,page_view
E015480,C01935,2024-04-29 19:00:00,app_open
E015481,C01936,2024-02-06 05:16:00,app_open
E015482,C01936,2025-07-01 23:45:00,page_view
E015483,C01936,2023-05-02 03:39:00,page_view
E015484,C01936,2023-12-01 00:35:00,search
E015485,C01936,2023-04-06 20:44:00,search
E015486,C01936,2025-07-26 02:23:00,app_open
E015487,C01936,2023-04-10 14:41:00,app_open
E015488,C01936,2025-04-16 15:15:00,search
E015489,C01937,2025-12-26 21:27:00,page_view
E015490,C01937,2023-12-30 11:23:00,search
E015491,C01937,2023-08-24 22:17:00,search
E015492,C01937,2024-01-06 09:00:00,app_open
E015493,C01937,2023-11-17 14:22:00,search
E015494,C01937,2025-02-25 18:23:00,app_open
E015495,C01937,2023-08-16 17:42:00,page_view
E015496,C01937,2023-05-17 13:47:00,app_open
E015497,C01938,2023-11-07 10:09:00,add_to_cart
E015498,C01938,2025-09-24 05:51:00,search
E015499,C01938,2024-07-04 02:35:00,page_view
E015500,C01938,2025-08-17 17:05:00,add_to_cart
E015501,C01938,2024-04-15 05:42:00,app_open
E015502,C01938,2023-09-17 04:07:00,add_to_cart
E015503,C01938,2023-01-18 08:15:00,add_to_cart
E015504,C01938,2024-10-30 14:47:00,add_to_cart
E015505,C01939,2024-03-04 22:53:00,add_to_cart
E015506,C01939,2025-12-11 13:51:00,search
E015507,C01939,2023-08-13 01:06:00,app_open
E015508,C01939,2024-09-03 18:47:00,search
E015509,C01939,2023-06-24 02:18:00,add_to_cart
E015510,C01939,2024-02-15 18:39:00,page_view
E015511,C01939,2025-07-20 11:47:00,page_view
E015512,C01939,2025-03-09 16:43:00,page_view
E015513,C01940,2025-03-24 18:10:00,search
E015514,C01940,2024-10-16 03:57:00,app_open
E015515,C01940,2023-02-12 17:01:00,search
E015516,C01940,2023-10-19 06:54:00,app_open
E015517,C01940,2024-10-27 16:55:00,search
E015518,C01940,2024-01-05 15:40:00,search
E015519,C01940,2025-11-02 05:55:00,search
E015520,C01940,2025-09-02 23:05:00,app_open
E015521,C01941,2023-08-21 03:39:00,add_to_cart
E015522,C01941,2025-10-04 07:36:00,app_open
E015523,C01941,2024-01-18 06:46:00,add_to_cart
E015524,C01941,2023-12-05 15:51:00,add_to_cart
E015525,C01941,2024-08-20 16:01:00,page_view
E015526,C01941,2025-05-08 08:16:00,page_view
E015527,C01941,2023-04-15 23:28:00,search
E015528,C01941,2024-07-19 00:41:00,app_open
E015529,C01942,2023-04-23 15:11:00,page_view
E015530,C01942,2024-05-22 20:27:00,app_open
E015531,C01942,2024-01-14 02:57:00,search
E015532,C01942,2023-06-09 07:48:00,add_to_cart
E015533,C01942,2025-06-29 15:29:00,page_view
E015534,C01942,2024-08-12 23:53:00,add_to_cart
E015535,C01942,2025-02-20 05:19:00,add_to_cart
E015536,C01942,2025-06-29 04:24:00,page_view
E015537,C01943,2025-08-03 12:41:00,page_view
E015538,C01943,2025-07-19 20:10:00,app_open
E015539,C01943,2025-03-03 05:21:00,search
E015540,C01943,2025-03-28 02:02:00,search
E015541,C01943,2023-03-30 11:56:00,page_view
E015542,C01943,2025-03-19 04:54:00,app_open
E015543,C01943,2023-05-29 23:35:00,page_view
E015544,C01943,2025-03-06 22:06:00,search
E015545,C01944,2023-07-05 01:29:00,add_to_cart
E015546,C01944,2025-12-20 18:48:00,app_open
E015547,C01944,2023-07-19 11:57:00,app_open
E015548,C01944,2025-07-22 08:48:00,app_open
E015549,C01944,2024-04-26 05:21:00,page_view
E015550,C01944,2025-10-30 21:31:00,search
E015551,C01944,2025-10-11 16:53:00,search
E015552,C01944,2024-10-14 12:43:00,add_to_cart
E015553,C01945,2025-04-27 11:04:00,search
E015554,C01945,2024-02-02 01:03:00,add_to_cart
E015555,C01945,2025-12-31 23:04:00,add_to_cart
E015556,C01945,2025-06-13 09:03:00,search
E015557,C01945,2024-05-04 22:51:00,page_view
E015558,C01945,2023-10-06 14:04:00,app_open
E015559,C01945,2025-01-01 03:07:00,add_to_cart
E015560,C01945,2025-07-30 10:25:00,page_view
E015561,C01946,2023-07-25 11:44:00,app_open
E015562,C01946,2025-02-11 19:05:00,app_open
E015563,C01946,2024-07-04 18:41:00,page_view
E015564,C01946,2023-09-06 03:03:00,add_to_cart
E015565,C01946,2023-01-10 14:16:00,search
E015566,C01946,2023-04-30 15:51:00,page_view
E015567,C01946,2023-03-26 21:23:00,search
E015568,C01946,2024-12-04 15:14:00,add_to_cart
E015569,C01947,2025-06-28 05:23:00,add_to_cart
E015570,C01947,2024-12-28 07:42:00,search
E015571,C01947,2024-02-01 00:41:00,add_to_cart
E015572,C01947,2024-03-07 22:10:00,app_open
E015573,C01947,2025-11-06 14:47:00,add_to_cart
E015574,C01947,2024-11-06 14:56:00,search
E015575,C01947,2025-05-30 12:32:00,page_view
E015576,C01947,2024-02-11 16:37:00,app_open
E015577,C01948,2023-10-18 21:39:00,add_to_cart
E015578,C01948,2025-06-15 06:33:00,add_to_cart
E015579,C01948,2025-10-08 07:59:00,page_view
E015580,C01948,2024-12-23 11:06:00,page_view
E015581,C01948,2024-05-24 20:24:00,app_open
E015582,C01948,2025-06-06 22:29:00,page_view
E015583,C01948,2025-05-24 00:53:00,add_to_cart
E015584,C01948,2025-10-04 08:53:00,app_open
E015585,C01949,2025-12-09 17:48:00,page_view
E015586,C01949,2023-01-04 06:45:00,app_open
E015587,C01949,2024-12-03 18:43:00,app_open
E015588,C01949,2024-03-16 20:08:00,search
E015589,C01949,2023-02-16 07:28:00,page_view
E015590,C01949,2023-07-22 17:10:00,page_view
E015591,C01949,2023-11-23 15:03:00,add_to_cart
E015592,C01949,2024-11-27 14:40:00,add_to_cart
E015593,C01950,2023-05-20 01:25:00,add_to_cart
E015594,C01950,2024-10-09 23:39:00,search
E015595,C01950,2024-01-29 04:04:00,page_view
E015596,C01950,2024-07-04 01:04:00,app_open
E015597,C01950,2025-05-28 16:30:00,add_to_cart
E015598,C01950,2024-12-16 16:49:00,add_to_cart
E015599,C01950,2023-11-14 03:37:00,search
E015600,C01950,2025-11-19 13:32:00,search
E015601,C01951,2023-07-09 06:31:00,search
E015602,C01951,2024-11-07 19:46:00,app_open
E015603,C01951,2025-10-31 20:22:00,search
E015604,C01951,2025-02-06 16:55:00,search
E015605,C01951,2023-07-03 04:18:00,app_open
E015606,C01951,2024-09-15 14:33:00,add_to_cart
E015607,C01951,2025-12-21 20:53:00,add_to_cart
E015608,C01951,2024-12-16 16:48:00,page_view
E015609,C01952,2023-06-05 17:08:00,search
E015610,C01952,2024-09-11 11:35:00,search
E015611,C01952,2023-09-11 12:05:00,page_view
E015612,C01952,2025-01-28 16:27:00,search
E015613,C01952,2023-08-16 15:22:00,app_open
E015614,C01952,2025-10-17 01:44:00,add_to_cart
E015615,C01952,2025-05-06 16:43:00,app_open
E015616,C01952,2024-05-29 14:37:00,app_open
E015617,C01953,2024-06-12 02:03:00,page_view
E015618,C01953,2024-05-24 09:35:00,app_open
E015619,C01953,2025-01-20 09:51:00,app_open
E015620,C01953,2025-06-12 04:19:00,search
E015621,C01953,2024-02-14 19:27:00,add_to_cart
E015622,C01953,2024-08-21 01:35:00,app_open
E015623,C01953,2023-01-26 17:08:00,search
E015624,C01953,2025-12-11 15:20:00,add_to_cart
E015625,C01954,2024-12-27 16:36:00,search
E015626,C01954,2024-05-02 18:49:00,search
E015627,C01954,2024-09-27 15:58:00,add_to_cart
E015628,C01954,2025-03-25 15:55:00,app_open
E015629,C01954,2023-06-09 00:15:00,search
E015630,C01954,2025-10-03 00:08:00,search
E015631,C01954,2023-02-25 01:27:00,page_view
E015632,C01954,2024-07-11 02:28:00,add_to_cart
E015633,C01955,2024-09-04 23:44:00,app_open
E015634,C01955,2024-01-30 22:45:00,search
E015635,C01955,2025-01-19 03:23:00,add_to_cart
E015636,C01955,2025-11-17 06:55:00,page_view
E015637,C01955,2025-11-07 15:26:00,app_open
E015638,C01955,2023-01-20 13:24:00,add_to_cart
E015639,C01955,2024-04-18 22:20:00,page_view
E015640,C01955,2024-11-03 11:37:00,search
E015641,C01956,2024-12-15 13:19:00,app_open
E015642,C01956,2023-03-29 08:08:00,page_view
E015643,C01956,2024-10-08 11:05:00,page_view
E015644,C01956,2025-11-03 11:22:00,page_view
E015645,C01956,2025-05-29 16:05:00,search
E015646,C01956,2025-04-04 17:59:00,add_to_cart
E015647,C01956,2025-12-10 03:11:00,search
E015648,C01956,2023-05-13 15:45:00,search
E015649,C01957,2023-04-10 11:42:00,search
E015650,C01957,2023-09-30 21:53:00,page_view
E015651,C01957,2025-07-23 21:08:00,page_view
E015652,C01957,2023-12-03 19:55:00,add_to_cart
E015653,C01957,2023-08-03 21:29:00,add_to_cart
E015654,C01957,2025-08-19 14:04:00,search
E015655,C01957,2025-05-26 03:25:00,add_to_cart
E015656,C01957,2025-07-10 00:08:00,search
E015657,C01958,2025-07-04 20:41:00,app_open
E015658,C01958,2024-03-04 19:30:00,app_open
E015659,C01958,2025-01-12 01:37:00,add_to_cart
E015660,C01958,2025-03-13 00:07:00,app_open
E015661,C01958,2025-06-10 20:13:00,add_to_cart
E015662,C01958,2025-03-27 08:41:00,app_open
E015663,C01958,2023-11-29 10:10:00,app_open
E015664,C01958,2025-08-03 17:41:00,add_to_cart
E015665,C01959,2025-12-29 07:36:00,search
E015666,C01959,2025-04-05 09:04:00,page_view
E015667,C01959,2025-08-02 21:41:00,page_view
E015668,C01959,2024-06-02 17:06:00,app_open
E015669,C01959,2025-02-10 19:53:00,page_view
E015670,C01959,2025-12-05 17:35:00,search
E015671,C01959,2023-08-28 23:34:00,app_open
E015672,C01959,2023-12-21 01:09:00,add_to_cart
E015673,C01960,2024-10-10 16:20:00,search
E015674,C01960,2024-08-14 16:47:00,app_open
E015675,C01960,2023-09-06 22:23:00,page_view
E015676,C01960,2023-09-27 20:11:00,add_to_cart
E015677,C01960,2024-08-22 10:37:00,add_to_cart
E015678,C01960,2023-04-27 07:52:00,add_to_cart
E015679,C01960,2025-12-04 06:58:00,add_to_cart
E015680,C01960,2025-09-06 23:54:00,search
E015681,C01961,2025-01-30 16:56:00,app_open
E015682,C01961,2023-01-15 00:17:00,app_open
E015683,C01961,2024-11-13 01:39:00,add_to_cart
E015684,C01961,2025-04-08 11:37:00,page_view
E015685,C01961,2023-10-20 13:38:00,search
E015686,C01961,2023-01-20 02:56:00,page_view
E015687,C01961,2025-10-25 20:24:00,app_open
E015688,C01961,2023-04-05 21:13:00,app_open
E015689,C01962,2023-10-17 06:28:00,page_view
E015690,C01962,2023-04-11 00:06:00,add_to_cart
E015691,C01962,2023-09-05 19:58:00,app_open
E015692,C01962,2024-11-13 03:25:00,search
E015693,C01962,2024-08-16 18:56:00,app_open
E015694,C01962,2025-11-19 00:03:00,app_open
E015695,C01962,2025-06-12 04:39:00,search
E015696,C01962,2024-04-30 18:01:00,add_to_cart
E015697,C01963,2025-07-26 19:34:00,app_open
E015698,C01963,2024-01-13 15:05:00,add_to_cart
E015699,C01963,2023-04-06 13:45:00,app_open
E015700,C01963,2023-06-19 15:23:00,add_to_cart
E015701,C01963,2023-09-09 06:29:00,page_view
E015702,C01963,2025-12-30 19:31:00,search
E015703,C01963,2023-11-10 08:19:00,app_open
E015704,C01963,2024-04-13 02:58:00,add_to_cart
E015705,C01964,2024-05-10 23:54:00,search
E015706,C01964,2023-01-09 16:00:00,search
E015707,C01964,2023-04-03 12:56:00,page_view
E015708,C01964,2024-02-13 15:53:00,add_to_cart
E015709,C01964,2024-02-22 04:42:00,page_view
E015710,C01964,2023-01-23 10:30:00,search
E015711,C01964,2024-04-08 04:43:00,add_to_cart
E015712,C01964,2023-08-06 01:02:00,search
E015713,C01965,2024-11-08 20:39:00,add_to_cart
E015714,C01965,2023-02-18 08:33:00,page_view
E015715,C01965,2023-08-14 01:51:00,app_open
E015716,C01965,2025-09-18 05:39:00,add_to_cart
E015717,C01965,2025-08-27 15:14:00,add_to_cart
E015718,C01965,2025-12-05 10:57:00,page_view
E015719,C01965,2025-07-20 01:05:00,app_open
E015720,C01965,2023-04-15 09:28:00,search
E015721,C01966,2025-04-10 07:57:00,page_view
E015722,C01966,2024-02-23 06:07:00,search
E015723,C01966,2023-05-14 00:21:00,app_open
E015724,C01966,2025-10-10 19:44:00,search
E015725,C01966,2024-02-26 15:58:00,page_view
E015726,C01966,2024-12-24 22:14:00,add_to_cart
E015727,C01966,2023-06-10 13:21:00,app_open
E015728,C01966,2023-10-16 15:40:00,search
E015729,C01967,2025-11-28 16:24:00,search
E015730,C01967,2024-10-29 10:01:00,app_open
E015731,C01967,2023-06-30 06:06:00,app_open
E015732,C01967,2025-11-29 20:22:00,search
E015733,C01967,2025-11-12 02:03:00,page_view
E015734,C01967,2025-03-28 02:51:00,page_view
E015735,C01967,2023-03-05 22:53:00,search
E015736,C01967,2024-10-29 02:44:00,app_open
E015737,C01968,2024-11-26 07:56:00,search
E015738,C01968,2025-03-15 19:42:00,app_open
E015739,C01968,2023-11-01 00:45:00,page_view
E015740,C01968,2023-02-23 19:32:00,app_open
E015741,C01968,2025-04-25 16:36:00,page_view
E015742,C01968,2025-08-12 20:35:00,app_open
E015743,C01968,2023-10-25 20:54:00,page_view
E015744,C01968,2025-07-30 20:51:00,search
E015745,C01969,2024-11-16 07:17:00,search
E015746,C01969,2025-11-09 09:08:00,app_open
E015747,C01969,2025-10-12 03:36:00,add_to_cart
E015748,C01969,2025-10-17 15:53:00,app_open
E015749,C01969,2024-05-29 20:12:00,page_view
E015750,C01969,2023-07-01 08:36:00,page_view
E015751,C01969,2024-05-14 20:00:00,app_open
E015752,C01969,2023-07-23 03:01:00,add_to_cart
E015753,C01970,2024-12-18 21:29:00,page_view
E015754,C01970,2023-02-20 23:28:00,page_view
E015755,C01970,2023-10-20 20:45:00,app_open
E015756,C01970,2024-11-27 16:44:00,app_open
E015757,C01970,2024-05-06 21:32:00,add_to_cart
E015758,C01970,2023-08-03 01:31:00,add_to_cart
E015759,C01970,2024-07-18 22:44:00,search
E015760,C01970,2024-02-21 21:41:00,add_to_cart
E015761,C01971,2025-02-10 22:52:00,search
E015762,C01971,2024-02-01 20:12:00,page_view
E015763,C01971,2025-08-29 19:51:00,search
E015764,C01971,2024-09-24 00:17:00,app_open
E015765,C01971,2025-08-19 08:58:00,page_view
E015766,C01971,2024-10-11 19:17:00,search
E015767,C01971,2024-06-21 17:14:00,page_view
E015768,C01971,2023-03-15 17:26:00,add_to_cart
E015769,C01972,2023-08-26 22:46:00,app_open
E015770,C01972,2024-04-08 16:51:00,add_to_cart
E015771,C01972,2024-02-26 04:23:00,add_to_cart
E015772,C01972,2023-07-26 06:51:00,page_view
E015773,C01972,2025-01-08 03:48:00,page_view
E015774,C01972,2023-04-10 13:42:00,app_open
E015775,C01972,2024-04-16 01:53:00,add_to_cart
E015776,C01972,2025-10-14 22:28:00,add_to_cart
E015777,C01973,2023-02-07 11:24:00,add_to_cart
E015778,C01973,2024-03-26 05:13:00,page_view
E015779,C01973,2024-12-08 13:39:00,add_to_cart
E015780,C01973,2023-08-17 03:18:00,search
E015781,C01973,2023-08-11 02:19:00,page_view
E015782,C01973,2023-04-24 19:02:00,search
E015783,C01973,2025-05-21 20:05:00,add_to_cart
E015784,C01973,2024-07-11 11:11:00,add_to_cart
E015785,C01974,2023-02-26 13:56:00,search
E015786,C01974,2024-06-08 22:50:00,search
E015787,C01974,2023-12-09 09:09:00,page_view
E015788,C01974,2024-11-20 16:17:00,app_open
E015789,C01974,2025-08-01 23:31:00,add_to_cart
E015790,C01974,2024-09-17 12:55:00,page_view
E015791,C01974,2023-01-15 07:42:00,app_open
E015792,C01974,2025-06-10 06:47:00,page_view
E015793,C01975,2024-03-13 03:25:00,search
E015794,C01975,2023-01-16 20:48:00,app_open
E015795,C01975,2025-06-11 02:33:00,add_to_cart
E015796,C01975,2024-03-07 18:26:00,page_view
E015797,C01975,2024-12-23 11:49:00,app_open
E015798,C01975,2023-04-19 08:30:00,page_view
E015799,C01975,2024-04-30 13:04:00,page_view
E015800,C01975,2023-09-13 00:46:00,add_to_cart
E015801,C01976,2023-08-16 09:48:00,add_to_cart
E015802,C01976,2024-12-27 11:26:00,page_view
E015803,C01976,2025-08-30 03:38:00,search
E015804,C01976,2024-12-17 07:27:00,page_view
E015805,C01976,2025-05-20 13:23:00,app_open
E015806,C01976,2024-06-23 19:12:00,add_to_cart
E015807,C01976,2024-05-07 07:23:00,search
E015808,C01976,2025-10-07 23:56:00,search
E015809,C01977,2024-03-22 02:26:00,add_to_cart
E015810,C01977,2024-06-18 12:52:00,add_to_cart
E015811,C01977,2023-12-18 23:46:00,app_open
E015812,C01977,2023-02-02 09:12:00,app_open
E015813,C01977,2024-11-02 01:09:00,app_open
E015814,C01977,2025-07-21 20:53:00,app_open
E015815,C01977,2024-06-16 05:44:00,search
E015816,C01977,2024-11-25 13:12:00,search
E015817,C01978,2024-12-30 23:41:00,add_to_cart
E015818,C01978,2024-05-26 20:05:00,search
E015819,C01978,2023-11-09 00:59:00,add_to_cart
E015820,C01978,2024-08-29 12:31:00,page_view
E015821,C01978,2025-05-04 13:23:00,page_view
E015822,C01978,2023-10-03 21:23:00,search
E015823,C01978,2025-10-31 02:17:00,app_open
E015824,C01978,2025-08-25 08:25:00,page_view
E015825,C01979,2024-11-02 21:45:00,add_to_cart
E015826,C01979,2023-01-10 20:53:00,page_view
E015827,C01979,2023-02-23 23:26:00,app_open
E015828,C01979,2024-05-23 19:45:00,search
E015829,C01979,2023-12-21 15:40:00,page_view
E015830,C01979,2024-12-07 09:26:00,app_open
E015831,C01979,2025-10-11 05:57:00,page_view
E015832,C01979,2024-10-08 12:17:00,search
E015833,C01980,2023-12-28 21:45:00,app_open
E015834,C01980,2024-12-12 09:36:00,add_to_cart
E015835,C01980,2024-04-29 18:25:00,search
E015836,C01980,2024-03-14 21:46:00,page_view
E015837,C01980,2024-07-23 02:57:00,add_to_cart
E015838,C01980,2025-08-27 16:15:00,app_open
E015839,C01980,2025-11-06 18:30:00,app_open
E015840,C01980,2024-06-20 16:45:00,add_to_cart
E015841,C01981,2023-07-25 15:59:00,search
E015842,C01981,2024-05-11 00:20:00,add_to_cart
E015843,C01981,2025-09-15 22:14:00,page_view
E015844,C01981,2025-09-03 05:03:00,page_view
E015845,C01981,2025-06-07 08:26:00,app_open
E015846,C01981,2023-01-29 13:30:00,search
E015847,C01981,2025-06-01 15:57:00,page_view
E015848,C01981,2025-03-27 22:56:00,search
E015849,C01982,2025-03-03 11:44:00,add_to_cart
E015850,C01982,2024-09-04 03:43:00,app_open
E015851,C01982,2023-07-28 23:05:00,search
E015852,C01982,2023-06-25 02:12:00,add_to_cart
E015853,C01982,2025-07-18 07:18:00,add_to_cart
E015854,C01982,2024-03-14 05:03:00,add_to_cart
E015855,C01982,2023-05-17 17:53:00,add_to_cart
E015856,C01982,2025-01-03 01:48:00,app_open
E015857,C01983,2024-02-17 03:01:00,page_view
E015858,C01983,2023-09-18 14:16:00,add_to_cart
E015859,C01983,2023-03-06 06:13:00,add_to_cart
E015860,C01983,2023-10-17 15:53:00,search
E015861,C01983,2025-12-31 08:40:00,app_open
E015862,C01983,2025-10-12 01:17:00,add_to_cart
E015863,C01983,2024-03-15 12:42:00,page_view
E015864,C01983,2025-08-28 10:41:00,search
E015865,C01984,2025-01-14 05:13:00,search
E015866,C01984,2024-09-11 22:19:00,page_view
E015867,C01984,2023-10-02 23:35:00,search
E015868,C01984,2025-10-15 13:54:00,search
E015869,C01984,2023-03-18 17:54:00,search
E015870,C01984,2025-10-25 03:47:00,page_view
E015871,C01984,2024-04-25 09:51:00,page_view
E015872,C01984,2025-08-19 06:57:00,search
E015873,C01985,2025-09-19 23:05:00,search
E015874,C01985,2025-04-06 01:32:00,page_view
E015875,C01985,2023-07-21 18:54:00,add_to_cart
E015876,C01985,2023-07-02 19:07:00,page_view
E015877,C01985,2024-01-12 03:48:00,app_open
E015878,C01985,2024-02-26 06:14:00,add_to_cart
E015879,C01985,2023-04-24 01:45:00,app_open
E015880,C01985,2024-08-23 15:21:00,page_view
E015881,C01986,2024-10-04 01:20:00,page_view
E015882,C01986,2024-09-05 14:13:00,add_to_cart
E015883,C01986,2024-09-27 03:16:00,app_open
E015884,C01986,2024-11-21 11:34:00,page_view
E015885,C01986,2025-04-14 02:21:00,search
E015886,C01986,2023-03-27 14:07:00,page_view
E015887,C01986,2024-11-21 10:49:00,app_open
E015888,C01986,2024-09-08 05:31:00,page_view
E015889,C01987,2023-06-12 21:22:00,app_open
E015890,C01987,2023-05-31 08:27:00,search
E015891,C01987,2024-12-01 20:56:00,page_view
E015892,C01987,2025-09-26 10:23:00,add_to_cart
E015893,C01987,2023-07-13 13:02:00,page_view
E015894,C01987,2023-07-28 21:32:00,add_to_cart
E015895,C01987,2024-11-10 23:05:00,search
E015896,C01987,2024-08-31 20:48:00,add_to_cart
